timestamp,elapsed_s,rank,gpu_index,utilization_gpu_pct,memory_used_mib
1787404424.0454636,0.035,0,0,22,1092
1787404425.071443,1.061,0,0,1,1092
1787404426.1011178,2.091,0,0,0,1092
1787404427.1288671,3.119,0,0,0,1144
1787404428.1601849,4.15,0,0,38,1690
1787404429.1941767,5.184,0,0,95,1706
1787404430.223539,6.213,0,0,100,1874
1787404431.2519224,7.242,0,0,100,1874
1787404432.2822618,8.272,0,0,100,1874
1787404433.3087864,9.299,0,0,100,1874
1787404434.3408353,10.331,0,0,100,1874
1787404435.3707905,11.361,0,0,100,1874
1787404436.4029155,12.393,0,0,100,1874
1787404437.4297404,13.419,0,0,97,1874
1787404438.4566169,14.446,0,0,100,1874
1787404439.4906032,15.48,0,0,100,1874
1787404440.5172057,16.507,0,0,100,1874
1787404441.5450778,17.535,0,0,100,1874
1787404442.5742328,18.564,0,0,99,1874
1787404443.602829,19.593,0,0,100,1874
1787404444.6308343,20.621,0,0,99,1874
1787404445.6591425,21.649,0,0,100,1874
1787404446.6899195,22.68,0,0,100,1946
1787404447.7200499,23.71,0,0,85,1946
1787404448.748952,24.739,0,0,100,1946
1787404449.7834635,25.773,0,0,100,1946
1787404450.8161278,26.806,0,0,100,1946
1787404451.8452609,27.835,0,0,100,1946
1787404452.8784568,28.868,0,0,100,1946
1787404453.9038384,29.894,0,0,100,1946
1787404454.9300423,30.92,0,0,100,1946
1787404455.9608014,31.951,0,0,100,1946
1787404456.9910438,32.981,0,0,99,1946
1787404458.0240045,34.014,0,0,100,1946
1787404459.0544667,35.044,0,0,100,1946
1787404460.080046,36.07,0,0,100,1946
1787404461.1097357,37.099,0,0,100,1946
1787404462.138668,38.128,0,0,100,1946
1787404463.1776764,39.167,0,0,100,1946
1787404464.2052546,40.195,0,0,100,1946
1787404465.233294,41.223,0,0,100,1946
1787404466.2633417,42.253,0,0,100,1946
1787404467.2887166,43.278,0,0,99,1946
1787404468.3222249,44.312,0,0,100,1946
1787404469.3493645,45.339,0,0,99,1946
1787404470.3806932,46.37,0,0,100,1946
1787404471.4062665,47.396,0,0,100,1946
1787404472.4344459,48.424,0,0,100,1946
1787404473.4718344,49.462,0,0,100,1946
1787404474.5015993,50.491,0,0,100,1946
1787404475.537943,51.528,0,0,100,1946
1787404476.5661707,52.556,0,0,99,1946
1787404477.5943198,53.584,0,0,100,1946
1787404478.6250925,54.615,0,0,100,1946
1787404479.6502857,55.64,0,0,100,1946
1787404480.679958,56.67,0,0,100,1946
1787404481.7073677,57.697,0,0,100,1946
1787404482.742749,58.732,0,0,100,1946
1787404483.7740238,59.764,0,0,100,1946
1787404484.8027275,60.792,0,0,100,1946
1787404485.8276465,61.817,0,0,99,1946
1787404486.8571167,62.847,0,0,100,1946
1787404487.8880847,63.878,0,0,100,1946
1787404488.917006,64.907,0,0,100,1946
1787404489.950351,65.94,0,0,100,1946
1787404490.9810126,66.971,0,0,99,1946
1787404492.0077813,67.998,0,0,100,1946
1787404493.0374389,69.027,0,0,100,1946
1787404494.0650709,70.055,0,0,100,1946
1787404495.0924165,71.082,0,0,100,1946
1787404496.124312,72.114,0,0,96,1946
1787404497.1525059,73.142,0,0,100,1946
1787404498.181701,74.171,0,0,100,1946
1787404499.2110915,75.201,0,0,100,1946
1787404500.2416105,76.231,0,0,100,1946
1787404501.268959,77.259,0,0,100,1946
1787404502.2988734,78.289,0,0,100,1946
1787404503.3255112,79.315,0,0,100,1946
1787404504.3519552,80.342,0,0,100,1946
1787404505.379281,81.369,0,0,100,1946
1787404506.4079545,82.398,0,0,99,1946
1787404507.4367633,83.426,0,0,100,1946
1787404508.4633958,84.453,0,0,100,1946
1787404509.4916356,85.481,0,0,100,1946
1787404510.5232098,86.513,0,0,100,1946
1787404511.5493872,87.539,0,0,100,1946
1787404512.5763774,88.566,0,0,100,1946
1787404513.6035745,89.593,0,0,100,1946
1787404514.6364806,90.626,0,0,99,1946
1787404515.6688955,91.659,0,0,100,1946
1787404516.6993442,92.689,0,0,100,1946
1787404517.7287102,93.718,0,0,99,1946
1787404518.7571175,94.747,0,0,100,1946
1787404519.7857003,95.775,0,0,100,1946
1787404520.8204594,96.81,0,0,100,1946
1787404521.8538907,97.844,0,0,100,1946
1787404522.884259,98.874,0,0,100,1946
1787404523.9176242,99.907,0,0,100,1946
1787404524.9463925,100.936,0,0,99,1946
1787404525.9787831,101.969,0,0,100,1946
1787404527.0073726,102.997,0,0,100,1946
1787404528.0388124,104.029,0,0,100,1946
1787404529.0711563,105.061,0,0,100,1946
1787404530.1054602,106.095,0,0,100,1946
1787404531.1392736,107.129,0,0,100,1946
1787404532.1697261,108.159,0,0,99,1946
1787404533.1989942,109.189,0,0,100,1946
1787404534.2303247,110.22,0,0,100,1946
1787404535.258249,111.248,0,0,99,1946
1787404536.2866197,112.276,0,0,100,1946
1787404537.3177447,113.307,0,0,100,1946
1787404538.3454347,114.335,0,0,100,1946
1787404539.3732064,115.363,0,0,100,1946
1787404540.3992238,116.389,0,0,100,1946
1787404541.4286773,117.418,0,0,100,1946
1787404542.4552898,118.445,0,0,100,1946
1787404543.484958,119.475,0,0,100,1946
1787404544.5150175,120.505,0,0,99,1946
1787404545.5438848,121.534,0,0,100,1946
1787404546.5698893,122.56,0,0,100,1946
1787404547.5976977,123.587,0,0,100,1946
1787404548.6287737,124.618,0,0,100,1946
1787404549.6564417,125.646,0,0,99,1946
1787404550.6826782,126.672,0,0,100,1946
1787404551.7089982,127.699,0,0,99,1946
1787404552.7378387,128.728,0,0,100,1946
1787404553.7674856,129.757,0,0,99,1946
1787404554.7948444,130.785,0,0,100,1946
1787404555.8202348,131.81,0,0,99,1946
1787404556.8467467,132.836,0,0,100,1946
1787404557.8880198,133.878,0,0,100,1946
1787404558.917021,134.907,0,0,100,1946
1787404559.9448705,135.935,0,0,100,1946
1787404560.9763837,136.966,0,0,99,1946
1787404562.0042007,137.994,0,0,100,1946
1787404563.0323906,139.022,0,0,100,1946
1787404564.059797,140.05,0,0,99,1946
1787404565.089995,141.08,0,0,100,1946
1787404566.1268697,142.117,0,0,99,1946
1787404567.1511745,143.141,0,0,100,1946
1787404568.182489,144.172,0,0,100,1946
1787404569.208917,145.199,0,0,100,1946
1787404570.2344737,146.224,0,0,100,1946
1787404571.2630615,147.253,0,0,99,1946
1787404572.2931695,148.283,0,0,100,1946
1787404573.3236794,149.313,0,0,99,1946
1787404574.354818,150.345,0,0,100,1946
1787404575.379799,151.37,0,0,100,1946
1787404576.4044168,152.394,0,0,100,1946
1787404577.4318922,153.422,0,0,100,1946
1787404578.456864,154.447,0,0,100,1946
1787404579.4852223,155.475,0,0,100,1946
1787404580.5150042,156.505,0,0,100,1946
1787404581.5450993,157.535,0,0,100,1946
1787404582.572316,158.562,0,0,100,1946
1787404583.5997195,159.589,0,0,99,1946
1787404584.6294816,160.619,0,0,100,1946
1787404585.661502,161.651,0,0,100,1946
1787404586.6945617,162.684,0,0,100,1946
1787404587.724319,163.714,0,0,100,1946
1787404588.7553694,164.745,0,0,100,1946
1787404589.785168,165.775,0,0,100,1946
1787404590.8144689,166.804,0,0,100,1946
1787404591.8426003,167.832,0,0,100,1946
1787404592.8708873,168.861,0,0,100,1946
1787404593.9024317,169.892,0,0,99,1946
1787404594.9309754,170.921,0,0,100,1946
1787404595.9653945,171.955,0,0,100,1946
1787404596.9929366,172.983,0,0,100,1946
1787404598.0209343,174.011,0,0,100,1946
1787404599.051576,175.041,0,0,100,1946
1787404600.083842,176.074,0,0,99,1946
1787404601.111029,177.101,0,0,100,1946
1787404602.1410284,178.131,0,0,99,1946
1787404603.1758878,179.166,0,0,100,1946
1787404604.2026932,180.192,0,0,100,1946
1787404605.2288249,181.219,0,0,100,1946
1787404606.2574997,182.247,0,0,100,1946
1787404607.28687,183.277,0,0,100,1946
1787404608.3175132,184.307,0,0,100,1946
1787404609.3491304,185.339,0,0,100,1946
1787404610.3758774,186.366,0,0,99,1946
1787404611.4041069,187.394,0,0,100,1946
1787404612.4346917,188.424,0,0,99,1946
1787404613.4631612,189.453,0,0,100,1946
1787404614.4963558,190.486,0,0,100,1946
1787404615.5266402,191.516,0,0,100,1946
1787404616.5540528,192.544,0,0,100,1946
1787404617.5822656,193.572,0,0,100,1946
1787404618.6094608,194.599,0,0,100,1946
1787404619.6359286,195.626,0,0,99,1946
1787404620.6636295,196.653,0,0,100,1946
1787404621.6919613,197.682,0,0,100,1946
1787404622.7205012,198.71,0,0,99,1946
1787404623.7517164,199.741,0,0,100,1946
1787404624.7825034,200.772,0,0,99,1946
1787404625.8106027,201.8,0,0,100,1946
1787404626.8362734,202.826,0,0,100,1946
1787404627.8681095,203.858,0,0,100,1946
1787404629.005314,204.995,0,0,100,1946
1787404630.0318258,206.022,0,0,100,1946
1787404631.0687764,207.058,0,0,99,1946
1787404632.10096,208.091,0,0,100,1946
1787404633.1326897,209.122,0,0,100,1946
1787404634.1621776,210.152,0,0,100,1946
1787404635.193118,211.183,0,0,100,1946
1787404636.2244983,212.214,0,0,100,1946
1787404637.2561884,213.246,0,0,100,1946
1787404638.2864933,214.276,0,0,100,1946
1787404639.3150704,215.305,0,0,100,1946
1787404640.342024,216.332,0,0,100,1946
1787404641.375968,217.366,0,0,99,1946
1787404642.4074914,218.397,0,0,100,1946
1787404643.438448,219.428,0,0,99,1946
1787404644.469462,220.459,0,0,100,1946
1787404645.5029564,221.493,0,0,100,1946
1787404646.531498,222.521,0,0,100,1946
1787404647.5635676,223.553,0,0,100,1946
1787404648.5958028,224.586,0,0,100,1946
1787404649.6255515,225.615,0,0,100,1946
1787404650.6610556,226.651,0,0,100,1946
1787404651.690023,227.68,0,0,99,1946
1787404652.7215412,228.711,0,0,100,1946
1787404653.751674,229.741,0,0,100,1946
1787404654.7828984,230.773,0,0,100,1946
1787404655.8224611,231.812,0,0,100,1946
1787404656.8543167,232.844,0,0,100,1946
1787404657.8854308,233.875,0,0,100,1946
1787404658.9234288,234.913,0,0,100,1946
1787404659.9597225,235.949,0,0,100,1946
1787404660.9887123,236.978,0,0,99,1946
1787404662.0140805,238.004,0,0,100,1946
1787404663.04406,239.034,0,0,100,1946
1787404664.0743895,240.064,0,0,100,1946
1787404665.101982,241.092,0,0,100,1946
1787404666.1391208,242.129,0,0,100,1946
1787404667.1783025,243.168,0,0,100,1946
1787404668.2067313,244.196,0,0,100,1946
1787404669.2371337,245.227,0,0,100,1946
1787404670.268272,246.258,0,0,96,1946
1787404671.2956202,247.285,0,0,100,1946
1787404672.3286595,248.318,0,0,100,1946
1787404673.3591776,249.349,0,0,100,1946
1787404674.3887713,250.378,0,0,100,1946
1787404675.4223394,251.412,0,0,100,1946
1787404676.4535136,252.443,0,0,100,1946
1787404677.4857066,253.475,0,0,100,1946
1787404678.5130827,254.503,0,0,100,1946
1787404679.5404708,255.53,0,0,100,1946
1787404680.5749407,256.565,0,0,100,1946
1787404681.6001043,257.59,0,0,100,1946
1787404682.63271,258.622,0,0,100,1946
1787404683.6619382,259.652,0,0,100,1946
1787404684.692209,260.682,0,0,100,1946
1787404685.7219155,261.712,0,0,100,1946
1787404686.7516224,262.741,0,0,100,1946
1787404687.7816463,263.771,0,0,100,1946
1787404688.8073876,264.797,0,0,100,1946
1787404689.8398297,265.83,0,0,100,1946
1787404690.8712358,266.861,0,0,100,1946
1787404691.9020216,267.892,0,0,100,1946
1787404692.9420183,268.932,0,0,100,1946
1787404693.9676564,269.957,0,0,100,1946
1787404694.99937,270.989,0,0,100,1946
1787404696.0274844,272.017,0,0,100,1946
1787404697.0579302,273.048,0,0,100,1946
1787404698.0853736,274.075,0,0,100,1946
1787404699.116233,275.106,0,0,100,1946
1787404700.1440911,276.134,0,0,100,1946
1787404701.1754448,277.165,0,0,100,1946
1787404702.2028148,278.193,0,0,100,1946
1787404703.2325802,279.222,0,0,100,1946
1787404704.2628224,280.253,0,0,100,1946
1787404705.292647,281.282,0,0,100,1946
1787404706.3202636,282.31,0,0,100,1946
1787404707.3472326,283.337,0,0,100,1946
1787404708.3782094,284.368,0,0,100,1946
1787404709.408323,285.398,0,0,100,1946
1787404710.4380298,286.428,0,0,100,1946
1787404711.4645042,287.454,0,0,100,1946
1787404712.4948688,288.485,0,0,100,1946
1787404713.5259523,289.516,0,0,100,1946
1787404714.558407,290.548,0,0,100,1946
1787404715.5937788,291.584,0,0,100,1946
1787404716.626233,292.616,0,0,100,1946
1787404717.6618228,293.652,0,0,100,1946
1787404718.693915,294.684,0,0,100,1946
1787404719.7226722,295.712,0,0,100,1946
1787404720.7530944,296.743,0,0,100,1946
1787404721.7869146,297.777,0,0,100,1946
1787404722.8167288,298.806,0,0,100,1946
1787404723.8502924,299.84,0,0,100,1946
1787404724.8843408,300.874,0,0,100,1946
1787404725.91805,301.908,0,0,100,1946
1787404726.9467976,302.937,0,0,100,1946
1787404727.980346,303.97,0,0,100,1946
1787404729.0146368,305.004,0,0,100,1946
1787404730.0446663,306.034,0,0,100,1946
1787404731.0731735,307.063,0,0,99,1946
1787404732.102251,308.092,0,0,100,1946
1787404733.1287098,309.118,0,0,100,1946
1787404734.1621923,310.152,0,0,100,1946
1787404735.1973596,311.187,0,0,100,1946
1787404736.2246692,312.214,0,0,100,1946
1787404737.2574959,313.247,0,0,100,1946
1787404738.2848122,314.275,0,0,100,1946
1787404739.3114102,315.301,0,0,100,1946
1787404740.3464496,316.336,0,0,100,1946
1787404741.3766487,317.366,0,0,100,1946
1787404742.410125,318.4,0,0,100,1946
1787404743.439446,319.429,0,0,100,1946
1787404744.4696822,320.459,0,0,100,1946
1787404745.4949048,321.485,0,0,100,1946
1787404746.5203092,322.51,0,0,100,1946
1787404747.5457003,323.535,0,0,100,1946
1787404748.5724843,324.562,0,0,100,1946
1787404749.6021347,325.592,0,0,100,1946
1787404750.634233,326.624,0,0,100,1946
1787404751.6625805,327.652,0,0,100,1946
1787404752.6916869,328.681,0,0,99,1946
1787404753.7235787,329.713,0,0,100,1946
1787404754.7494464,330.739,0,0,100,1946
1787404755.7801874,331.77,0,0,96,1946
1787404756.810606,332.8,0,0,100,1946
1787404757.8417683,333.831,0,0,100,1946
1787404758.868448,334.858,0,0,100,1946
1787404759.901772,335.891,0,0,100,1946
1787404760.9311523,336.921,0,0,100,1946
1787404761.9583642,337.948,0,0,100,1946
1787404762.9855084,338.975,0,0,100,1946
1787404764.0144536,340.004,0,0,100,1946
1787404765.0434082,341.033,0,0,100,1946
1787404766.0692027,342.059,0,0,99,1946
1787404767.1040778,343.094,0,0,100,1946
1787404768.1326663,344.122,0,0,100,1946
1787404769.1648543,345.155,0,0,100,1946
1787404770.1923423,346.182,0,0,100,1946
1787404771.2225535,347.212,0,0,100,1946
1787404772.253515,348.243,0,0,100,1946
1787404773.2828927,349.273,0,0,99,1946
1787404774.3071783,350.297,0,0,100,1946
1787404775.334605,351.324,0,0,99,1946
1787404776.362504,352.352,0,0,100,1946
1787404777.393892,353.384,0,0,100,1946
1787404778.4288757,354.419,0,0,100,1946
1787404779.4562275,355.446,0,0,100,1946
1787404780.4861825,356.476,0,0,100,1946
1787404781.5148544,357.505,0,0,100,1946
1787404782.5488193,358.539,0,0,100,1946
1787404783.5768733,359.567,0,0,100,1946
1787404784.607734,360.597,0,0,99,1946
1787404785.6452649,361.635,0,0,100,1946
1787404786.6732166,362.663,0,0,99,1946
1787404787.70095,363.691,0,0,100,1946
1787404788.7278943,364.718,0,0,100,1946
1787404789.7586713,365.748,0,0,100,1946
1787404790.7863913,366.776,0,0,100,1946
1787404791.814,367.804,0,0,100,1946
1787404792.8478177,368.838,0,0,100,1946
1787404793.879704,369.869,0,0,100,1946
1787404794.9134583,370.903,0,0,99,1946
1787404795.9425051,371.932,0,0,100,1946
1787404796.9694633,372.959,0,0,100,1946
1787404797.9986975,373.988,0,0,100,1946
1787404799.0268493,375.017,0,0,100,1946
1787404800.0542767,376.044,0,0,100,1946
1787404801.0860476,377.076,0,0,100,1946
1787404802.1146598,378.104,0,0,100,1946
1787404803.1420062,379.132,0,0,100,1946
1787404804.169217,380.159,0,0,99,1946
1787404805.195731,381.185,0,0,100,1946
1787404806.2241373,382.214,0,0,100,1946
1787404807.2559974,383.246,0,0,100,1946
1787404808.2903776,384.28,0,0,100,1946
1787404809.3177178,385.307,0,0,100,1946
1787404810.3510478,386.341,0,0,100,1946
1787404811.3804238,387.37,0,0,100,1946
1787404812.4093323,388.399,0,0,99,1946
1787404813.4417636,389.431,0,0,100,1946
1787404814.4748204,390.465,0,0,99,1946
1787404815.5121322,391.502,0,0,100,1946
1787404816.5465403,392.536,0,0,100,1946
1787404817.5756462,393.565,0,0,100,1946
1787404818.6048543,394.595,0,0,100,1946
1787404819.6370575,395.627,0,0,100,1946
1787404820.6955826,396.685,0,0,100,1946
1787404821.7229,397.713,0,0,100,1946
1787404822.7542586,398.744,0,0,100,1946
1787404823.7857435,399.775,0,0,99,1946
1787404824.8167048,400.806,0,0,100,1946
1787404825.8463373,401.836,0,0,100,1946
1787404826.8738065,402.864,0,0,100,1946
1787404827.9062183,403.896,0,0,100,1946
1787404828.9414122,404.931,0,0,100,1946
1787404829.9764378,405.966,0,0,100,1946
1787404831.0046804,406.994,0,0,100,1946
1787404832.0326002,408.022,0,0,100,1946
1787404833.06087,409.051,0,0,99,1946
1787404834.08875,410.078,0,0,100,1946
1787404835.1200333,411.11,0,0,100,1946
1787404836.1512387,412.141,0,0,100,1946
1787404837.1764882,413.166,0,0,100,1946
1787404838.2120855,414.202,0,0,100,1946
1787404839.2430317,415.233,0,0,100,1946
1787404840.270466,416.26,0,0,100,1946
1787404841.3000345,417.29,0,0,99,1946
1787404842.3305495,418.32,0,0,100,1946
1787404843.360974,419.351,0,0,99,1946
1787404844.3917634,420.381,0,0,100,1946
1787404845.428373,421.418,0,0,100,1946
1787404846.464034,422.454,0,0,100,1946
1787404847.4912279,423.481,0,0,100,1946
1787404848.5228357,424.513,0,0,100,1946
1787404849.55382,425.544,0,0,100,1946
1787404850.5817592,426.571,0,0,100,1946
1787404851.6115713,427.601,0,0,100,1946
1787404852.6443095,428.634,0,0,100,1946
1787404853.6795428,429.669,0,0,99,1946
1787404854.710503,430.7,0,0,100,1946
1787404855.7408197,431.731,0,0,100,1946
1787404856.7745829,432.764,0,0,100,1946
1787404857.8086312,433.798,0,0,100,1946
1787404858.841185,434.831,0,0,100,1946
1787404859.9313352,435.921,0,0,100,1946
1787404860.9595437,436.949,0,0,100,1946
1787404861.9946885,437.984,0,0,99,1946
1787404863.0243223,439.014,0,0,100,1946
1787404864.0552487,440.045,0,0,100,1946
1787404865.083554,441.073,0,0,100,1946
1787404866.1130817,442.103,0,0,100,1946
1787404867.1475725,443.137,0,0,100,1946
1787404868.1791394,444.169,0,0,100,1946
1787404869.2096193,445.199,0,0,100,1946
1787404870.241242,446.231,0,0,100,1946
1787404871.2753081,447.265,0,0,100,1946
1787404872.305549,448.295,0,0,99,1946
1787404873.3381944,449.328,0,0,100,1946
1787404874.3687727,450.358,0,0,100,1946
1787404875.404712,451.394,0,0,99,1946
1787404876.432811,452.423,0,0,100,1946
1787404877.4646518,453.454,0,0,100,1946
1787404878.4923248,454.482,0,0,100,1946
1787404879.5193236,455.509,0,0,100,1946
1787404880.5518737,456.542,0,0,100,1946
1787404881.584709,457.574,0,0,100,1946
1787404882.6128106,458.603,0,0,99,1946
1787404883.6422958,459.632,0,0,100,1946
1787404884.670589,460.66,0,0,100,1946
1787404885.698273,461.688,0,0,100,1946
1787404886.7283082,462.718,0,0,100,1946
1787404887.7566826,463.746,0,0,100,1946
1787404888.785461,464.775,0,0,100,1946
1787404889.8122327,465.802,0,0,100,1946
1787404890.8429604,466.833,0,0,100,1946
1787404891.8735404,467.863,0,0,100,1946
1787404892.903045,468.893,0,0,99,1946
1787404893.9324005,469.922,0,0,100,1946
1787404894.9603026,470.95,0,0,100,1946
1787404895.9878767,471.978,0,0,100,1946
1787404897.0187058,473.008,0,0,100,1946
1787404898.045314,474.035,0,0,100,1946
1787404899.0767124,475.066,0,0,99,1946
1787404900.1061115,476.096,0,0,100,1946
1787404901.1382973,477.128,0,0,99,1946
1787404902.1689775,478.159,0,0,100,1946
1787404903.1990197,479.189,0,0,100,1946
1787404904.227702,480.217,0,0,100,1946
1787404905.2601342,481.25,0,0,100,1946
1787404906.286801,482.277,0,0,100,1946
1787404907.3152504,483.305,0,0,100,1946
1787404908.3448548,484.335,0,0,99,1946
1787404909.3748958,485.365,0,0,100,1946
1787404910.4025178,486.392,0,0,100,1946
1787404911.430634,487.42,0,0,99,1946
1787404912.459505,488.449,0,0,100,1946
1787404913.4858124,489.476,0,0,100,1946
1787404914.5123029,490.502,0,0,100,1946
1787404915.5403044,491.53,0,0,100,1946
1787404916.5678735,492.558,0,0,100,1946
1787404917.5952296,493.585,0,0,100,1946
1787404918.627716,494.617,0,0,100,1946
1787404919.6563332,495.646,0,0,100,1946
1787404920.6866224,496.676,0,0,100,1946
1787404921.71486,497.705,0,0,99,1946
1787404922.7459924,498.736,0,0,100,1946
1787404923.7751102,499.765,0,0,100,1946
1787404924.8091745,500.799,0,0,100,1946
1787404925.8419209,501.832,0,0,100,1946
1787404926.8705094,502.86,0,0,100,1946
1787404927.903812,503.894,0,0,100,1946
1787404928.9370573,504.927,0,0,100,1946
1787404930.1343946,506.124,0,0,99,1946
1787404931.1668897,507.157,0,0,100,1946
1787404932.199186,508.189,0,0,100,1946
1787404933.2319164,509.222,0,0,100,1946
1787404934.2603717,510.25,0,0,100,1946
1787404935.28898,511.279,0,0,100,1946
1787404936.3235517,512.313,0,0,100,1946
1787404937.3521833,513.342,0,0,100,1946
1787404938.3864243,514.376,0,0,100,1946
1787404939.4170048,515.407,0,0,100,1946
1787404940.444558,516.434,0,0,99,1946
1787404941.4751334,517.465,0,0,100,1946
1787404942.5050445,518.495,0,0,100,1946
1787404943.5355005,519.525,0,0,100,1946
1787404944.5642524,520.554,0,0,100,1946
1787404945.5947392,521.584,0,0,100,1946
1787404946.6318119,522.622,0,0,100,1946
1787404947.6607654,523.65,0,0,100,1946
1787404948.6882544,524.678,0,0,100,1946
1787404949.718866,525.709,0,0,100,1946
1787404950.7466407,526.736,0,0,99,1946
1787404951.777541,527.767,0,0,100,1946
1787404952.8045976,528.794,0,0,100,1946
1787404953.836178,529.826,0,0,100,1946
1787404954.8697429,530.859,0,0,100,1946
1787404955.9012756,531.891,0,0,100,1946
1787404956.9361112,532.926,0,0,100,1946
1787404957.9624581,533.952,0,0,100,1946
1787404958.990265,534.98,0,0,100,1946
1787404960.0188668,536.009,0,0,99,1946
1787404961.0477707,537.037,0,0,100,1946
1787404962.0746498,538.064,0,0,100,1946
1787404963.1010938,539.091,0,0,100,1946
1787404964.1270103,540.117,0,0,100,1946
1787404965.1557748,541.145,0,0,100,1946
1787404966.1859713,542.176,0,0,100,1946
1787404967.2196822,543.209,0,0,100,1946
1787404968.2467344,544.236,0,0,100,1946
1787404969.2815793,545.271,0,0,99,1946
1787404970.3177776,546.307,0,0,100,1946
1787404971.344053,547.334,0,0,100,1946
1787404972.3729675,548.363,0,0,100,1946
1787404973.4068954,549.397,0,0,100,1946
1787404974.4355552,550.425,0,0,99,1946
1787404975.4680398,551.458,0,0,100,1946
1787404976.5014513,552.491,0,0,100,1946
1787404977.5398774,553.53,0,0,100,1946
1787404978.5742955,554.564,0,0,100,1946
1787404979.6077685,555.597,0,0,99,1946
1787404980.639999,556.63,0,0,100,1946
1787404981.668807,557.659,0,0,99,1946
1787404982.696609,558.686,0,0,100,1946
1787404983.7272434,559.717,0,0,100,1946
1787404984.7576768,560.747,0,0,100,1946
1787404985.78933,561.779,0,0,100,1946
1787404986.822687,562.812,0,0,100,1946
1787404987.8528154,563.843,0,0,100,1946
1787404988.87822,564.868,0,0,99,1946
1787404989.906198,565.896,0,0,100,1946
1787404990.9402347,566.93,0,0,100,1946
1787404992.006751,567.996,0,0,100,1946
1787404993.0408828,569.031,0,0,100,1946
1787404994.0721939,570.062,0,0,99,1946
1787404995.1017358,571.091,0,0,100,1946
1787404996.130735,572.12,0,0,100,1946
1787404997.1605484,573.15,0,0,100,1946
1787404998.1909745,574.181,0,0,100,1946
1787404999.2217236,575.211,0,0,98,1946
1787405000.2504816,576.24,0,0,100,1946
1787405001.278981,577.269,0,0,100,1946
1787405002.3069623,578.297,0,0,99,1946
1787405003.3378146,579.328,0,0,100,1946
1787405004.3674297,580.357,0,0,100,1946
1787405005.3958957,581.386,0,0,100,1946
1787405006.4243782,582.414,0,0,99,1946
1787405007.453999,583.444,0,0,100,1946
1787405008.4813933,584.471,0,0,100,1946
1787405009.5083628,585.498,0,0,100,1946
1787405010.5373447,586.527,0,0,100,1946
1787405011.5629556,587.553,0,0,100,1946
1787405012.5956485,588.585,0,0,100,1946
1787405013.6240191,589.614,0,0,100,1946
1787405014.654102,590.644,0,0,100,1946
1787405015.6806834,591.67,0,0,100,1946
1787405016.714632,592.704,0,0,100,1946
1787405017.7459466,593.736,0,0,100,1946
1787405018.7746613,594.764,0,0,100,1946
1787405019.802939,595.793,0,0,100,1946
1787405020.8334072,596.823,0,0,100,1946
1787405021.8602495,597.85,0,0,100,1946
1787405022.8876154,598.877,0,0,100,1946
1787405023.9148452,599.905,0,0,99,1946
1787405024.9506798,600.94,0,0,100,1946
1787405025.981179,601.971,0,0,100,1946
1787405027.0096035,602.999,0,0,100,1946
1787405028.0401103,604.03,0,0,100,1946
1787405029.0676508,605.057,0,0,100,1946
1787405030.0971565,606.087,0,0,100,1946
1787405031.126443,607.116,0,0,100,1946
1787405032.162217,608.152,0,0,100,1946
1787405033.1893694,609.179,0,0,100,1946
1787405034.2240858,610.214,0,0,100,1946
1787405035.2582302,611.248,0,0,100,1946
1787405036.2871566,612.277,0,0,100,1946
1787405037.3219743,613.312,0,0,100,1946
1787405038.3534708,614.343,0,0,100,1946
1787405039.3826752,615.372,0,0,100,1946
1787405040.4108007,616.401,0,0,100,1946
1787405041.4411926,617.431,0,0,100,1946
1787405042.4689887,618.459,0,0,100,1946
1787405043.5003204,619.49,0,0,100,1946
1787405044.5304794,620.52,0,0,100,1946
1787405045.5615723,621.551,0,0,100,1946
1787405046.590263,622.58,0,0,100,1946
1787405047.6172562,623.607,0,0,100,1946
1787405048.6481714,624.638,0,0,100,1946
1787405049.6751614,625.665,0,0,100,1946
1787405050.7077067,626.697,0,0,100,1946
1787405051.7381992,627.728,0,0,100,1946
1787405052.767136,628.757,0,0,100,1946
1787405053.7990358,629.789,0,0,100,1946
1787405054.8330846,630.823,0,0,100,1946
1787405055.8605378,631.85,0,0,100,1946
1787405056.890512,632.88,0,0,100,1946
1787405057.9199643,633.91,0,0,100,1946
1787405058.9541025,634.944,0,0,100,1946
1787405059.9933565,635.983,0,0,100,1946
1787405061.021389,637.011,0,0,100,1946
1787405062.0514083,638.041,0,0,100,1946
1787405063.080377,639.07,0,0,100,1946
1787405064.1128578,640.103,0,0,100,1946
1787405065.1443546,641.134,0,0,100,1946
1787405066.178763,642.168,0,0,100,1946
1787405067.206494,643.196,0,0,100,1946
1787405068.238741,644.228,0,0,100,1946
1787405069.268433,645.258,0,0,100,1946
1787405070.2957191,646.285,0,0,100,1946
1787405071.3222508,647.312,0,0,100,1946
1787405072.3509912,648.341,0,0,100,1946
1787405073.378352,649.368,0,0,100,1946
1787405074.4057128,650.395,0,0,100,1946
1787405075.4349935,651.425,0,0,100,1946
1787405076.4638295,652.454,0,0,100,1946
1787405077.495299,653.485,0,0,100,1946
1787405078.5216587,654.511,0,0,100,1946
1787405079.5480607,655.538,0,0,100,1946
1787405080.5765088,656.566,0,0,100,1946
1787405081.6047072,657.594,0,0,100,1946
1787405082.6363664,658.626,0,0,100,1946
1787405083.669653,659.659,0,0,98,1946
1787405084.7009847,660.691,0,0,100,1946
1787405085.730184,661.72,0,0,100,1946
1787405086.7585542,662.748,0,0,100,1946
1787405087.7881281,663.778,0,0,100,1946
1787405088.823797,664.814,0,0,100,1946
1787405089.8578508,665.848,0,0,100,1946
1787405090.8923507,666.882,0,0,100,1946
1787405091.9245346,667.914,0,0,100,1946
1787405092.9562006,668.946,0,0,100,1946
1787405093.9844913,669.974,0,0,99,1946
1787405095.0154266,671.005,0,0,100,1946
1787405096.0435529,672.033,0,0,99,1946
1787405097.0893626,673.079,0,0,100,1946
1787405098.1224632,674.112,0,0,100,1946
1787405099.1564636,675.146,0,0,100,1946
1787405100.1883566,676.178,0,0,100,1946
1787405101.2196531,677.209,0,0,99,1946
1787405102.2560945,678.246,0,0,100,1946
1787405103.2847774,679.274,0,0,99,1946
1787405104.3136365,680.303,0,0,100,1946
1787405105.3484325,681.338,0,0,100,1946
1787405106.3794231,682.369,0,0,99,1946
1787405107.4077036,683.397,0,0,100,1946
1787405108.4388647,684.429,0,0,100,1946
1787405109.466471,685.456,0,0,100,1946
1787405110.4974105,686.487,0,0,100,1946
1787405111.523221,687.513,0,0,100,1946
1787405112.5530615,688.543,0,0,100,1946
1787405113.5842178,689.574,0,0,99,1946
1787405114.6110308,690.601,0,0,100,1946
1787405115.6372645,691.627,0,0,100,1946
1787405116.6668808,692.657,0,0,100,1946
1787405117.6972485,693.687,0,0,100,1946
1787405118.7283144,694.718,0,0,100,1946
1787405119.7574875,695.747,0,0,99,1946
1787405120.7922134,696.782,0,0,100,1946
1787405121.8194575,697.809,0,0,100,1946
1787405122.8475096,698.837,0,0,99,1946
1787405123.8749206,699.865,0,0,100,1946
1787405124.9065554,700.896,0,0,100,1946
1787405125.9359598,701.926,0,0,100,1946
1787405126.9622474,702.952,0,0,100,1946
1787405127.9910297,703.981,0,0,100,1946
1787405129.0191364,705.009,0,0,100,1946
1787405130.0519016,706.042,0,0,100,1946
1787405131.0842454,707.074,0,0,100,1946
1787405132.1134245,708.103,0,0,99,1946
1787405133.1425402,709.132,0,0,100,1946
1787405134.1728263,710.163,0,0,100,1946
1787405135.200196,711.19,0,0,100,1946
1787405136.2287602,712.218,0,0,100,1946
1787405137.257611,713.247,0,0,100,1946
1787405138.2876716,714.277,0,0,100,1946
1787405139.3183646,715.308,0,0,100,1946
1787405140.3454053,716.335,0,0,99,1946
1787405141.372817,717.363,0,0,100,1946
1787405142.3999972,718.39,0,0,99,1946
1787405143.4361577,719.426,0,0,100,1946
1787405144.4646149,720.454,0,0,99,1946
1787405145.4939668,721.484,0,0,100,1946
1787405146.5209594,722.511,0,0,100,1946
1787405147.5510783,723.541,0,0,100,1946
1787405148.5797322,724.569,0,0,100,1946
1787405149.6067488,725.596,0,0,100,1946
1787405150.6356335,726.625,0,0,100,1946
1787405151.6686656,727.658,0,0,100,1946
1787405152.7031753,728.693,0,0,99,1946
1787405153.732859,729.723,0,0,100,1946
1787405154.7640998,730.754,0,0,100,1946
1787405155.7952259,731.785,0,0,100,1946
1787405156.8279502,732.818,0,0,100,1946
1787405157.8590105,733.849,0,0,100,1946
1787405158.8930209,734.883,0,0,100,1946
1787405159.920918,735.911,0,0,100,1946
1787405160.949207,736.939,0,0,99,1946
1787405161.983716,737.973,0,0,100,1946
1787405163.0190787,739.009,0,0,100,1946
1787405164.0517578,740.041,0,0,100,1946
1787405165.0821326,741.072,0,0,100,1946
1787405166.1109557,742.101,0,0,100,1946
1787405167.1405232,743.13,0,0,100,1946
1787405168.1707504,744.16,0,0,100,1946
1787405169.202889,745.193,0,0,100,1946
1787405170.231459,746.221,0,0,100,1946
1787405171.26713,747.257,0,0,99,1946
1787405172.2959356,748.286,0,0,100,1946
1787405173.326347,749.316,0,0,100,1946
1787405174.3593256,750.349,0,0,100,1946
1787405175.3898864,751.38,0,0,100,1946
1787405176.421458,752.411,0,0,100,1946
1787405177.4505782,753.44,0,0,100,1946
1787405178.4765937,754.466,0,0,100,1946
1787405179.5059502,755.496,0,0,100,1946
1787405180.5346627,756.524,0,0,100,1946
1787405181.5623176,757.552,0,0,99,1946
1787405182.5950067,758.585,0,0,100,1946
1787405183.629384,759.619,0,0,100,1946
1787405184.6668706,760.657,0,0,100,1946
1787405185.6974146,761.687,0,0,100,1946
1787405186.7253847,762.715,0,0,100,1946
1787405187.7540767,763.744,0,0,100,1946
1787405188.7816546,764.771,0,0,100,1946
1787405189.8120234,765.802,0,0,100,1946
1787405190.8409178,766.831,0,0,99,1946
1787405191.8679914,767.858,0,0,100,1946
1787405192.8979335,768.888,0,0,100,1946
1787405193.9247413,769.914,0,0,100,1946
1787405194.9512548,770.941,0,0,100,1946
1787405195.9801328,771.97,0,0,100,1946
1787405197.0094326,772.999,0,0,100,1946
1787405198.0362127,774.026,0,0,100,1946
1787405199.0645611,775.054,0,0,100,1946
1787405200.106489,776.096,0,0,99,1946
1787405201.1321387,777.122,0,0,100,1946
1787405202.1613724,778.151,0,0,100,1946
1787405203.1879096,779.178,0,0,100,1946
1787405204.2300174,780.22,0,0,100,1946
1787405205.256158,781.246,0,0,99,1946
1787405206.2818236,782.272,0,0,100,1946
1787405207.3242476,783.314,0,0,100,1946
1787405208.3532972,784.343,0,0,100,1946
1787405209.3864427,785.376,0,0,100,1946
1787405210.413785,786.404,0,0,99,1946
1787405211.4441411,787.434,0,0,100,1946
1787405212.4796298,788.469,0,0,100,1946
1787405213.5124817,789.502,0,0,100,1946
1787405214.539986,790.53,0,0,100,1946
1787405215.5733778,791.563,0,0,100,1946
1787405216.6038306,792.594,0,0,100,1946
1787405217.6311085,793.621,0,0,100,1946
1787405218.6656475,794.655,0,0,100,1946
1787405219.6943572,795.684,0,0,99,1946
1787405220.7270813,796.717,0,0,100,1946
1787405221.76588,797.756,0,0,100,1946
1787405222.7937303,798.783,0,0,100,1946
1787405223.8296561,799.819,0,0,100,1946
1787405224.8572357,800.847,0,0,99,1946
1787405225.8882508,801.878,0,0,100,1946
1787405226.9185581,802.908,0,0,100,1946
1787405227.947879,803.938,0,0,100,1946
1787405228.9798717,804.97,0,0,100,1946
1787405230.007294,805.997,0,0,99,1946
1787405231.0383346,807.028,0,0,100,1946
1787405232.0637734,808.053,0,0,100,1946
1787405233.0921845,809.082,0,0,100,1946
1787405234.1232553,810.113,0,0,100,1946
1787405235.1504812,811.14,0,0,100,1946
1787405236.1777136,812.167,0,0,100,1946
1787405237.2060823,813.196,0,0,100,1946
1787405238.2328787,814.223,0,0,100,1946
1787405239.2612872,815.251,0,0,99,1946
1787405240.2861536,816.276,0,0,100,1946
1787405241.313718,817.303,0,0,100,1946
1787405242.3398435,818.33,0,0,100,1946
1787405243.3724983,819.362,0,0,100,1946
1787405244.4015286,820.391,0,0,99,1946
1787405245.4287395,821.418,0,0,100,1946
1787405246.4602096,822.45,0,0,100,1946
1787405247.4960334,823.486,0,0,100,1946
1787405248.5254862,824.515,0,0,99,1946
1787405249.55692,825.547,0,0,100,1946
1787405250.6105456,826.6,0,0,100,1946
1787405251.641268,827.631,0,0,100,1946
1787405252.6719782,828.662,0,0,100,1946
1787405253.700359,829.69,0,0,100,1946
1787405254.7284477,830.718,0,0,100,1946
1787405255.7602177,831.75,0,0,100,1946
1787405256.7909582,832.781,0,0,100,1946
1787405257.8184617,833.808,0,0,100,1946
1787405258.846252,834.836,0,0,99,1946
1787405259.8747618,835.864,0,0,100,1946
1787405260.9038725,836.894,0,0,100,1946
1787405261.9336858,837.923,0,0,100,1946
1787405262.959993,838.95,0,0,100,1946
1787405263.990207,839.98,0,0,100,1946
1787405265.0256548,841.015,0,0,100,1946
1787405266.0536244,842.043,0,0,99,1946
1787405267.0877225,843.077,0,0,100,1946
1787405268.119588,844.109,0,0,100,1946
1787405269.1569226,845.147,0,0,99,1946
1787405270.1825774,846.172,0,0,100,1946
1787405271.2163587,847.206,0,0,100,1946
1787405272.2432327,848.233,0,0,100,1946
1787405273.2697172,849.259,0,0,100,1946
1787405274.299084,850.289,0,0,100,1946
1787405275.3286788,851.318,0,0,100,1946
1787405276.3615675,852.351,0,0,100,1946
1787405277.3910618,853.381,0,0,100,1946
1787405278.4211202,854.411,0,0,99,1946
1787405279.448174,855.438,0,0,100,1946
1787405280.4765403,856.466,0,0,100,1946
1787405281.504783,857.495,0,0,100,1946
1787405282.5361776,858.526,0,0,99,1946
1787405283.5639164,859.554,0,0,100,1946
1787405284.5957882,860.586,0,0,100,1946
1787405285.6276507,861.617,0,0,100,1946
1787405286.6584861,862.648,0,0,100,1946
1787405287.695633,863.685,0,0,99,1946
1787405288.7309053,864.721,0,0,100,1946
1787405289.7579963,865.748,0,0,100,1946
1787405290.7849355,866.775,0,0,100,1946
1787405291.813032,867.803,0,0,100,1946
1787405292.8422384,868.832,0,0,100,1946
1787405293.8703444,869.86,0,0,100,1946
1787405294.9024024,870.892,0,0,100,1946
1787405295.9456017,871.935,0,0,100,1946
1787405296.9784143,872.968,0,0,100,1946
1787405298.010048,874.0,0,0,99,1946
1787405299.043367,875.033,0,0,100,1946
1787405300.0721016,876.062,0,0,99,1946
1787405301.1038854,877.094,0,0,100,1946
1787405302.1319625,878.122,0,0,100,1946
1787405303.1601503,879.15,0,0,100,1946
1787405304.1856112,880.175,0,0,100,1946
1787405305.2138696,881.204,0,0,100,1946
1787405306.2423801,882.232,0,0,100,1946
1787405307.2744856,883.264,0,0,100,1946
1787405308.3036473,884.293,0,0,99,1946
1787405309.3317435,885.321,0,0,100,1946
1787405310.364469,886.354,0,0,100,1946
1787405311.3928974,887.383,0,0,100,1946
1787405312.4218032,888.412,0,0,100,1946
1787405313.4498663,889.44,0,0,100,1946
1787405314.4750993,890.465,0,0,100,1946
1787405315.502401,891.492,0,0,100,1946
1787405316.5301788,892.52,0,0,99,1946
1787405317.5614932,893.551,0,0,100,1946
1787405318.590619,894.58,0,0,100,1946
1787405319.62101,895.611,0,0,100,1946
1787405320.649944,896.64,0,0,100,1946
1787405321.6766443,897.666,0,0,100,1946
1787405322.7085872,898.698,0,0,100,1946
1787405323.7362669,899.726,0,0,100,1946
1787405324.7672412,900.757,0,0,100,1946
1787405325.8025913,901.792,0,0,100,1946
1787405326.8337188,902.823,0,0,99,1946
1787405327.8619883,903.852,0,0,100,1946
1787405328.887996,904.878,0,0,100,1946
1787405329.918184,905.908,0,0,100,1946
1787405330.9456708,906.935,0,0,100,1946
1787405331.977169,907.967,0,0,100,1946
1787405333.0037632,908.993,0,0,100,1946
1787405334.0420938,910.032,0,0,100,1946
1787405335.0717306,911.061,0,0,100,1946
1787405336.1003327,912.09,0,0,100,1946
1787405337.1318107,913.122,0,0,100,1946
1787405338.1578438,914.148,0,0,100,1946
1787405339.1843138,915.174,0,0,100,1946
1787405340.212665,916.202,0,0,100,1946
1787405341.2442422,917.234,0,0,100,1946
1787405342.2783747,918.268,0,0,100,1946
1787405343.3095577,919.299,0,0,100,1946
1787405344.3374197,920.327,0,0,100,1946
1787405345.3668776,921.357,0,0,100,1946
1787405346.3954892,922.385,0,0,100,1946
1787405347.4257603,923.415,0,0,100,1946
1787405348.4551554,924.445,0,0,100,1946
1787405349.4866233,925.476,0,0,100,1946
1787405350.512887,926.503,0,0,100,1946
1787405351.5433323,927.533,0,0,100,1946
1787405352.5717235,928.561,0,0,100,1946
1787405353.5994503,929.589,0,0,100,1946
1787405354.6283817,930.618,0,0,100,1946
1787405355.6608908,931.651,0,0,100,1946
1787405356.6908875,932.681,0,0,100,1946
1787405357.7218587,933.712,0,0,100,1946
1787405358.758199,934.748,0,0,99,1946
1787405359.7952151,935.785,0,0,100,1946
1787405360.8269422,936.817,0,0,100,1946
1787405361.8549597,937.845,0,0,100,1946
1787405362.8841875,938.874,0,0,99,1946
1787405363.9140925,939.904,0,0,100,1946
1787405364.9464633,940.936,0,0,100,1946
1787405365.9834812,941.973,0,0,100,1946
1787405367.011611,943.001,0,0,100,1946
1787405368.040711,944.03,0,0,100,1946
1787405369.0709982,945.061,0,0,100,1946
1787405370.1005182,946.09,0,0,100,1946
1787405371.1296122,947.119,0,0,100,1946
1787405372.1590242,948.149,0,0,100,1946
1787405373.1862638,949.176,0,0,100,1946
1787405374.2159908,950.206,0,0,100,1946
1787405375.2447188,951.234,0,0,100,1946
1787405376.2720068,952.262,0,0,100,1946
1787405377.2980452,953.288,0,0,100,1946
1787405378.3256478,954.315,0,0,100,1946
1787405379.3783205,955.368,0,0,100,1946
1787405380.4044476,956.394,0,0,100,1946
1787405381.4323983,957.422,0,0,100,1946
1787405382.460094,958.45,0,0,100,1946
1787405383.4868124,959.477,0,0,100,1946
1787405384.5128117,960.503,0,0,100,1946
1787405385.5418613,961.532,0,0,100,1946
1787405386.5711,962.561,0,0,100,1946
1787405387.596717,963.586,0,0,100,1946
1787405388.6242325,964.614,0,0,100,1946
1787405389.653512,965.643,0,0,100,1946
1787405390.6863184,966.676,0,0,100,1946
1787405391.7124684,967.702,0,0,100,1946
1787405392.7388263,968.729,0,0,100,1946
1787405393.764241,969.754,0,0,100,1946
1787405394.7915568,970.781,0,0,100,1946
1787405395.824387,971.814,0,0,100,1946
1787405396.8584192,972.848,0,0,100,1946
1787405397.8856325,973.875,0,0,100,1946
1787405398.913102,974.903,0,0,100,1946
1787405399.9438274,975.934,0,0,100,1946
1787405400.9725668,976.962,0,0,100,1946
1787405402.003082,977.993,0,0,100,1946
1787405403.0312238,979.021,0,0,100,1946
1787405404.0600457,980.05,0,0,100,1946
1787405405.093305,981.083,0,0,100,1946
1787405406.1247852,982.115,0,0,100,1946
1787405407.1596482,983.149,0,0,100,1946
1787405408.1918778,984.182,0,0,100,1946
1787405409.221532,985.211,0,0,100,1946
1787405410.2520547,986.242,0,0,100,1946
1787405411.2810922,987.271,0,0,100,1946
1787405412.309307,988.299,0,0,99,1946
1787405413.3434865,989.333,0,0,100,1946
1787405414.3764038,990.366,0,0,100,1946
1787405415.406704,991.396,0,0,100,1946
1787405416.434942,992.425,0,0,100,1946
1787405417.4670699,993.457,0,0,99,1946
1787405418.493452,994.483,0,0,100,1946
1787405419.5220091,995.512,0,0,100,1946
1787405420.5536492,996.543,0,0,100,1946
1787405421.5849066,997.575,0,0,100,1946
1787405422.6163595,998.606,0,0,99,1946
1787405423.64332,999.633,0,0,100,1946
1787405424.6713483,1000.661,0,0,100,1946
1787405425.702505,1001.692,0,0,100,1946
1787405426.739136,1002.729,0,0,100,1946
1787405427.7674282,1003.757,0,0,100,1946
1787405428.8073,1004.797,0,0,100,1946
1787405429.835363,1005.825,0,0,100,1946
1787405430.8658018,1006.856,0,0,99,1946
1787405431.8944814,1007.884,0,0,100,1946
1787405432.9211245,1008.911,0,0,100,1946
1787405433.949199,1009.939,0,0,100,1946
1787405434.9783783,1010.968,0,0,100,1946
1787405436.0090542,1011.999,0,0,100,1946
1787405437.036416,1013.026,0,0,100,1946
1787405438.0649438,1014.055,0,0,100,1946
1787405439.0939405,1015.084,0,0,100,1946
1787405440.1232207,1016.113,0,0,100,1946
1787405441.1526687,1017.142,0,0,99,1946
1787405442.187239,1018.177,0,0,100,1946
1787405443.2184796,1019.208,0,0,100,1946
1787405444.2466438,1020.236,0,0,100,1946
1787405445.2776346,1021.267,0,0,100,1946
1787405446.3059173,1022.296,0,0,100,1946
1787405447.333615,1023.323,0,0,100,1946
1787405448.3619697,1024.352,0,0,100,1946
1787405449.3929846,1025.383,0,0,100,1946
1787405450.4235368,1026.413,0,0,100,1946
1787405451.4546545,1027.444,0,0,99,1946
1787405452.4842749,1028.474,0,0,100,1946
1787405453.5155272,1029.505,0,0,100,1946
1787405454.5448196,1030.535,0,0,100,1946
1787405455.5753388,1031.565,0,0,100,1946
1787405456.604624,1032.594,0,0,100,1946
1787405457.637254,1033.627,0,0,100,1946
1787405458.6678085,1034.658,0,0,99,1946
1787405459.697132,1035.687,0,0,100,1946
1787405460.732239,1036.722,0,0,99,1946
1787405461.7632086,1037.753,0,0,100,1946
1787405462.7930899,1038.783,0,0,100,1946
1787405463.826379,1039.816,0,0,100,1946
1787405464.857656,1040.847,0,0,100,1946
1787405465.8891168,1041.879,0,0,99,1946
1787405466.9218307,1042.912,0,0,100,1946
1787405467.9503143,1043.94,0,0,100,1946
1787405468.9771793,1044.967,0,0,100,1946
1787405470.0148137,1046.005,0,0,99,1946
1787405471.0411112,1047.031,0,0,100,1946
1787405472.0688272,1048.059,0,0,99,1946
1787405473.1045814,1049.094,0,0,100,1946
1787405474.1399312,1050.13,0,0,100,1946
1787405475.1706111,1051.16,0,0,100,1946
1787405476.1996846,1052.189,0,0,100,1946
1787405477.2314446,1053.221,0,0,99,1946
1787405478.2635157,1054.253,0,0,100,1946
1787405479.2949235,1055.285,0,0,100,1946
1787405480.3230708,1056.313,0,0,99,1946
1787405481.3510787,1057.341,0,0,100,1946
1787405482.3789454,1058.369,0,0,100,1946
1787405483.4105332,1059.4,0,0,100,1946
1787405484.4426336,1060.432,0,0,100,1946
1787405485.471112,1061.461,0,0,100,1946
1787405486.5029142,1062.493,0,0,100,1946
1787405487.5313113,1063.521,0,0,100,1946
1787405488.5604045,1064.55,0,0,100,1946
1787405489.5893962,1065.579,0,0,98,1946
1787405490.6200497,1066.61,0,0,100,1946
1787405491.6481764,1067.638,0,0,100,1946
1787405492.6791284,1068.669,0,0,99,1946
1787405493.7100332,1069.7,0,0,100,1946
1787405494.7385652,1070.728,0,0,100,1946
1787405495.7670164,1071.757,0,0,100,1946
1787405496.7956822,1072.785,0,0,100,1946
1787405497.825692,1073.815,0,0,100,1946
1787405498.8561587,1074.846,0,0,100,1946
1787405499.885026,1075.875,0,0,99,1946
1787405500.9187899,1076.909,0,0,100,1946
1787405501.951574,1077.941,0,0,100,1946
1787405502.9835422,1078.973,0,0,100,1946
1787405504.0225904,1080.012,0,0,100,1946
1787405505.0534132,1081.043,0,0,99,1946
1787405506.0857701,1082.075,0,0,99,1946
1787405507.1131172,1083.103,0,0,100,1946
1787405508.1427739,1084.132,0,0,100,1946
1787405509.1693795,1085.159,0,0,99,1946
1787405510.1985815,1086.188,0,0,100,1946
1787405511.228007,1087.218,0,0,99,1946
1787405512.2621305,1088.252,0,0,100,1946
1787405513.2955844,1089.285,0,0,100,1946
1787405514.3272266,1090.317,0,0,99,1946
1787405515.3643963,1091.354,0,0,100,1946
1787405516.3900712,1092.38,0,0,99,1946
1787405517.4171371,1093.407,0,0,100,1946
1787405518.4493396,1094.439,0,0,99,1946
1787405519.4801774,1095.47,0,0,100,1946
1787405520.5119824,1096.502,0,0,100,1946
1787405521.5410633,1097.531,0,0,100,1946
1787405522.5714004,1098.561,0,0,100,1946
1787405523.6053853,1099.595,0,0,100,1946
1787405524.6324852,1100.622,0,0,100,1946
1787405525.6620216,1101.652,0,0,100,1946
1787405526.6959066,1102.686,0,0,100,1946
1787405527.7232304,1103.713,0,0,100,1946
1787405528.752035,1104.742,0,0,99,1946
1787405529.7845597,1105.774,0,0,100,1946
1787405530.8134909,1106.803,0,0,100,1946
1787405531.8412158,1107.831,0,0,100,1946
1787405532.8740768,1108.864,0,0,100,1946
1787405533.9008958,1109.891,0,0,100,1946
1787405534.9315565,1110.921,0,0,100,1946
1787405535.9606214,1111.95,0,0,100,1946
1787405536.9908435,1112.981,0,0,100,1946
1787405538.0277123,1114.017,0,0,100,1946
1787405539.058857,1115.049,0,0,99,1946
1787405540.0892968,1116.079,0,0,100,1946
1787405541.1243417,1117.114,0,0,100,1946
1787405542.1562822,1118.146,0,0,100,1946
1787405543.1863086,1119.176,0,0,100,1946
1787405544.2146695,1120.204,0,0,100,1946
1787405545.2443817,1121.234,0,0,100,1946
1787405546.2711647,1122.261,0,0,100,1946
1787405547.30221,1123.292,0,0,99,1946
1787405548.3344579,1124.324,0,0,100,1946
1787405549.3630888,1125.353,0,0,100,1946
1787405550.3927228,1126.382,0,0,100,1946
1787405551.4266894,1127.416,0,0,100,1946
1787405552.458737,1128.448,0,0,100,1946
1787405553.4870625,1129.477,0,0,100,1946
1787405554.5182846,1130.508,0,0,100,1946
1787405555.5485392,1131.538,0,0,100,1946
1787405556.5770297,1132.567,0,0,100,1946
1787405557.605771,1133.595,0,0,99,1946
1787405558.6374571,1134.627,0,0,100,1946
1787405559.6650143,1135.655,0,0,100,1946
1787405560.6934996,1136.683,0,0,100,1946
1787405561.721292,1137.711,0,0,100,1946
1787405562.7503374,1138.74,0,0,100,1946
1787405563.776138,1139.766,0,0,100,1946
1787405564.8051195,1140.795,0,0,100,1946
1787405565.8352993,1141.825,0,0,100,1946
1787405566.8677292,1142.857,0,0,100,1946
1787405567.8950927,1143.885,0,0,99,1946
1787405568.9220557,1144.912,0,0,100,1946
1787405569.9486015,1145.938,0,0,100,1946
1787405570.979285,1146.969,0,0,100,1946
1787405572.01443,1148.004,0,0,100,1946
1787405573.0436406,1149.033,0,0,100,1946
1787405574.0713556,1150.061,0,0,100,1946
1787405575.1005147,1151.09,0,0,100,1946
1787405576.1360307,1152.126,0,0,100,1946
1787405577.1694388,1153.159,0,0,100,1946
1787405578.2041864,1154.194,0,0,100,1946
1787405579.2347229,1155.224,0,0,100,1946
1787405580.2651181,1156.255,0,0,100,1946
1787405581.2929482,1157.283,0,0,100,1946
1787405582.32311,1158.313,0,0,100,1946
1787405583.3512933,1159.341,0,0,100,1946
1787405584.3787358,1160.368,0,0,100,1946
1787405585.4076219,1161.397,0,0,100,1946
1787405586.4328291,1162.423,0,0,99,1946
1787405587.460288,1163.45,0,0,100,1946
1787405588.4874258,1164.477,0,0,100,1946
1787405589.5189857,1165.509,0,0,99,1946
1787405590.5451572,1166.535,0,0,100,1946
1787405591.5774374,1167.567,0,0,100,1946
1787405592.6097245,1168.599,0,0,100,1946
1787405593.6435437,1169.633,0,0,99,1946
1787405594.6747978,1170.665,0,0,100,1946
1787405595.7044237,1171.694,0,0,100,1946
1787405596.731373,1172.721,0,0,99,1946
1787405597.764169,1173.754,0,0,100,1946
1787405598.8017879,1174.792,0,0,99,1946
1787405599.8407874,1175.831,0,0,100,1946
1787405600.874481,1176.864,0,0,100,1946
1787405601.9057992,1177.896,0,0,100,1946
1787405602.9348757,1178.925,0,0,100,1946
1787405603.9642274,1179.954,0,0,100,1946
1787405604.9922087,1180.982,0,0,100,1946
1787405606.0178833,1182.008,0,0,100,1946
1787405607.0563922,1183.046,0,0,99,1946
1787405608.0843241,1184.074,0,0,100,1946
1787405609.1125667,1185.102,0,0,100,1946
1787405610.1422641,1186.132,0,0,100,1946
1787405611.172818,1187.163,0,0,100,1946
1787405612.2089248,1188.199,0,0,100,1946
1787405613.244,1189.234,0,0,100,1946
1787405614.272497,1190.262,0,0,100,1946
1787405615.3018396,1191.292,0,0,100,1946
1787405616.3318014,1192.322,0,0,99,1946
1787405617.3618515,1193.352,0,0,100,1946
1787405618.3868096,1194.377,0,0,100,1946
1787405619.414697,1195.404,0,0,100,1946
1787405620.4419436,1196.432,0,0,100,1946
1787405621.4695551,1197.459,0,0,100,1946
1787405622.4980419,1198.488,0,0,100,1946
1787405623.5269868,1199.517,0,0,100,1946
1787405624.55634,1200.546,0,0,100,1946
1787405625.584133,1201.574,0,0,99,1946
1787405626.6160939,1202.606,0,0,100,1946
1787405627.6460469,1203.636,0,0,100,1946
1787405628.6738305,1204.664,0,0,100,1946
1787405629.7031405,1205.693,0,0,100,1946
1787405630.731415,1206.721,0,0,99,1946
1787405631.7596664,1207.749,0,0,100,1946
1787405632.7920222,1208.782,0,0,100,1946
1787405633.8237884,1209.814,0,0,100,1946
1787405634.853361,1210.843,0,0,100,1946
1787405635.8884223,1211.878,0,0,99,1946
1787405636.9210675,1212.911,0,0,100,1946
1787405637.9479716,1213.938,0,0,100,1946
1787405638.9753869,1214.965,0,0,100,1946
1787405640.005716,1215.995,0,0,100,1946
1787405641.0409226,1217.031,0,0,100,1946
1787405642.0712538,1218.061,0,0,100,1946
1787405643.09939,1219.089,0,0,100,1946
1787405644.1281104,1220.118,0,0,100,1946
1787405645.158016,1221.148,0,0,99,1946
1787405646.1860394,1222.176,0,0,100,1946
1787405647.2163172,1223.206,0,0,100,1946
1787405648.2471056,1224.237,0,0,100,1946
1787405649.2778502,1225.268,0,0,100,1946
1787405650.310949,1226.301,0,0,100,1946
1787405651.3387954,1227.329,0,0,100,1946
1787405652.3700333,1228.36,0,0,100,1946
1787405653.3997788,1229.39,0,0,100,1946
1787405654.4295828,1230.419,0,0,100,1946
1787405655.4571817,1231.447,0,0,98,1946
1787405656.491221,1232.481,0,0,100,1946
1787405657.5251973,1233.515,0,0,100,1946
1787405658.5587575,1234.548,0,0,100,1946
1787405659.5902963,1235.58,0,0,100,1946
1787405660.617422,1236.607,0,0,100,1946
1787405661.6479194,1237.638,0,0,100,1946
1787405662.6772268,1238.667,0,0,100,1946
1787405663.7041974,1239.694,0,0,100,1946
1787405664.7304676,1240.72,0,0,100,1946
1787405665.758492,1241.748,0,0,100,1946
1787405666.7839859,1242.774,0,0,100,1946
1787405667.813355,1243.803,0,0,100,1946
1787405668.842564,1244.832,0,0,100,1946
1787405669.872868,1245.863,0,0,100,1946
1787405670.904268,1246.894,0,0,100,1946
1787405671.9342759,1247.924,0,0,100,1946
1787405672.964433,1248.954,0,0,100,1946
1787405673.9924002,1249.982,0,0,100,1946
1787405675.0268497,1251.017,0,0,100,1946
1787405676.053798,1252.044,0,0,100,1946
1787405677.0825708,1253.072,0,0,100,1946
1787405678.1122622,1254.102,0,0,100,1946
1787405679.1397712,1255.129,0,0,100,1946
1787405680.1669984,1256.157,0,0,99,1946
1787405681.1947572,1257.184,0,0,100,1946
1787405682.2257426,1258.215,0,0,100,1946
1787405683.2596676,1259.249,0,0,100,1946
1787405684.2868824,1260.277,0,0,100,1946
1787405685.3181987,1261.308,0,0,100,1946
1787405686.3495708,1262.339,0,0,99,1946
1787405687.3810549,1263.371,0,0,100,1946
1787405688.41125,1264.401,0,0,100,1946
1787405689.4406903,1265.43,0,0,100,1946
1787405690.469219,1266.459,0,0,100,1946
1787405691.5047429,1267.494,0,0,100,1946
1787405692.5325239,1268.522,0,0,99,1946
1787405693.5669594,1269.557,0,0,100,1946
1787405694.5962415,1270.586,0,0,100,1946
1787405695.6267915,1271.617,0,0,100,1946
1787405696.6591377,1272.649,0,0,100,1946
1787405697.6872914,1273.677,0,0,100,1946
1787405698.717923,1274.708,0,0,100,1946
1787405699.7495582,1275.739,0,0,100,1946
1787405700.7782197,1276.768,0,0,100,1946
1787405701.8102646,1277.8,0,0,100,1946
1787405702.8435233,1278.833,0,0,99,1946
1787405703.8937545,1279.883,0,0,100,1946
1787405704.9202738,1280.91,0,0,100,1946
1787405705.9490743,1281.939,0,0,100,1946
1787405706.9835522,1282.973,0,0,100,1946
1787405708.0244036,1284.014,0,0,100,1946
1787405709.0562153,1285.046,0,0,100,1946
1787405710.085124,1286.075,0,0,100,1946
1787405711.126066,1287.116,0,0,100,1946
1787405712.1531043,1288.143,0,0,100,1946
1787405713.1852822,1289.175,0,0,100,1946
1787405714.2160254,1290.206,0,0,99,1946
1787405715.243045,1291.233,0,0,100,1946
1787405716.2698462,1292.26,0,0,100,1946
1787405717.303537,1293.293,0,0,100,1946
1787405718.333133,1294.323,0,0,100,1946
1787405719.3693886,1295.359,0,0,100,1946
1787405720.3962862,1296.386,0,0,100,1946
1787405721.43497,1297.425,0,0,100,1946
1787405722.4656856,1298.455,0,0,100,1946
1787405723.4948828,1299.485,0,0,100,1946
1787405724.52159,1300.511,0,0,100,1946
1787405725.5528984,1301.543,0,0,99,1946
1787405726.5838666,1302.574,0,0,100,1946
1787405727.611496,1303.601,0,0,100,1946
1787405728.6425357,1304.632,0,0,100,1946
1787405729.673648,1305.663,0,0,100,1946
1787405730.701423,1306.691,0,0,100,1946
1787405731.7415233,1307.731,0,0,100,1946
1787405732.7720103,1308.762,0,0,100,1946
1787405733.7997715,1309.789,0,0,100,1946
1787405734.8275511,1310.817,0,0,100,1946
1787405735.8591356,1311.849,0,0,100,1946
1787405736.8860567,1312.876,0,0,100,1946
1787405737.9106836,1313.9,0,0,100,1946
1787405738.9409432,1314.931,0,0,100,1946
1787405739.9688585,1315.959,0,0,99,1946
1787405740.9985864,1316.988,0,0,100,1946
1787405742.028926,1318.019,0,0,100,1946
1787405743.0567539,1319.046,0,0,100,1946
1787405744.0874045,1320.077,0,0,100,1946
1787405745.116713,1321.106,0,0,100,1946
1787405746.1436286,1322.133,0,0,100,1946
1787405747.1725893,1323.162,0,0,100,1946
1787405748.2022052,1324.192,0,0,100,1946
1787405749.229687,1325.219,0,0,100,1946
1787405750.2576523,1326.247,0,0,99,1946
1787405751.2864735,1327.276,0,0,100,1946
1787405752.3147156,1328.304,0,0,100,1946
1787405753.3420026,1329.332,0,0,100,1946
1787405754.3750296,1330.365,0,0,100,1946
1787405755.4059904,1331.396,0,0,100,1946
1787405756.4346695,1332.424,0,0,100,1946
1787405757.4633708,1333.453,0,0,99,1946
1787405758.4912136,1334.481,0,0,100,1946
1787405759.522114,1335.512,0,0,99,1946
1787405760.5538058,1336.544,0,0,100,1946
1787405761.5856798,1337.575,0,0,100,1946
1787405762.615059,1338.605,0,0,100,1946
1787405763.6461868,1339.636,0,0,100,1946
1787405764.6804178,1340.67,0,0,100,1946
1787405765.7090406,1341.699,0,0,100,1946
1787405766.74302,1342.733,0,0,100,1946
1787405767.7714446,1343.761,0,0,100,1946
1787405768.7998757,1344.79,0,0,100,1946
1787405769.8273132,1345.817,0,0,99,1946
1787405770.8561406,1346.846,0,0,100,1946
1787405771.8852353,1347.875,0,0,100,1946
1787405772.9174244,1348.907,0,0,100,1946
1787405773.9501042,1349.94,0,0,100,1946
1787405774.977211,1350.967,0,0,100,1946
1787405776.0082722,1351.998,0,0,100,1946
1787405777.0380929,1353.028,0,0,100,1946
1787405778.0691853,1354.059,0,0,100,1946
1787405779.0971184,1355.087,0,0,99,1946
1787405780.1276786,1356.117,0,0,100,1946
1787405781.1566339,1357.146,0,0,100,1946
1787405782.1843264,1358.174,0,0,100,1946
1787405783.231893,1359.222,0,0,100,1946
1787405784.2669322,1360.257,0,0,85,1946
1787405785.2993712,1361.289,0,0,100,1946
1787405786.328308,1362.318,0,0,99,1946
1787405787.3550315,1363.345,0,0,100,1946
1787405788.3839371,1364.374,0,0,99,1946
1787405789.411299,1365.401,0,0,100,1946
1787405790.4439735,1366.434,0,0,100,1946
1787405791.4754198,1367.465,0,0,100,1946
1787405792.5065126,1368.496,0,0,100,1946
1787405793.535065,1369.525,0,0,100,1946
1787405794.5648592,1370.555,0,0,100,1946
1787405795.5923426,1371.582,0,0,100,1946
1787405796.6209395,1372.611,0,0,100,1946
1787405797.6496644,1373.639,0,0,100,1946
1787405798.6779413,1374.668,0,0,99,1946
1787405799.7063234,1375.696,0,0,100,1946
1787405800.732485,1376.722,0,0,100,1946
1787405801.7615824,1377.751,0,0,100,1946
1787405802.789728,1378.779,0,0,100,1946
1787405803.818309,1379.808,0,0,100,1946
1787405804.8499546,1380.84,0,0,100,1946
1787405805.8830597,1381.873,0,0,100,1946
1787405806.9099565,1382.9,0,0,100,1946
1787405807.9420228,1383.932,0,0,100,1946
1787405808.968972,1384.959,0,0,99,1946
1787405809.9959097,1385.986,0,0,100,1946
1787405811.0265365,1387.016,0,0,100,1946
1787405812.059165,1388.049,0,0,100,1946
1787405813.092992,1389.083,0,0,100,1946
1787405814.1203592,1390.11,0,0,100,1946
1787405815.1486504,1391.138,0,0,100,1946
1787405816.1803107,1392.17,0,0,100,1946
1787405817.2102675,1393.2,0,0,99,1946
1787405818.2396214,1394.229,0,0,100,1946
1787405819.2689114,1395.259,0,0,100,1946
1787405820.300341,1396.29,0,0,100,1946
1787405821.336503,1397.326,0,0,100,1946
1787405822.3665602,1398.356,0,0,100,1946
1787405823.401484,1399.391,0,0,100,1946
1787405824.4324372,1400.422,0,0,100,1946
1787405825.463801,1401.454,0,0,100,1946
1787405826.492287,1402.482,0,0,100,1946
1787405827.5189655,1403.509,0,0,99,1946
1787405828.5509846,1404.541,0,0,100,1946
1787405829.584325,1405.574,0,0,100,1946
1787405830.6153839,1406.605,0,0,100,1946
1787405831.6454866,1407.635,0,0,100,1946
1787405832.6754694,1408.665,0,0,100,1946
1787405833.7056477,1409.695,0,0,100,1946
1787405834.7330828,1410.723,0,0,100,1946
1787405835.763224,1411.753,0,0,100,1946
1787405836.7956066,1412.785,0,0,100,1946
1787405837.8296013,1413.819,0,0,99,1946
1787405838.8582842,1414.848,0,0,100,1946
1787405839.891527,1415.881,0,0,100,1946
1787405840.9207046,1416.91,0,0,100,1946
1787405841.9539948,1417.944,0,0,100,1946
1787405842.9837697,1418.973,0,0,100,1946
1787405844.0115235,1420.001,0,0,100,1946
1787405845.0428078,1421.033,0,0,100,1946
1787405846.0715308,1422.061,0,0,100,1946
1787405847.0990853,1423.089,0,0,100,1946
1787405848.1321425,1424.122,0,0,99,1946
1787405849.165897,1425.156,0,0,100,1946
1787405850.195105,1426.185,0,0,100,1946
1787405851.2231238,1427.213,0,0,100,1946
1787405852.252699,1428.242,0,0,100,1946
1787405853.280642,1429.27,0,0,100,1946
1787405854.308768,1430.298,0,0,100,1946
1787405855.341644,1431.331,0,0,100,1946
1787405856.370051,1432.36,0,0,99,1946
1787405857.4009972,1433.391,0,0,100,1946
1787405858.4288712,1434.419,0,0,100,1946
1787405859.458035,1435.448,0,0,100,1946
1787405860.4839125,1436.474,0,0,100,1946
1787405861.5147536,1437.504,0,0,100,1946
1787405862.5465896,1438.536,0,0,100,1946
1787405863.5725238,1439.562,0,0,100,1946
1787405864.604355,1440.594,0,0,100,1946
1787405865.631574,1441.621,0,0,100,1946
1787405866.6615212,1442.651,0,0,99,1946
1787405867.6918323,1443.682,0,0,100,1946
1787405868.7207987,1444.711,0,0,100,1946
1787405869.746778,1445.736,0,0,100,1946
1787405870.7755833,1446.765,0,0,100,1946
1787405871.8015356,1447.791,0,0,100,1946
1787405872.855253,1448.845,0,0,100,1946
1787405873.8833628,1449.873,0,0,100,1946
1787405874.9107077,1450.9,0,0,100,1946
1787405875.9452875,1451.935,0,0,100,1946
1787405876.97734,1452.967,0,0,99,1946
1787405878.0100095,1454.0,0,0,100,1946
1787405879.0457406,1455.035,0,0,100,1946
1787405880.0799558,1456.07,0,0,100,1946
1787405881.109371,1457.099,0,0,100,1946
1787405882.1393635,1458.129,0,0,100,1946
1787405883.167856,1459.158,0,0,100,1946
1787405884.198419,1460.188,0,0,100,1946
1787405885.2277856,1461.218,0,0,100,1946
1787405886.2580426,1462.248,0,0,99,1946
1787405887.2880828,1463.278,0,0,100,1946
1787405888.3164713,1464.306,0,0,100,1946
1787405889.3468633,1465.337,0,0,99,1946
1787405890.3760452,1466.366,0,0,100,1946
1787405891.403305,1467.393,0,0,100,1946
1787405892.4372728,1468.427,0,0,100,1946
1787405893.4689147,1469.459,0,0,100,1946
1787405894.4997885,1470.49,0,0,100,1946
1787405895.534776,1471.524,0,0,99,1946
1787405896.5651684,1472.555,0,0,100,1946
1787405897.5948236,1473.585,0,0,100,1946
1787405898.6296809,1474.619,0,0,100,1946
1787405899.66182,1475.652,0,0,100,1946
1787405900.6937811,1476.684,0,0,99,1946
1787405901.7236803,1477.713,0,0,100,1946
1787405902.75341,1478.743,0,0,100,1946
1787405903.7885368,1479.778,0,0,100,1946
1787405904.8205545,1480.81,0,0,100,1946
1787405905.8498366,1481.84,0,0,99,1946
1787405906.8809724,1482.871,0,0,100,1946
1787405907.9089649,1483.899,0,0,99,1946
1787405908.9406283,1484.93,0,0,100,1946
1787405909.9681914,1485.958,0,0,100,1946
1787405910.997123,1486.987,0,0,100,1946
1787405912.028297,1488.018,0,0,100,1946
1787405913.0554118,1489.045,0,0,100,1946
1787405914.0836296,1490.073,0,0,100,1946
1787405915.1108737,1491.101,0,0,99,1946
1787405916.1393101,1492.129,0,0,100,1946
1787405917.1648273,1493.155,0,0,100,1946
1787405918.1911614,1494.181,0,0,100,1946
1787405919.218821,1495.209,0,0,100,1946
1787405920.2480624,1496.238,0,0,100,1946
1787405921.2819023,1497.272,0,0,100,1946
1787405922.3092184,1498.299,0,0,100,1946
1787405923.3389475,1499.329,0,0,100,1946
1787405924.3689249,1500.359,0,0,100,1946
1787405925.4002354,1501.39,0,0,99,1946
1787405926.4285684,1502.418,0,0,100,1946
1787405927.4565225,1503.446,0,0,100,1946
1787405928.4873953,1504.477,0,0,100,1946
1787405929.52327,1505.513,0,0,100,1946
1787405930.5526116,1506.542,0,0,100,1946
1787405931.5836065,1507.573,0,0,100,1946
1787405932.6101103,1508.6,0,0,100,1946
1787405933.6379175,1509.628,0,0,100,1946
1787405934.6666312,1510.656,0,0,99,1946
1787405935.6991086,1511.689,0,0,100,1946
1787405936.726605,1512.716,0,0,100,1946
1787405937.758975,1513.749,0,0,100,1946
1787405938.7892706,1514.779,0,0,100,1946
1787405939.8218274,1515.812,0,0,100,1946
1787405940.84921,1516.839,0,0,100,1946
1787405941.8770792,1517.867,0,0,100,1946
1787405942.9062057,1518.896,0,0,100,1946
1787405943.935586,1519.925,0,0,100,1946
1787405944.9644017,1520.954,0,0,100,1946
1787405945.9926925,1521.982,0,0,100,1946
1787405947.0243678,1523.014,0,0,100,1946
1787405948.0614147,1524.051,0,0,100,1946
1787405949.0914805,1525.081,0,0,99,1946
1787405950.1248794,1526.115,0,0,100,1946
1787405951.1570392,1527.147,0,0,100,1946
1787405952.198754,1528.188,0,0,99,1946
1787405953.227617,1529.217,0,0,100,1946
1787405954.2543223,1530.244,0,0,98,1946
1787405955.2794611,1531.269,0,0,100,1946
1787405956.3065515,1532.296,0,0,100,1946
1787405957.3315787,1533.321,0,0,98,1946
1787405958.3596032,1534.349,0,0,100,1946
1787405959.38654,1535.376,0,0,100,1946
1787405960.4185383,1536.408,0,0,100,1946
1787405961.4493363,1537.439,0,0,100,1946
1787405962.4761248,1538.466,0,0,100,1946
1787405963.5048344,1539.495,0,0,100,1946
1787405964.5302813,1540.52,0,0,99,1946
1787405965.5586095,1541.548,0,0,100,1946
1787405966.5853379,1542.575,0,0,100,1946
1787405967.6168377,1543.607,0,0,100,1946
1787405968.6494558,1544.639,0,0,100,1946
1787405969.6864028,1545.676,0,0,100,1946
1787405970.7172842,1546.707,0,0,100,1946
1787405971.7476952,1547.737,0,0,100,1946
1787405972.777393,1548.767,0,0,100,1946
1787405973.8087666,1549.798,0,0,99,1946
1787405974.842697,1550.832,0,0,100,1946
1787405975.8695457,1551.859,0,0,99,1946
1787405976.8995674,1552.889,0,0,100,1946
1787405977.9327514,1553.922,0,0,99,1946
1787405978.9637527,1554.953,0,0,100,1946
1787405979.9939466,1555.984,0,0,100,1946
1787405981.0213466,1557.011,0,0,100,1946
1787405982.0552833,1558.045,0,0,100,1946
1787405983.0836468,1559.073,0,0,98,1946
1787405984.110734,1560.1,0,0,100,1946
1787405985.1378224,1561.128,0,0,100,1946
1787405986.173498,1562.163,0,0,100,1946
1787405987.2025092,1563.192,0,0,100,1946
1787405988.2336204,1564.223,0,0,99,1946
1787405989.2675312,1565.257,0,0,100,1946
1787405990.300143,1566.29,0,0,100,1946
1787405991.327097,1567.317,0,0,100,1946
1787405992.3564138,1568.346,0,0,100,1946
1787405993.3864686,1569.376,0,0,100,1946
1787405994.418321,1570.408,0,0,100,1946
1787405995.4454796,1571.435,0,0,100,1946
1787405996.4742756,1572.464,0,0,100,1946
1787405997.5049305,1573.495,0,0,100,1946
1787405998.5319908,1574.522,0,0,100,1946
1787405999.559032,1575.549,0,0,100,1946
1787406000.5879874,1576.578,0,0,100,1946
1787406001.6159265,1577.606,0,0,100,1946
1787406002.6426895,1578.632,0,0,100,1946
1787406003.6736925,1579.663,0,0,100,1946
1787406004.7031953,1580.693,0,0,100,1946
1787406005.7335818,1581.723,0,0,99,1946
1787406006.7689102,1582.759,0,0,100,1946
1787406007.7974741,1583.787,0,0,100,1946
1787406008.8305106,1584.82,0,0,100,1946
1787406009.859234,1585.849,0,0,100,1946
1787406010.8880017,1586.878,0,0,100,1946
1787406011.9158833,1587.906,0,0,100,1946
1787406012.9509153,1588.941,0,0,100,1946
1787406013.9796886,1589.969,0,0,100,1946
1787406015.01002,1591.0,0,0,100,1946
1787406016.0390537,1592.029,0,0,100,1946
1787406017.0675404,1593.057,0,0,100,1946
1787406018.0959198,1594.086,0,0,100,1946
1787406019.124319,1595.114,0,0,100,1946
1787406020.1545808,1596.144,0,0,100,1946
1787406021.1922846,1597.182,0,0,100,1946
1787406022.2210226,1598.211,0,0,100,1946
1787406023.247575,1599.237,0,0,100,1946
1787406024.276802,1600.267,0,0,100,1946
1787406025.3114038,1601.301,0,0,100,1946
1787406026.347255,1602.337,0,0,100,1946
1787406027.3761888,1603.366,0,0,100,1946
1787406028.4053235,1604.395,0,0,100,1946
1787406029.435786,1605.426,0,0,100,1946
1787406030.4636455,1606.453,0,0,100,1946
1787406031.4960506,1607.486,0,0,100,1946
1787406032.5269876,1608.517,0,0,100,1946
1787406033.5568235,1609.547,0,0,99,1946
1787406034.5910969,1610.581,0,0,100,1946
1787406035.6252444,1611.615,0,0,100,1946
1787406036.6550794,1612.645,0,0,100,1946
1787406037.6874542,1613.677,0,0,100,1946
1787406038.7194052,1614.709,0,0,100,1946
1787406039.7559772,1615.746,0,0,99,1946
1787406040.7842453,1616.774,0,0,100,1946
1787406041.8099475,1617.8,0,0,100,1946
1787406042.8391283,1618.829,0,0,100,1946
1787406043.8700318,1619.86,0,0,100,1946
1787406044.9029093,1620.893,0,0,99,1946
1787406045.9297156,1621.919,0,0,100,1946
1787406046.9596028,1622.949,0,0,100,1946
1787406047.9867582,1623.976,0,0,100,1946
1787406049.0116062,1625.001,0,0,100,1946
1787406050.039408,1626.029,0,0,100,1946
1787406051.0737326,1627.063,0,0,100,1946
1787406052.1011333,1628.091,0,0,100,1946
1787406053.1308424,1629.121,0,0,100,1946
1787406054.1585848,1630.148,0,0,100,1946
1787406055.1917036,1631.181,0,0,100,1946
1787406056.2259612,1632.216,0,0,100,1946
1787406057.2571208,1633.247,0,0,100,1946
1787406058.2863503,1634.276,0,0,100,1946
1787406059.324702,1635.314,0,0,100,1946
1787406060.352645,1636.342,0,0,100,1946
1787406061.380064,1637.37,0,0,100,1946
1787406062.4070172,1638.397,0,0,100,1946
1787406063.4333644,1639.423,0,0,99,1946
1787406064.466823,1640.457,0,0,100,1946
1787406065.4977353,1641.487,0,0,100,1946
1787406066.526933,1642.517,0,0,100,1946
1787406067.5628877,1643.553,0,0,99,1946
1787406068.5952315,1644.585,0,0,99,1946
1787406069.6216695,1645.611,0,0,100,1946
1787406070.64875,1646.638,0,0,100,1946
1787406071.6782951,1647.668,0,0,100,1946
1787406072.7086751,1648.698,0,0,100,1946
1787406073.73835,1649.728,0,0,100,1946
1787406074.7661858,1650.756,0,0,100,1946
1787406075.7977343,1651.787,0,0,100,1946
1787406076.8304408,1652.82,0,0,100,1946
1787406077.8566194,1653.846,0,0,100,1946
1787406078.8872702,1654.877,0,0,99,1946
1787406079.920389,1655.91,0,0,100,1946
1787406080.9493606,1656.939,0,0,99,1946
1787406081.9850845,1657.975,0,0,100,1946
1787406083.0187058,1659.008,0,0,100,1946
1787406084.0481968,1660.038,0,0,100,1946
1787406085.0757172,1661.065,0,0,100,1946
1787406086.1024678,1662.092,0,0,100,1946
1787406087.1350656,1663.125,0,0,100,1946
1787406088.1696744,1664.159,0,0,99,1946
1787406089.1956558,1665.185,0,0,100,1946
1787406090.2306685,1666.22,0,0,100,1946
1787406091.2587492,1667.248,0,0,100,1946
1787406092.285113,1668.275,0,0,100,1946
1787406093.317497,1669.307,0,0,100,1946
1787406094.3490846,1670.339,0,0,100,1946
1787406095.3807194,1671.37,0,0,100,1946
1787406096.4081564,1672.398,0,0,100,1946
1787406097.4373405,1673.427,0,0,99,1946
1787406098.4687684,1674.458,0,0,100,1946
1787406099.4982088,1675.488,0,0,100,1946
1787406100.528129,1676.518,0,0,100,1946
1787406101.5609992,1677.551,0,0,100,1946
1787406102.5906143,1678.58,0,0,100,1946
1787406103.618388,1679.608,0,0,100,1946
1787406104.6461685,1680.636,0,0,100,1946
1787406105.6748083,1681.665,0,0,100,1946
1787406106.706918,1682.697,0,0,100,1946
1787406107.7411065,1683.731,0,0,99,1946
1787406108.7695374,1684.759,0,0,100,1946
1787406109.797172,1685.787,0,0,100,1946
1787406110.8244486,1686.814,0,0,100,1946
1787406111.8519719,1687.842,0,0,100,1946
1787406112.8793695,1688.869,0,0,100,1946
1787406113.908438,1689.898,0,0,100,1946
1787406114.9356825,1690.925,0,0,100,1946
1787406115.9687002,1691.958,0,0,100,1946
1787406117.0011103,1692.991,0,0,100,1946
1787406118.0301018,1694.02,0,0,99,1946
1787406119.0598245,1695.05,0,0,100,1946
1787406120.0933619,1696.083,0,0,100,1946
1787406121.1263545,1697.116,0,0,100,1946
1787406122.1608028,1698.151,0,0,100,1946
1787406123.1884134,1699.178,0,0,100,1946
1787406124.223296,1700.213,0,0,100,1946
1787406125.2522385,1701.242,0,0,100,1946
1787406126.286453,1702.276,0,0,99,1946
1787406127.3137314,1703.303,0,0,100,1946
1787406128.3411033,1704.331,0,0,100,1946
1787406129.373044,1705.363,0,0,100,1946
1787406130.4006786,1706.39,0,0,100,1946
1787406131.4292507,1707.419,0,0,100,1946
1787406132.4580388,1708.448,0,0,100,1946
1787406133.488527,1709.478,0,0,100,1946
1787406134.5148268,1710.505,0,0,100,1946
1787406135.5437775,1711.533,0,0,100,1946
1787406136.5727746,1712.562,0,0,99,1946
1787406137.601776,1713.591,0,0,100,1946
1787406138.6310837,1714.621,0,0,100,1946
1787406139.6686766,1715.658,0,0,100,1946
1787406140.7030094,1716.693,0,0,100,1946
1787406141.730976,1717.721,0,0,100,1946
1787406142.7636003,1718.753,0,0,100,1946
1787406143.7918649,1719.782,0,0,99,1946
1787406144.824004,1720.814,0,0,100,1946
1787406145.852812,1721.843,0,0,100,1946
1787406146.8820865,1722.872,0,0,99,1946
1787406147.9095383,1723.899,0,0,100,1946
1787406148.938374,1724.928,0,0,99,1946
1787406149.9673183,1725.957,0,0,100,1946
1787406150.9940495,1726.984,0,0,100,1946
1787406152.0226789,1728.012,0,0,100,1946
1787406153.0548265,1729.045,0,0,100,1946
1787406154.083874,1730.074,0,0,100,1946
1787406155.1117332,1731.101,0,0,100,1946
1787406156.1400132,1732.13,0,0,99,1946
1787406157.1967802,1733.187,0,0,100,1946
1787406158.3346367,1734.324,0,0,100,1946
1787406159.3620455,1735.352,0,0,100,1946
1787406160.394972,1736.385,0,0,100,1946
1787406161.4297183,1737.419,0,0,100,1946
1787406162.4599848,1738.45,0,0,100,1946
1787406163.4908977,1739.481,0,0,100,1946
1787406164.5251899,1740.515,0,0,100,1946
1787406165.5615034,1741.551,0,0,99,1946
1787406166.5892618,1742.579,0,0,100,1946
1787406167.6175106,1743.607,0,0,100,1946
1787406168.6448584,1744.635,0,0,100,1946
1787406169.6708362,1745.661,0,0,100,1946
1787406170.6976032,1746.687,0,0,100,1946
1787406171.7264464,1747.716,0,0,100,1946
1787406172.7544627,1748.744,0,0,100,1946
1787406173.7827442,1749.772,0,0,100,1946
1787406174.810444,1750.8,0,0,100,1946
1787406175.83954,1751.829,0,0,99,1946
1787406176.871109,1752.861,0,0,100,1946
1787406177.902244,1753.892,0,0,100,1946
1787406178.9344127,1754.924,0,0,100,1946
1787406179.9655397,1755.955,0,0,100,1946
1787406180.9978936,1756.988,0,0,99,1946
1787406182.0299473,1758.02,0,0,100,1946
1787406183.0568805,1759.047,0,0,99,1946
1787406184.0927305,1760.082,0,0,100,1946
1787406185.1249242,1761.115,0,0,99,1946
1787406186.155072,1762.145,0,0,100,1946
1787406187.1857278,1763.175,0,0,100,1946
1787406188.2183318,1764.208,0,0,100,1946
1787406189.2491107,1765.239,0,0,100,1946
1787406190.2869172,1766.277,0,0,99,1946
1787406191.3154798,1767.305,0,0,100,1946
1787406192.3434324,1768.333,0,0,100,1946
1787406193.376301,1769.366,0,0,99,1946
1787406194.4049783,1770.395,0,0,100,1946
1787406195.4367368,1771.426,0,0,99,1946
1787406196.4675832,1772.457,0,0,100,1946
1787406197.5046046,1773.494,0,0,100,1946
1787406198.5329154,1774.523,0,0,100,1946
1787406199.5667384,1775.556,0,0,99,1946
1787406200.6022549,1776.592,0,0,100,1946
1787406201.6290033,1777.619,0,0,99,1946
1787406202.6632779,1778.653,0,0,100,1946
1787406203.6911414,1779.681,0,0,100,1946
1787406204.7208827,1780.711,0,0,99,1946
1787406205.7568276,1781.747,0,0,100,1946
1787406206.7840598,1782.774,0,0,100,1946
1787406207.8187084,1783.808,0,0,100,1946
1787406208.8484507,1784.838,0,0,100,1946
1787406209.882365,1785.872,0,0,100,1946
1787406210.91187,1786.902,0,0,100,1946
1787406211.945545,1787.935,0,0,99,1946
1787406212.9750779,1788.965,0,0,100,1946
1787406214.002755,1789.992,0,0,100,1946
1787406215.0362809,1791.026,0,0,99,1946
1787406216.0640416,1792.054,0,0,100,1946
1787406217.095023,1793.085,0,0,100,1946
1787406218.1275887,1794.117,0,0,100,1946
1787406219.158589,1795.148,0,0,100,1946
1787406220.1879807,1796.178,0,0,100,1946
1787406221.2150314,1797.205,0,0,100,1946
1787406222.2448306,1798.235,0,0,100,1946
1787406223.272128,1799.262,0,0,100,1946
1787406224.3033767,1800.293,0,0,99,1946
1787406225.330333,1801.32,0,0,100,1946
1787406226.3585045,1802.348,0,0,100,1946
1787406227.3884559,1803.378,0,0,100,1946
1787406228.5964746,1804.586,0,0,100,1946
1787406229.6261425,1805.616,0,0,100,1946
1787406230.6545196,1806.644,0,0,100,1946
1787406231.6838362,1807.674,0,0,100,1946
1787406232.7190793,1808.709,0,0,100,1946
1787406233.7468793,1809.737,0,0,99,1946
1787406234.778591,1810.768,0,0,100,1946
1787406235.8087084,1811.798,0,0,100,1946
1787406236.8396904,1812.829,0,0,100,1946
1787406237.8689642,1813.859,0,0,100,1946
1787406238.896511,1814.886,0,0,100,1946
1787406239.9240046,1815.914,0,0,100,1946
1787406240.9526095,1816.942,0,0,100,1946
1787406241.9818506,1817.972,0,0,100,1946
1787406243.0106173,1819.0,0,0,100,1946
1787406244.0391855,1820.029,0,0,99,1946
1787406245.0656042,1821.055,0,0,100,1946
1787406246.1018498,1822.092,0,0,100,1946
1787406247.1307518,1823.12,0,0,100,1946
1787406248.1600995,1824.15,0,0,99,1946
1787406249.1919231,1825.182,0,0,100,1946
1787406250.2207403,1826.21,0,0,100,1946
1787406251.248858,1827.239,0,0,100,1946
1787406252.2776036,1828.267,0,0,100,1946
1787406253.3086991,1829.298,0,0,99,1946
1787406254.3373702,1830.327,0,0,100,1946
1787406255.3689158,1831.359,0,0,100,1946
1787406256.3961418,1832.386,0,0,100,1946
1787406257.424869,1833.415,0,0,100,1946
1787406258.4535415,1834.443,0,0,100,1946
1787406259.4849634,1835.475,0,0,100,1946
1787406260.5118117,1836.502,0,0,100,1946
1787406261.541878,1837.532,0,0,100,1946
1787406262.569996,1838.56,0,0,100,1946
1787406263.6006935,1839.59,0,0,99,1946
1787406264.6276762,1840.617,0,0,100,1946
1787406265.6591065,1841.649,0,0,100,1946
1787406266.6928113,1842.683,0,0,100,1946
1787406267.7224493,1843.712,0,0,100,1946
1787406268.7531393,1844.743,0,0,100,1946
1787406269.7853205,1845.775,0,0,100,1946
1787406270.8161635,1846.806,0,0,100,1946
1787406271.8448377,1847.835,0,0,100,1946
1787406272.873428,1848.863,0,0,99,1946
1787406273.9055781,1849.895,0,0,100,1946
1787406274.933228,1850.923,0,0,100,1946
1787406275.9608083,1851.951,0,0,100,1946
1787406276.9905977,1852.98,0,0,99,1946
1787406278.0185647,1854.008,0,0,100,1946
1787406279.045126,1855.035,0,0,100,1946
1787406280.0747607,1856.064,0,0,100,1946
1787406281.1032875,1857.093,0,0,100,1946
1787406282.130841,1858.121,0,0,99,1946
1787406283.1602507,1859.15,0,0,100,1946
1787406284.1902008,1860.18,0,0,100,1946
1787406285.2211049,1861.211,0,0,100,1946
1787406286.2488575,1862.239,0,0,100,1946
1787406287.2767746,1863.266,0,0,100,1946
1787406288.3065574,1864.296,0,0,100,1946
1787406289.3356705,1865.325,0,0,100,1946
1787406290.3634782,1866.353,0,0,100,1946
1787406291.392844,1867.383,0,0,100,1946
1787406292.4227738,1868.412,0,0,99,1946
1787406293.4541535,1869.444,0,0,100,1946
1787406294.487333,1870.477,0,0,100,1946
1787406295.516939,1871.507,0,0,100,1946
1787406296.5474746,1872.537,0,0,100,1946
1787406297.577319,1873.567,0,0,100,1946
1787406298.608788,1874.599,0,0,100,1946
1787406299.637299,1875.627,0,0,100,1946
1787406300.667315,1876.657,0,0,100,1946
1787406301.697488,1877.687,0,0,100,1946
1787406302.7257216,1878.715,0,0,99,1946
1787406303.7529862,1879.743,0,0,100,1946
1787406304.7829256,1880.773,0,0,100,1946
1787406305.8101394,1881.8,0,0,100,1946
1787406306.8440695,1882.834,0,0,100,1946
1787406307.8746703,1883.864,0,0,100,1946
1787406308.9065533,1884.896,0,0,100,1946
1787406309.9346714,1885.924,0,0,100,1946
1787406310.9631808,1886.953,0,0,100,1946
1787406311.9922209,1887.982,0,0,98,1946
1787406313.0312793,1889.021,0,0,100,1946
1787406314.060036,1890.05,0,0,100,1946
1787406315.092614,1891.082,0,0,100,1946
1787406316.1231225,1892.113,0,0,100,1946
1787406317.1511106,1893.141,0,0,100,1946
1787406318.181823,1894.172,0,0,100,1946
1787406319.2114701,1895.201,0,0,100,1946
1787406320.2414527,1896.231,0,0,100,1946
1787406321.268789,1897.259,0,0,100,1946
1787406322.2979207,1898.288,0,0,100,1946
1787406323.3255363,1899.315,0,0,100,1946
1787406324.3588727,1900.349,0,0,100,1946
1787406325.3865483,1901.376,0,0,100,1946
1787406326.416597,1902.406,0,0,100,1946
1787406327.4506972,1903.44,0,0,100,1946
1787406328.480108,1904.47,0,0,100,1946
1787406329.5075705,1905.497,0,0,100,1946
1787406330.5339842,1906.524,0,0,100,1946
1787406331.562887,1907.553,0,0,100,1946
1787406332.5921705,1908.582,0,0,100,1946
1787406333.6205888,1909.61,0,0,100,1946
1787406334.6497927,1910.64,0,0,100,1946
1787406335.6807313,1911.67,0,0,100,1946
1787406336.7093477,1912.699,0,0,100,1946
1787406337.7384574,1913.728,0,0,100,1946
1787406338.767683,1914.757,0,0,100,1946
1787406339.8005328,1915.79,0,0,100,1946
1787406340.8457742,1916.835,0,0,100,1946
1787406341.874248,1917.864,0,0,100,1946
1787406342.9037774,1918.893,0,0,100,1946
1787406343.932185,1919.922,0,0,100,1946
1787406344.960604,1920.95,0,0,100,1946
1787406345.9881313,1921.978,0,0,100,1946
1787406347.0184538,1923.008,0,0,100,1946
1787406348.0521271,1924.042,0,0,100,1946
1787406349.0836143,1925.073,0,0,100,1946
1787406350.1120973,1926.102,0,0,100,1946
1787406351.1429844,1927.133,0,0,100,1946
1787406352.1742764,1928.164,0,0,100,1946
1787406353.205257,1929.195,0,0,100,1946
1787406354.2333944,1930.223,0,0,100,1946
1787406355.2614,1931.251,0,0,100,1946
1787406356.2919338,1932.282,0,0,100,1946
1787406357.321283,1933.311,0,0,100,1946
1787406358.3472772,1934.337,0,0,100,1946
1787406359.3750155,1935.365,0,0,100,1946
1787406360.4037824,1936.394,0,0,100,1946
1787406361.4357378,1937.425,0,0,100,1946
1787406362.4657667,1938.455,0,0,100,1946
1787406363.4949892,1939.485,0,0,99,1946
1787406364.5204878,1940.51,0,0,100,1946
1787406365.5483558,1941.538,0,0,100,1946
1787406366.5775018,1942.567,0,0,100,1946
1787406367.603306,1943.593,0,0,100,1946
1787406368.6338174,1944.624,0,0,100,1946
1787406369.6618078,1945.652,0,0,100,1946
1787406370.6882482,1946.678,0,0,100,1946
1787406371.7153797,1947.705,0,0,100,1946
1787406372.7454755,1948.735,0,0,100,1946
1787406373.776489,1949.766,0,0,100,1946
1787406374.804312,1950.794,0,0,100,1946
1787406375.8295298,1951.819,0,0,100,1946
1787406376.8676205,1952.857,0,0,100,1946
1787406377.8954418,1953.885,0,0,100,1946
1787406378.9277768,1954.917,0,0,100,1946
1787406379.9592094,1955.949,0,0,100,1946
1787406380.9879189,1956.978,0,0,100,1946
1787406382.0155892,1958.005,0,0,100,1946
1787406383.0466108,1959.036,0,0,100,1946
1787406384.0736177,1960.063,0,0,100,1946
1787406385.1025114,1961.092,0,0,100,1946
1787406386.129232,1962.119,0,0,100,1946
1787406387.1545746,1963.144,0,0,100,1946
1787406388.1855292,1964.175,0,0,100,1946
1787406389.2120795,1965.202,0,0,100,1946
1787406390.2432008,1966.233,0,0,100,1946
1787406391.2755392,1967.265,0,0,100,1946
1787406392.3047307,1968.294,0,0,100,1946
1787406393.3371768,1969.327,0,0,100,1946
1787406394.3667285,1970.356,0,0,100,1946
1787406395.3979123,1971.388,0,0,100,1946
1787406396.4265354,1972.416,0,0,100,1946
1787406397.4543295,1973.444,0,0,99,1946
1787406398.4844677,1974.474,0,0,100,1946
1787406399.5130389,1975.503,0,0,100,1946
1787406400.5419083,1976.532,0,0,100,1946
1787406401.5751398,1977.565,0,0,100,1946
1787406402.6090145,1978.599,0,0,100,1946
1787406403.6396809,1979.629,0,0,100,1946
1787406404.672047,1980.662,0,0,100,1946
1787406405.7045565,1981.694,0,0,100,1946
1787406406.7318423,1982.722,0,0,99,1946
1787406407.762011,1983.752,0,0,100,1946
1787406408.7880392,1984.778,0,0,100,1946
1787406409.8191595,1985.809,0,0,100,1946
1787406410.845763,1986.835,0,0,100,1946
1787406411.8772442,1987.867,0,0,100,1946
1787406412.9069207,1988.897,0,0,100,1946
1787406413.9344575,1989.924,0,0,99,1946
1787406414.9651203,1990.955,0,0,100,1946
1787406415.9915526,1991.981,0,0,100,1946
1787406417.0231218,1993.013,0,0,99,1946
1787406418.0519176,1994.042,0,0,100,1946
1787406419.0819495,1995.072,0,0,100,1946
1787406420.115942,1996.106,0,0,100,1946
1787406421.149994,1997.14,0,0,100,1946
1787406422.178426,1998.168,0,0,99,1946
1787406423.2087936,1999.199,0,0,100,1946
1787406424.2364542,2000.226,0,0,100,1946
1787406425.2739205,2001.264,0,0,100,1946
1787406426.302528,2002.292,0,0,100,1946
1787406427.3292522,2003.319,0,0,99,1946
1787406428.3548393,2004.345,0,0,100,1946
1787406429.3821006,2005.372,0,0,100,1946
1787406430.4116626,2006.401,0,0,100,1946
1787406431.4395678,2007.429,0,0,100,1946
1787406432.4681902,2008.458,0,0,100,1946
1787406433.4988313,2009.489,0,0,100,1946
1787406434.527967,2010.518,0,0,100,1946
1787406435.5552626,2011.545,0,0,99,1946
1787406436.589533,2012.579,0,0,100,1946
1787406437.6178584,2013.608,0,0,100,1946
1787406438.645194,2014.635,0,0,100,1946
1787406439.6724436,2015.662,0,0,100,1946
1787406440.6999695,2016.69,0,0,100,1946
1787406441.7271214,2017.717,0,0,100,1946
1787406442.755584,2018.745,0,0,100,1946
1787406443.7844684,2019.774,0,0,100,1946
1787406444.8128655,2020.803,0,0,100,1946
1787406445.8434732,2021.833,0,0,99,1946
1787406446.8754485,2022.865,0,0,100,1946
1787406447.9056556,2023.895,0,0,100,1946
1787406448.932091,2024.922,0,0,100,1946
1787406449.9600883,2025.95,0,0,100,1946
1787406450.991116,2026.981,0,0,100,1946
1787406452.0166476,2028.006,0,0,100,1946
1787406453.050746,2029.04,0,0,100,1946
1787406454.0799406,2030.07,0,0,100,1946
1787406455.111201,2031.101,0,0,100,1946
1787406456.1446671,2032.134,0,0,99,1946
1787406457.1756968,2033.165,0,0,100,1946
1787406458.2029,2034.193,0,0,100,1946
1787406459.230222,2035.22,0,0,100,1946
1787406460.2667217,2036.256,0,0,100,1946
1787406461.2963545,2037.286,0,0,100,1946
1787406462.329868,2038.32,0,0,100,1946
1787406463.3571053,2039.347,0,0,100,1946
1787406464.3836465,2040.373,0,0,100,1946
1787406465.4103231,2041.4,0,0,99,1946
1787406466.4436138,2042.433,0,0,100,1946
1787406467.4794972,2043.469,0,0,100,1946
1787406468.5078669,2044.498,0,0,100,1946
1787406469.5345118,2045.524,0,0,100,1946
1787406470.5645585,2046.554,0,0,100,1946
1787406471.7599204,2047.75,0,0,100,1946
1787406472.786686,2048.776,0,0,84,1946
1787406473.8162205,2049.806,0,0,100,1946
1787406474.8454251,2050.835,0,0,99,1946
1787406475.8727064,2051.862,0,0,100,1946
1787406476.9001358,2052.89,0,0,100,1946
1787406477.9339523,2053.924,0,0,100,1946
1787406478.9659278,2054.956,0,0,100,1946
1787406479.9948184,2055.985,0,0,100,1946
1787406481.0270202,2057.017,0,0,100,1946
1787406482.0561655,2058.046,0,0,100,1946
1787406483.0866933,2059.076,0,0,100,1946
1787406484.1210568,2060.111,0,0,100,1946
1787406485.1492338,2061.139,0,0,99,1946
1787406486.1845136,2062.174,0,0,100,1946
1787406487.2172704,2063.207,0,0,100,1946
1787406488.2461352,2064.236,0,0,100,1946
1787406489.2787197,2065.268,0,0,100,1946
1787406490.308779,2066.299,0,0,100,1946
1787406491.3433514,2067.333,0,0,100,1946
1787406492.3782594,2068.368,0,0,100,1946
1787406493.409039,2069.399,0,0,100,1946
1787406494.434755,2070.424,0,0,100,1946
1787406495.469651,2071.459,0,0,99,1946
1787406496.502957,2072.493,0,0,100,1946
1787406497.5342333,2073.524,0,0,100,1946
1787406498.5641909,2074.554,0,0,100,1946
1787406499.5944047,2075.584,0,0,100,1946
1787406500.6272564,2076.617,0,0,100,1946
1787406501.6543849,2077.644,0,0,100,1946
1787406502.6830356,2078.673,0,0,100,1946
1787406503.7108603,2079.701,0,0,99,1946
1787406504.7388117,2080.729,0,0,100,1946
1787406505.768462,2081.758,0,0,100,1946
1787406506.8002808,2082.79,0,0,99,1946
1787406507.8295846,2083.819,0,0,100,1946
1787406508.8574202,2084.847,0,0,100,1946
1787406509.8871903,2085.877,0,0,100,1946
1787406510.916211,2086.906,0,0,100,1946
1787406511.9460454,2087.936,0,0,100,1946
1787406512.975979,2088.966,0,0,100,1946
1787406514.0038838,2089.994,0,0,99,1946
1787406515.0326638,2091.022,0,0,100,1946
1787406516.0584755,2092.048,0,0,100,1946
1787406517.0842526,2093.074,0,0,100,1946
1787406518.1111562,2094.101,0,0,100,1946
1787406519.1369872,2095.127,0,0,100,1946
1787406520.162037,2096.152,0,0,100,1946
1787406521.186823,2097.177,0,0,100,1946
1787406522.2138393,2098.204,0,0,100,1946
1787406523.2410374,2099.231,0,0,100,1946
1787406524.2699335,2100.26,0,0,99,1946
1787406525.2993205,2101.289,0,0,100,1946
1787406526.3293023,2102.319,0,0,100,1946
1787406527.3617735,2103.351,0,0,100,1946
1787406528.3918839,2104.382,0,0,100,1946
1787406529.4202309,2105.41,0,0,100,1946
1787406530.4510095,2106.441,0,0,100,1946
1787406531.4789908,2107.469,0,0,100,1946
1787406532.514685,2108.504,0,0,100,1946
1787406533.5444057,2109.534,0,0,98,1946
1787406534.5819428,2110.572,0,0,100,1946
1787406535.612606,2111.602,0,0,100,1946
1787406536.6416042,2112.631,0,0,100,1946
1787406537.669239,2113.659,0,0,100,1946
1787406538.6996722,2114.689,0,0,100,1946
1787406539.7306762,2115.72,0,0,100,1946
1787406540.758405,2116.748,0,0,100,1946
1787406541.7877657,2117.777,0,0,100,1946
1787406542.8191,2118.809,0,0,99,1946
1787406543.8462226,2119.836,0,0,100,1946
1787406544.8802576,2120.87,0,0,100,1946
1787406545.9140913,2121.904,0,0,100,1946
1787406546.9494317,2122.939,0,0,100,1946
1787406547.9781668,2123.968,0,0,100,1946
1787406549.0096622,2124.999,0,0,100,1946
1787406550.0371976,2126.027,0,0,100,1946
1787406551.065129,2127.055,0,0,100,1946
1787406552.0994937,2128.089,0,0,100,1946
1787406553.1299822,2129.12,0,0,99,1946
1787406554.1667292,2130.156,0,0,100,1946
1787406555.1978028,2131.188,0,0,100,1946
1787406556.2251658,2132.215,0,0,100,1946
1787406557.2570446,2133.247,0,0,100,1946
1787406558.2869968,2134.277,0,0,100,1946
1787406559.315678,2135.305,0,0,100,1946
1787406560.3452582,2136.335,0,0,100,1946
1787406561.3734446,2137.363,0,0,100,1946
1787406562.4038575,2138.394,0,0,99,1946
1787406563.4317546,2139.421,0,0,100,1946
1787406564.4589632,2140.449,0,0,100,1946
1787406565.4892488,2141.479,0,0,100,1946
1787406566.517405,2142.507,0,0,100,1946
1787406567.5463822,2143.536,0,0,100,1946
1787406568.5732937,2144.563,0,0,100,1946
1787406569.6123185,2145.602,0,0,100,1946
1787406570.640598,2146.63,0,0,100,1946
1787406571.6722262,2147.662,0,0,100,1946
1787406572.6990938,2148.689,0,0,99,1946
1787406573.7261958,2149.716,0,0,100,1946
1787406574.7525628,2150.742,0,0,100,1946
1787406575.7818213,2151.772,0,0,100,1946
1787406576.8092594,2152.799,0,0,100,1946
1787406577.8370657,2153.827,0,0,99,1946
1787406578.8641224,2154.854,0,0,100,1946
1787406579.89663,2155.886,0,0,100,1946
1787406580.9264193,2156.916,0,0,100,1946
1787406581.9619958,2157.952,0,0,99,1946
1787406582.9907203,2158.98,0,0,100,1946
1787406584.0196943,2160.009,0,0,100,1946
1787406585.0506837,2161.04,0,0,100,1946
1787406586.076451,2162.066,0,0,100,1946
1787406587.1038888,2163.094,0,0,100,1946
1787406588.1361687,2164.126,0,0,100,1946
1787406589.164215,2165.154,0,0,100,1946
1787406590.1910024,2166.181,0,0,100,1946
1787406591.22442,2167.214,0,0,99,1946
1787406592.2582674,2168.248,0,0,100,1946
1787406593.2906945,2169.28,0,0,100,1946
1787406594.318827,2170.309,0,0,99,1946
1787406595.3477561,2171.337,0,0,100,1946
1787406596.3781781,2172.368,0,0,100,1946
1787406597.405924,2173.396,0,0,100,1946
1787406598.4370751,2174.427,0,0,100,1946
1787406599.4691544,2175.459,0,0,100,1946
1787406600.4961395,2176.486,0,0,100,1946
1787406601.5240283,2177.514,0,0,99,1946
1787406602.551045,2178.541,0,0,100,1946
1787406603.579898,2179.57,0,0,100,1946
1787406604.6105428,2180.6,0,0,100,1946
1787406605.638246,2181.628,0,0,100,1946
1787406606.6720033,2182.662,0,0,100,1946
1787406607.698878,2183.689,0,0,100,1946
1787406608.7316942,2184.721,0,0,100,1946
1787406609.762433,2185.752,0,0,100,1946
1787406610.7916424,2186.781,0,0,100,1946
1787406611.8193803,2187.809,0,0,99,1946
1787406612.8507853,2188.841,0,0,100,1946
1787406613.8844302,2189.874,0,0,100,1946
1787406614.9159327,2190.906,0,0,100,1946
1787406615.9496655,2191.939,0,0,100,1946
1787406616.9786747,2192.968,0,0,100,1946
1787406618.0078945,2193.998,0,0,100,1946
1787406619.038572,2195.028,0,0,100,1946
1787406620.190091,2196.18,0,0,96,1946
1787406621.219138,2197.209,0,0,87,1946
1787406622.2477958,2198.238,0,0,100,1946
1787406623.2770264,2199.267,0,0,100,1946
1787406624.3077106,2200.297,0,0,100,1946
1787406625.3423796,2201.332,0,0,100,1946
1787406626.3714852,2202.361,0,0,100,1946
1787406627.4011579,2203.391,0,0,100,1946
1787406628.4319293,2204.422,0,0,100,1946
1787406629.4616885,2205.451,0,0,100,1946
1787406630.489902,2206.48,0,0,99,1946
1787406631.5191078,2207.509,0,0,100,1946
1787406632.5471203,2208.537,0,0,100,1946
1787406633.5765376,2209.566,0,0,100,1946
1787406634.6058397,2210.596,0,0,100,1946
1787406635.6320448,2211.622,0,0,100,1946
1787406636.6583292,2212.648,0,0,100,1946
1787406637.6865313,2213.676,0,0,100,1946
1787406638.713415,2214.703,0,0,100,1946
1787406639.745826,2215.736,0,0,100,1946
1787406640.7738078,2216.764,0,0,99,1946
1787406641.8046098,2217.794,0,0,100,1946
1787406642.8361242,2218.826,0,0,100,1946
1787406643.863177,2219.853,0,0,100,1946
1787406644.8905275,2220.88,0,0,100,1946
1787406645.9244204,2221.914,0,0,100,1946
1787406646.9520612,2222.942,0,0,100,1946
1787406647.9869363,2223.977,0,0,100,1946
1787406649.0164795,2225.006,0,0,100,1946
1787406650.0444481,2226.034,0,0,100,1946
1787406651.0764165,2227.066,0,0,100,1946
1787406652.1057787,2228.096,0,0,100,1946
1787406653.1343281,2229.124,0,0,100,1946
1787406654.1643908,2230.154,0,0,100,1946
1787406655.1961148,2231.186,0,0,100,1946
1787406656.2289383,2232.219,0,0,100,1946
1787406657.257552,2233.247,0,0,100,1946
1787406658.2867174,2234.276,0,0,100,1946
1787406659.3170836,2235.307,0,0,100,1946
1787406660.350892,2236.341,0,0,99,1946
1787406661.3820667,2237.372,0,0,100,1946
1787406662.4156516,2238.405,0,0,100,1946
1787406663.4450495,2239.435,0,0,100,1946
1787406664.4772897,2240.467,0,0,100,1946
1787406665.5084288,2241.498,0,0,100,1946
1787406666.5386016,2242.528,0,0,100,1946
1787406667.565678,2243.555,0,0,100,1946
1787406668.600242,2244.59,0,0,100,1946
1787406669.6310906,2245.621,0,0,100,1946
1787406670.6589036,2246.649,0,0,100,1946
1787406671.6882792,2247.678,0,0,100,1946
1787406672.7166188,2248.706,0,0,100,1946
1787406673.7483222,2249.738,0,0,100,1946
1787406674.782688,2250.772,0,0,100,1946
1787406675.8135514,2251.803,0,0,100,1946
1787406676.8445141,2252.834,0,0,100,1946
1787406677.871817,2253.862,0,0,100,1946
1787406678.907761,2254.897,0,0,100,1946
1787406679.9451392,2255.935,0,0,100,1946
1787406680.9771893,2256.967,0,0,100,1946
1787406682.0060356,2257.996,0,0,100,1946
1787406683.0340607,2259.024,0,0,100,1946
1787406684.0668435,2260.057,0,0,100,1946
1787406685.0987065,2261.088,0,0,100,1946
1787406686.1277385,2262.117,0,0,100,1946
1787406687.1572797,2263.147,0,0,100,1946
1787406688.1894538,2264.179,0,0,100,1946
1787406689.2190654,2265.209,0,0,100,1946
1787406690.2457945,2266.236,0,0,100,1946
1787406691.2731194,2267.263,0,0,100,1946
1787406692.300006,2268.29,0,0,100,1946
1787406693.3332546,2269.323,0,0,100,1946
1787406694.3632667,2270.353,0,0,99,1946
1787406695.3918195,2271.382,0,0,100,1946
1787406696.423633,2272.413,0,0,100,1946
1787406697.450888,2273.441,0,0,100,1946
1787406698.4790628,2274.469,0,0,100,1946
1787406699.5057635,2275.495,0,0,100,1946
1787406700.5364766,2276.526,0,0,100,1946
1787406701.5640936,2277.554,0,0,100,1946
1787406702.5913515,2278.581,0,0,100,1946
1787406703.6225202,2279.612,0,0,100,1946
1787406704.6579447,2280.648,0,0,100,1946
1787406705.6865885,2281.676,0,0,99,1946
1787406706.7240086,2282.714,0,0,100,1946
1787406707.75305,2283.743,0,0,100,1946
1787406708.7819195,2284.772,0,0,100,1946
1787406709.8080728,2285.798,0,0,100,1946
1787406710.8377562,2286.827,0,0,100,1946
1787406711.864078,2287.854,0,0,100,1946
1787406712.8969176,2288.887,0,0,100,1946
1787406713.9257696,2289.915,0,0,100,1946
1787406714.9519966,2290.942,0,0,100,1946
1787406715.9791746,2291.969,0,0,100,1946
1787406717.0067902,2292.997,0,0,100,1946
1787406718.0369308,2294.027,0,0,100,1946
1787406719.066861,2295.057,0,0,100,1946
1787406720.09545,2296.085,0,0,100,1946
1787406721.1227229,2297.112,0,0,100,1946
1787406722.1551785,2298.145,0,0,100,1946
1787406723.1861382,2299.176,0,0,100,1946
1787406724.2171957,2300.207,0,0,100,1946
1787406725.246028,2301.236,0,0,100,1946
1787406726.2747216,2302.264,0,0,99,1946
1787406727.3012094,2303.291,0,0,100,1946
1787406728.3275015,2304.317,0,0,100,1946
1787406729.3587022,2305.348,0,0,100,1946
1787406730.3869178,2306.377,0,0,100,1946
1787406731.4140801,2307.404,0,0,100,1946
1787406732.4428246,2308.433,0,0,100,1946
1787406733.470977,2309.461,0,0,100,1946
1787406734.5028272,2310.493,0,0,100,1946
1787406735.5347455,2311.524,0,0,99,1946
1787406736.5640042,2312.554,0,0,100,1946
1787406737.5941799,2313.584,0,0,100,1946
1787406738.6229959,2314.613,0,0,100,1946
1787406739.652398,2315.642,0,0,100,1946
1787406740.6808298,2316.671,0,0,100,1946
1787406741.7117076,2317.701,0,0,100,1946
1787406742.7456863,2318.735,0,0,99,1946
1787406743.7754502,2319.765,0,0,100,1946
1787406744.8105335,2320.8,0,0,99,1946
1787406745.8419294,2321.832,0,0,100,1946
1787406746.8730392,2322.863,0,0,100,1946
1787406747.9013822,2323.891,0,0,100,1946
1787406748.9330852,2324.923,0,0,100,1946
1787406749.962092,2325.952,0,0,100,1946
1787406751.0008185,2326.991,0,0,100,1946
1787406752.029306,2328.019,0,0,100,1946
1787406753.060362,2329.05,0,0,99,1946
1787406754.0874557,2330.077,0,0,100,1946
1787406755.115202,2331.105,0,0,99,1946
1787406756.1501212,2332.14,0,0,100,1946
1787406757.1865046,2333.176,0,0,100,1946
1787406758.22923,2334.219,0,0,100,1946
1787406759.2591608,2335.249,0,0,100,1946
1787406760.2891376,2336.279,0,0,99,1946
1787406761.3205369,2337.31,0,0,100,1946
1787406762.3495526,2338.339,0,0,100,1946
1787406763.3800488,2339.37,0,0,100,1946
1787406764.4080317,2340.398,0,0,100,1946
1787406765.4417436,2341.431,0,0,99,1946
1787406766.4734342,2342.463,0,0,100,1946
1787406767.4995382,2343.489,0,0,100,1946
1787406768.5286071,2344.518,0,0,100,1946
1787406769.5599341,2345.55,0,0,100,1946
1787406770.587962,2346.578,0,0,100,1946
1787406771.6231644,2347.613,0,0,99,1946
1787406772.6529493,2348.643,0,0,100,1946
1787406773.6816187,2349.671,0,0,99,1946
1787406774.7132509,2350.703,0,0,100,1946
1787406775.742596,2351.732,0,0,100,1946
1787406776.7772627,2352.767,0,0,99,1946
1787406777.8056338,2353.795,0,0,100,1946
1787406778.837026,2354.827,0,0,100,1946
1787406779.8669207,2355.857,0,0,100,1946
1787406780.8963513,2356.886,0,0,100,1946
1787406781.9264054,2357.916,0,0,100,1946
1787406782.9569218,2358.947,0,0,100,1946
1787406783.98239,2359.972,0,0,99,1946
1787406785.0131752,2361.003,0,0,100,1946
1787406786.0432012,2362.033,0,0,100,1946
1787406787.07968,2363.069,0,0,100,1946
1787406788.1064632,2364.096,0,0,100,1946
1787406789.1345317,2365.124,0,0,100,1946
1787406790.1619022,2366.152,0,0,100,1946
1787406791.1895642,2367.179,0,0,100,1946
1787406792.2183244,2368.208,0,0,100,1946
1787406793.2495792,2369.239,0,0,100,1946
1787406794.2789454,2370.269,0,0,99,1946
1787406795.307366,2371.297,0,0,100,1946
1787406796.340731,2372.33,0,0,99,1946
1787406797.370732,2373.36,0,0,100,1946
1787406798.3978128,2374.388,0,0,100,1946
1787406799.427131,2375.417,0,0,99,1946
1787406800.4551244,2376.445,0,0,100,1946
1787406801.4849527,2377.475,0,0,100,1946
1787406802.5132587,2378.503,0,0,100,1946
1787406803.540241,2379.53,0,0,99,1946
1787406804.5708046,2380.561,0,0,100,1946
1787406805.5973694,2381.587,0,0,100,1946
1787406806.629343,2382.619,0,0,100,1946
1787406807.659134,2383.649,0,0,100,1946
1787406808.686341,2384.676,0,0,100,1946
1787406809.7200496,2385.71,0,0,100,1946
1787406810.7517633,2386.741,0,0,100,1946
1787406811.7796998,2387.769,0,0,100,1946
1787406812.8108907,2388.801,0,0,99,1946
1787406813.8390582,2389.829,0,0,100,1946
1787406814.8705516,2390.86,0,0,100,1946
1787406815.8986335,2391.888,0,0,100,1946
1787406816.9273741,2392.917,0,0,100,1946
1787406817.954464,2393.944,0,0,100,1946
1787406818.987543,2394.977,0,0,100,1946
1787406820.0202615,2396.01,0,0,100,1946
1787406821.049976,2397.04,0,0,100,1946
1787406822.0877273,2398.077,0,0,100,1946
1787406823.1209629,2399.111,0,0,99,1946
1787406824.1487234,2400.138,0,0,100,1946
1787406825.1792552,2401.169,0,0,100,1946
1787406826.2084272,2402.198,0,0,100,1946
1787406827.2389197,2403.229,0,0,100,1946
1787406828.2694788,2404.259,0,0,100,1946
1787406829.2999785,2405.29,0,0,100,1946
1787406830.3261967,2406.316,0,0,100,1946
1787406831.3526967,2407.342,0,0,100,1946
1787406832.386218,2408.376,0,0,100,1946
1787406833.4139202,2409.404,0,0,99,1946
1787406834.4487152,2410.438,0,0,100,1946
1787406835.4784465,2411.468,0,0,99,1946
1787406836.5096264,2412.499,0,0,100,1946
1787406837.5371084,2413.527,0,0,100,1946
1787406838.5692668,2414.559,0,0,100,1946
1787406839.596946,2415.587,0,0,100,1946
1787406840.6258945,2416.616,0,0,100,1946
1787406841.6556606,2417.645,0,0,100,1946
1787406842.6829011,2418.673,0,0,99,1946
1787406843.7127426,2419.702,0,0,100,1946
1787406844.7459266,2420.736,0,0,100,1946
1787406845.7757168,2421.765,0,0,100,1946
1787406846.9623094,2422.952,0,0,99,1946
1787406847.996394,2423.986,0,0,100,1946
1787406849.0344484,2425.024,0,0,100,1946
1787406850.0628343,2426.053,0,0,100,1946
1787406851.098608,2427.088,0,0,100,1946
1787406852.1293464,2428.119,0,0,99,1946
1787406853.1610186,2429.151,0,0,100,1946
1787406854.191929,2430.182,0,0,100,1946
1787406855.2201867,2431.21,0,0,100,1946
1787406856.2500296,2432.24,0,0,100,1946
1787406857.2799888,2433.27,0,0,100,1946
1787406858.3081162,2434.298,0,0,100,1946
1787406859.3388917,2435.329,0,0,100,1946
1787406860.3691852,2436.359,0,0,100,1946
1787406861.3979115,2437.388,0,0,100,1946
1787406862.427115,2438.417,0,0,99,1946
1787406863.4546697,2439.444,0,0,100,1946
1787406864.4852204,2440.475,0,0,100,1946
1787406865.5153868,2441.505,0,0,100,1946
1787406866.5427916,2442.533,0,0,99,1946
1787406867.5741642,2443.564,0,0,100,1946
1787406868.6123774,2444.602,0,0,100,1946
1787406869.646832,2445.637,0,0,100,1946
1787406870.6792307,2446.669,0,0,100,1946
1787406871.708052,2447.698,0,0,99,1946
1787406872.7443788,2448.734,0,0,100,1946
1787406873.77605,2449.766,0,0,100,1946
1787406874.807305,2450.797,0,0,100,1946
1787406875.8349211,2451.825,0,0,100,1946
1787406876.866917,2452.857,0,0,100,1946
1787406877.89518,2453.885,0,0,100,1946
1787406878.9232864,2454.913,0,0,100,1946
1787406879.950442,2455.94,0,0,100,1946
1787406880.9783735,2456.968,0,0,99,1946
1787406882.0076373,2457.997,0,0,100,1946
1787406883.0347943,2459.025,0,0,99,1946
1787406884.064844,2460.055,0,0,100,1946
1787406885.096289,2461.086,0,0,100,1946
1787406886.1275077,2462.117,0,0,100,1946
1787406887.1685503,2463.158,0,0,100,1946
1787406888.197617,2464.187,0,0,100,1946
1787406889.2271116,2465.217,0,0,100,1946
1787406890.2564018,2466.246,0,0,100,1946
1787406891.2881918,2467.278,0,0,99,1946
1787406892.3229337,2468.313,0,0,100,1946
1787406893.3521214,2469.342,0,0,100,1946
1787406894.3863907,2470.376,0,0,100,1946
1787406895.4159698,2471.406,0,0,100,1946
1787406896.4462802,2472.436,0,0,100,1946
1787406897.4816678,2473.471,0,0,100,1946
1787406898.5149581,2474.505,0,0,100,1946
1787406899.5437632,2475.533,0,0,100,1946
1787406900.572185,2476.562,0,0,99,1946
1787406901.6024952,2477.592,0,0,100,1946
1787406902.6278863,2478.618,0,0,100,1946
1787406903.6537812,2479.644,0,0,100,1946
1787406904.6809318,2480.671,0,0,100,1946
1787406905.710086,2481.7,0,0,100,1946
1787406906.737801,2482.728,0,0,100,1946
1787406907.768422,2483.758,0,0,100,1946
1787406908.80297,2484.793,0,0,100,1946
1787406909.834409,2485.824,0,0,100,1946
1787406910.8645985,2486.854,0,0,99,1946
1787406911.890872,2487.881,0,0,100,1946
1787406912.9209037,2488.911,0,0,100,1946
1787406913.945966,2489.936,0,0,100,1946
1787406914.9778388,2490.968,0,0,100,1946
1787406916.0071354,2491.997,0,0,100,1946
1787406917.2078228,2493.198,0,0,100,1946
1787406918.2364724,2494.226,0,0,100,1946
1787406919.2642477,2495.254,0,0,100,1946
1787406920.3009658,2496.291,0,0,97,1946
1787406921.3323166,2497.322,0,0,100,1946
1787406922.3581734,2498.348,0,0,100,1946
1787406923.3978062,2499.388,0,0,100,1946
1787406924.4238715,2500.414,0,0,100,1946
1787406925.4549263,2501.445,0,0,100,1946
1787406926.4847543,2502.474,0,0,100,1946
1787406927.5118384,2503.502,0,0,100,1946
1787406928.539035,2504.529,0,0,100,1946
1787406929.5677927,2505.558,0,0,99,1946
1787406930.5986524,2506.588,0,0,100,1946
1787406931.6279416,2507.618,0,0,100,1946
1787406932.6564915,2508.646,0,0,100,1946
1787406933.684719,2509.674,0,0,100,1946
1787406934.7125719,2510.702,0,0,100,1946
1787406935.739649,2511.729,0,0,100,1946
1787406936.7769666,2512.767,0,0,100,1946
1787406937.813097,2513.803,0,0,100,1946
1787406938.844414,2514.834,0,0,100,1946
1787406939.876831,2515.867,0,0,99,1946
1787406940.9074237,2516.897,0,0,100,1946
1787406941.9345691,2517.924,0,0,100,1946
1787406942.9643462,2518.954,0,0,100,1946
1787406943.9946766,2519.984,0,0,100,1946
1787406945.0248618,2521.015,0,0,100,1946
1787406946.056117,2522.046,0,0,100,1946
1787406947.090064,2523.08,0,0,100,1946
1787406948.1234565,2524.113,0,0,100,1946
1787406949.1499755,2525.14,0,0,100,1946
1787406950.1855035,2526.175,0,0,99,1946
1787406951.22038,2527.21,0,0,99,1946
1787406952.2488933,2528.239,0,0,100,1946
1787406953.2810805,2529.271,0,0,100,1946
1787406954.3103452,2530.3,0,0,100,1946
1787406955.341086,2531.331,0,0,100,1946
1787406956.372062,2532.362,0,0,100,1946
1787406957.406099,2533.396,0,0,100,1946
1787406958.4417238,2534.431,0,0,99,1946
1787406959.4736114,2535.463,0,0,100,1946
1787406960.499774,2536.489,0,0,100,1946
1787406961.5305154,2537.52,0,0,100,1946
1787406962.5588424,2538.549,0,0,100,1946
1787406963.5850456,2539.575,0,0,100,1946
1787406964.6114979,2540.601,0,0,100,1946
1787406965.6439764,2541.634,0,0,100,1946
1787406966.6739972,2542.664,0,0,100,1946
1787406967.7051735,2543.695,0,0,100,1946
1787406968.739506,2544.729,0,0,99,1946
1787406969.770953,2545.761,0,0,100,1946
1787406970.802283,2546.792,0,0,100,1946
1787406971.832884,2547.823,0,0,100,1946
1787406972.859633,2548.849,0,0,99,1946
1787406973.8942072,2549.884,0,0,100,1946
1787406974.93498,2550.925,0,0,100,1946
1787406975.9628522,2551.953,0,0,100,1946
1787406977.001013,2552.991,0,0,100,1946
1787406978.0292141,2554.019,0,0,100,1946
1787406979.0568714,2555.047,0,0,100,1946
1787406980.0884492,2556.078,0,0,100,1946
1787406981.1178114,2557.108,0,0,100,1946
1787406982.145171,2558.135,0,0,100,1946
1787406983.176269,2559.166,0,0,100,1946
1787406984.2035866,2560.193,0,0,100,1946
1787406985.234195,2561.224,0,0,100,1946
1787406986.2688162,2562.259,0,0,100,1946
1787406987.306939,2563.297,0,0,100,1946
1787406988.335699,2564.325,0,0,100,1946
1787406989.3695633,2565.359,0,0,100,1946
1787406990.3949714,2566.385,0,0,100,1946
1787406991.423458,2567.413,0,0,100,1946
1787406992.4510744,2568.441,0,0,100,1946
1787406993.483454,2569.473,0,0,100,1946
1787406994.515782,2570.506,0,0,99,1946
1787406995.544217,2571.534,0,0,100,1946
1787406996.5804112,2572.57,0,0,100,1946
1787406997.6146016,2573.604,0,0,100,1946
1787406998.6423004,2574.632,0,0,100,1946
1787406999.6758268,2575.666,0,0,100,1946
1787407000.70576,2576.695,0,0,100,1946
1787407001.736738,2577.726,0,0,100,1946
1787407002.7672584,2578.757,0,0,100,1946
1787407003.7935019,2579.783,0,0,100,1946
1787407004.8243067,2580.814,0,0,100,1946
1787407005.8531804,2581.843,0,0,100,1946
1787407006.881471,2582.871,0,0,100,1946
1787407007.9112506,2583.901,0,0,100,1946
1787407008.9398801,2584.93,0,0,100,1946
1787407009.9689338,2585.959,0,0,100,1946
1787407011.001931,2586.992,0,0,100,1946
1787407012.0383797,2588.028,0,0,99,1946
1787407013.0774763,2589.067,0,0,100,1946
1787407014.1071427,2590.097,0,0,100,1946
1787407015.1373534,2591.127,0,0,100,1946
1787407016.1660485,2592.156,0,0,100,1946
1787407017.194718,2593.184,0,0,100,1946
1787407018.2232795,2594.213,0,0,100,1946
1787407019.2537193,2595.243,0,0,100,1946
1787407020.2809684,2596.271,0,0,100,1946
1787407021.3080716,2597.298,0,0,100,1946
1787407022.3351414,2598.325,0,0,100,1946
1787407023.365385,2599.355,0,0,100,1946
1787407024.390926,2600.381,0,0,100,1946
1787407025.4212463,2601.411,0,0,100,1946
1787407026.4490583,2602.439,0,0,100,1946
1787407027.4786296,2603.468,0,0,100,1946
1787407028.5083706,2604.498,0,0,99,1946
1787407029.5392058,2605.529,0,0,100,1946
1787407030.567733,2606.557,0,0,100,1946
1787407031.5956106,2607.585,0,0,100,1946
1787407032.6292975,2608.619,0,0,100,1946
1787407033.6580322,2609.648,0,0,100,1946
1787407034.6851375,2610.675,0,0,100,1946
1787407035.7144623,2611.704,0,0,100,1946
1787407036.7446203,2612.734,0,0,100,1946
1787407037.7713006,2613.761,0,0,100,1946
1787407038.7992668,2614.789,0,0,100,1946
1787407039.83105,2615.821,0,0,100,1946
1787407040.8583627,2616.848,0,0,99,1946
1787407041.8878345,2617.878,0,0,100,1946
1787407042.9164557,2618.906,0,0,100,1946
1787407043.9514632,2619.941,0,0,100,1946
1787407044.9814157,2620.971,0,0,100,1946
1787407046.011099,2622.001,0,0,100,1946
1787407047.0407078,2623.03,0,0,100,1946
1787407048.0718138,2624.062,0,0,100,1946
1787407049.1006274,2625.09,0,0,100,1946
1787407050.1288753,2626.119,0,0,100,1946
1787407051.155387,2627.145,0,0,100,1946
1787407052.195054,2628.185,0,0,100,1946
1787407053.234222,2629.224,0,0,100,1946
1787407054.2648435,2630.255,0,0,99,1946
1787407055.2957208,2631.285,0,0,100,1946
1787407056.3217676,2632.311,0,0,100,1946
1787407057.349017,2633.339,0,0,100,1946
1787407058.3784258,2634.368,0,0,100,1946
1787407059.4100237,2635.4,0,0,100,1946
1787407060.4402275,2636.43,0,0,100,1946
1787407061.468207,2637.458,0,0,100,1946
1787407062.496977,2638.487,0,0,100,1946
1787407063.5257194,2639.515,0,0,100,1946
1787407064.5597,2640.549,0,0,99,1946
1787407065.5910187,2641.581,0,0,100,1946
1787407066.6241415,2642.614,0,0,100,1946
1787407067.6534147,2643.643,0,0,100,1946
1787407068.6822133,2644.672,0,0,100,1946
1787407069.7118526,2645.702,0,0,100,1946
1787407070.7416234,2646.731,0,0,100,1946
1787407071.7731094,2647.763,0,0,100,1946
1787407072.8014998,2648.791,0,0,100,1946
1787407073.8341975,2649.824,0,0,99,1946
1787407074.8682358,2650.858,0,0,100,1946
1787407075.8980598,2651.888,0,0,99,1946
1787407076.9323854,2652.922,0,0,100,1946
1787407077.967204,2653.957,0,0,100,1946
1787407078.9953296,2654.985,0,0,100,1946
1787407080.0284069,2656.018,0,0,100,1946
1787407081.0587835,2657.049,0,0,99,1946
1787407082.09146,2658.081,0,0,100,1946
1787407083.1277742,2659.117,0,0,99,1946
1787407084.1626809,2660.152,0,0,100,1946
1787407085.1880193,2661.178,0,0,100,1946
1787407086.2147222,2662.204,0,0,100,1946
1787407087.2429593,2663.233,0,0,100,1946
1787407088.2674778,2664.257,0,0,100,1946
1787407089.3049712,2665.295,0,0,100,1946
1787407090.3380327,2666.328,0,0,100,1946
1787407091.3647761,2667.354,0,0,100,1946
1787407092.3954253,2668.385,0,0,100,1946
1787407093.4269273,2669.417,0,0,99,1946
1787407094.4567864,2670.447,0,0,100,1946
1787407095.4857388,2671.475,0,0,100,1946
1787407096.5204546,2672.51,0,0,100,1946
1787407097.55187,2673.542,0,0,100,1946
1787407098.5808551,2674.571,0,0,100,1946
1787407099.6086266,2675.598,0,0,100,1946
1787407100.6368918,2676.627,0,0,100,1946
1787407101.6693406,2677.659,0,0,100,1946
1787407102.6937842,2678.684,0,0,100,1946
1787407103.7210174,2679.711,0,0,99,1946
1787407104.7525125,2680.742,0,0,100,1946
1787407105.7833593,2681.773,0,0,100,1946
1787407106.8132682,2682.803,0,0,100,1946
1787407107.8382902,2683.828,0,0,100,1946
1787407108.866848,2684.857,0,0,100,1946
1787407109.8949473,2685.885,0,0,100,1946
1787407110.9240906,2686.914,0,0,100,1946
1787407111.959425,2687.949,0,0,99,1946
1787407112.989484,2688.979,0,0,100,1946
1787407114.0155935,2690.005,0,0,100,1946
1787407115.045371,2691.035,0,0,100,1946
1787407116.074911,2692.065,0,0,100,1946
1787407117.101032,2693.091,0,0,100,1946
1787407118.1295826,2694.119,0,0,100,1946
1787407119.1588767,2695.149,0,0,100,1946
1787407120.191483,2696.181,0,0,100,1946
1787407121.219872,2697.21,0,0,100,1946
1787407122.2488494,2698.239,0,0,99,1946
1787407123.2761953,2699.266,0,0,100,1946
1787407124.3044508,2700.294,0,0,100,1946
1787407125.3353012,2701.325,0,0,100,1946
1787407126.3608856,2702.351,0,0,100,1946
1787407127.3880546,2703.378,0,0,100,1946
1787407128.422595,2704.412,0,0,100,1946
1787407129.4513793,2705.441,0,0,100,1946
1787407130.4842143,2706.474,0,0,100,1946
1787407131.5138905,2707.504,0,0,100,1946
1787407132.5439525,2708.534,0,0,99,1946
1787407133.5721276,2709.562,0,0,100,1946
1787407134.602518,2710.592,0,0,100,1946
1787407135.630938,2711.621,0,0,100,1946
1787407136.6673853,2712.657,0,0,100,1946
1787407137.6971757,2713.687,0,0,100,1946
1787407138.7261543,2714.716,0,0,100,1946
1787407139.756276,2715.746,0,0,100,1946
1787407140.7877245,2716.777,0,0,100,1946
1787407141.8173091,2717.807,0,0,99,1946
1787407142.8490846,2718.839,0,0,100,1946
1787407143.8792942,2719.869,0,0,100,1946
1787407144.907116,2720.897,0,0,100,1946
1787407145.9370236,2721.927,0,0,99,1946
1787407146.9644506,2722.954,0,0,100,1946
1787407147.9945214,2723.984,0,0,100,1946
1787407149.0283802,2725.018,0,0,100,1946
1787407150.0575464,2726.047,0,0,100,1946
1787407151.087135,2727.077,0,0,99,1946
1787407152.1176982,2728.107,0,0,100,1946
1787407153.1445513,2729.134,0,0,100,1946
1787407154.1740751,2730.164,0,0,100,1946
1787407155.2081077,2731.198,0,0,100,1946
1787407156.2381103,2732.228,0,0,99,1946
1787407157.2692823,2733.259,0,0,100,1946
1787407158.300228,2734.29,0,0,100,1946
1787407159.3295739,2735.319,0,0,100,1946
1787407160.3595326,2736.349,0,0,100,1946
1787407161.3921044,2737.382,0,0,87,1946
1787407162.4205194,2738.41,0,0,100,1946
1787407163.4528503,2739.443,0,0,100,1946
1787407164.4800692,2740.47,0,0,100,1946
1787407165.5131805,2741.503,0,0,100,1946
1787407166.5415547,2742.531,0,0,99,1946
1787407167.573635,2743.563,0,0,100,1946
1787407168.6029394,2744.593,0,0,100,1946
1787407169.6302483,2745.62,0,0,100,1946
1787407170.6616602,2746.651,0,0,99,1946
1787407171.693064,2747.683,0,0,100,1946
1787407172.7233057,2748.713,0,0,100,1946
1787407173.7506392,2749.74,0,0,100,1946
1787407174.7784233,2750.768,0,0,100,1946
1787407175.8086438,2751.798,0,0,100,1946
1787407176.8380518,2752.828,0,0,100,1946
1787407177.8670192,2753.857,0,0,100,1946
1787407178.8936634,2754.883,0,0,100,1946
1787407179.9222403,2755.912,0,0,100,1946
1787407180.9526327,2756.942,0,0,99,1946
1787407181.9820416,2757.972,0,0,100,1946
1787407183.0102317,2759.0,0,0,100,1946
1787407184.0375826,2760.027,0,0,100,1946
1787407185.0655417,2761.055,0,0,100,1946
1787407186.0912483,2762.081,0,0,100,1946
1787407187.1227689,2763.112,0,0,100,1946
1787407188.1532025,2764.143,0,0,100,1946
1787407189.1791131,2765.169,0,0,100,1946
1787407190.2071621,2766.197,0,0,99,1946
1787407191.23654,2767.226,0,0,100,1946
1787407192.2689745,2768.259,0,0,100,1946
1787407193.2996745,2769.289,0,0,100,1946
1787407194.3264403,2770.316,0,0,100,1946
1787407195.3540933,2771.344,0,0,100,1946
1787407196.3820972,2772.372,0,0,100,1946
1787407197.4089985,2773.399,0,0,100,1946
1787407198.4396012,2774.429,0,0,100,1946
1787407199.465826,2775.456,0,0,100,1946
1787407200.4938707,2776.484,0,0,99,1946
1787407201.5233808,2777.513,0,0,100,1946
1787407202.5499604,2778.54,0,0,100,1946
1787407203.5784779,2779.568,0,0,100,1946
1787407204.606832,2780.597,0,0,100,1946
1787407205.636601,2781.626,0,0,100,1946
1787407206.6671364,2782.657,0,0,100,1946
1787407207.7041376,2783.694,0,0,100,1946
1787407208.7326849,2784.722,0,0,100,1946
1787407209.7599282,2785.75,0,0,99,1946
1787407210.7905636,2786.78,0,0,100,1946
1787407211.8196106,2787.809,0,0,100,1946
1787407212.8504686,2788.84,0,0,100,1946
1787407213.8810704,2789.871,0,0,100,1946
1787407214.9113882,2790.901,0,0,100,1946
1787407215.939386,2791.929,0,0,100,1946
1787407216.973251,2792.963,0,0,100,1946
1787407218.0017412,2793.991,0,0,100,1946
1787407219.0322208,2795.022,0,0,100,1946
1787407220.0636303,2796.053,0,0,99,1946
1787407221.0937026,2797.083,0,0,100,1946
1787407222.1218328,2798.112,0,0,100,1946
1787407223.1534748,2799.143,0,0,100,1946
1787407224.1843355,2800.174,0,0,100,1946
1787407225.2119,2801.202,0,0,100,1946
1787407226.3180866,2802.308,0,0,100,1946
1787407227.3495727,2803.339,0,0,100,1946
1787407228.377321,2804.367,0,0,100,1946
1787407229.404674,2805.394,0,0,99,1946
1787407230.4332438,2806.423,0,0,100,1946
1787407231.4606547,2807.45,0,0,99,1946
1787407232.4935486,2808.483,0,0,100,1946
1787407233.5267131,2809.516,0,0,100,1946
1787407234.563611,2810.553,0,0,100,1946
1787407235.6037824,2811.594,0,0,100,1946
1787407236.6323035,2812.622,0,0,100,1946
1787407237.6623774,2813.652,0,0,100,1946
1787407238.688028,2814.678,0,0,99,1946
1787407239.7165847,2815.706,0,0,100,1946
1787407240.747616,2816.737,0,0,100,1946
1787407241.77791,2817.768,0,0,100,1946
1787407242.806526,2818.796,0,0,100,1946
1787407243.8410192,2819.831,0,0,100,1946
1787407244.8686604,2820.858,0,0,100,1946
1787407245.8996115,2821.889,0,0,100,1946
1787407246.9290125,2822.919,0,0,100,1946
1787407247.957057,2823.947,0,0,100,1946
1787407248.9915752,2824.981,0,0,99,1946
1787407250.0217247,2826.011,0,0,100,1946
1787407251.0560656,2827.046,0,0,99,1946
1787407252.084568,2828.074,0,0,100,1946
1787407253.1196022,2829.109,0,0,100,1946
1787407254.1470904,2830.137,0,0,100,1946
1787407255.175073,2831.165,0,0,100,1946
1787407256.209833,2832.2,0,0,99,1946
1787407257.237115,2833.227,0,0,100,1946
1787407258.2644598,2834.254,0,0,100,1946
1787407259.2965696,2835.286,0,0,99,1946
1787407260.3295946,2836.319,0,0,100,1946
1787407261.357586,2837.347,0,0,100,1946
1787407262.3928056,2838.383,0,0,100,1946
1787407263.4198503,2839.41,0,0,100,1946
1787407264.4495203,2840.439,0,0,100,1946
1787407265.4777982,2841.468,0,0,100,1946
1787407266.5068986,2842.497,0,0,100,1946
1787407267.5334015,2843.523,0,0,99,1946
1787407268.5655673,2844.555,0,0,100,1946
1787407269.5962021,2845.586,0,0,100,1946
1787407270.6233623,2846.613,0,0,100,1946
1787407271.6564565,2847.646,0,0,100,1946
1787407272.6847694,2848.674,0,0,100,1946
1787407273.7115006,2849.701,0,0,100,1946
1787407274.7410672,2850.731,0,0,100,1946
1787407275.7706783,2851.76,0,0,100,1946
1787407276.8029592,2852.793,0,0,100,1946
1787407277.829538,2853.819,0,0,99,1946
1787407278.8598006,2854.85,0,0,100,1946
1787407279.8873444,2855.877,0,0,100,1946
1787407280.915301,2856.905,0,0,100,1946
1787407281.94597,2857.936,0,0,100,1946
1787407282.974342,2858.964,0,0,100,1946
1787407284.0103872,2860.0,0,0,100,1946
1787407285.0401702,2861.03,0,0,100,1946
1787407286.06772,2862.057,0,0,100,1946
1787407287.0973108,2863.087,0,0,100,1946
1787407288.1291752,2864.119,0,0,99,1946
1787407289.1587753,2865.148,0,0,100,1946
1787407290.1869621,2866.177,0,0,100,1946
1787407291.221813,2867.212,0,0,100,1946
1787407292.2521214,2868.242,0,0,100,1946
1787407293.2779632,2869.268,0,0,100,1946
1787407294.3079798,2870.298,0,0,100,1946
1787407295.3390942,2871.329,0,0,100,1946
1787407296.3666098,2872.356,0,0,100,1946
1787407297.3948727,2873.385,0,0,99,1946
1787407298.4245126,2874.414,0,0,100,1946
1787407299.4550776,2875.445,0,0,100,1946
1787407300.4826937,2876.472,0,0,100,1946
1787407301.5159335,2877.506,0,0,100,1946
1787407302.5446692,2878.534,0,0,100,1946
1787407303.5778553,2879.568,0,0,100,1946
1787407304.6055853,2880.595,0,0,100,1946
1787407305.6323776,2881.622,0,0,100,1946
1787407306.6663554,2882.656,0,0,100,1946
1787407307.697108,2883.687,0,0,100,1946
1787407308.7245386,2884.714,0,0,100,1946
1787407309.7548194,2885.745,0,0,100,1946
1787407310.7813537,2886.771,0,0,100,1946
1787407311.810971,2887.801,0,0,100,1946
1787407312.8379269,2888.828,0,0,100,1946
1787407313.8711576,2889.861,0,0,99,1946
1787407314.9027853,2890.893,0,0,100,1946
1787407315.9357486,2891.925,0,0,99,1946
1787407316.9673386,2892.957,0,0,100,1946
1787407317.9972465,2893.987,0,0,99,1946
1787407319.0296514,2895.019,0,0,99,1946
1787407320.0687451,2896.058,0,0,100,1946
1787407321.09746,2897.087,0,0,100,1946
1787407322.1320353,2898.122,0,0,100,1946
1787407323.1643164,2899.154,0,0,100,1946
1787407324.1946473,2900.184,0,0,100,1946
1787407325.222866,2901.213,0,0,99,1946
1787407326.2506702,2902.24,0,0,100,1946
1787407327.2800066,2903.27,0,0,100,1946
1787407328.3079724,2904.298,0,0,100,1946
1787407329.3394012,2905.329,0,0,100,1946
1787407330.3716202,2906.361,0,0,100,1946
1787407331.402837,2907.393,0,0,100,1946
1787407332.4311209,2908.421,0,0,100,1946
1787407333.4607084,2909.45,0,0,100,1946
1787407334.4888515,2910.479,0,0,100,1946
1787407335.5207841,2911.511,0,0,100,1946
1787407336.5529256,2912.543,0,0,100,1946
1787407337.5800781,2913.57,0,0,100,1946
1787407338.6074107,2914.597,0,0,100,1946
1787407339.6390476,2915.629,0,0,100,1946
1787407340.6710896,2916.661,0,0,100,1946
1787407341.6990974,2917.689,0,0,100,1946
1787407342.728444,2918.718,0,0,100,1946
1787407343.7561276,2919.746,0,0,100,1946
1787407344.7829466,2920.773,0,0,100,1946
1787407345.809833,2921.8,0,0,100,1946
1787407346.8409295,2922.831,0,0,100,1946
1787407347.869071,2923.859,0,0,100,1946
1787407348.8978348,2924.888,0,0,100,1946
1787407349.9248872,2925.915,0,0,100,1946
1787407350.9542139,2926.944,0,0,100,1946
1787407351.9847918,2927.975,0,0,100,1946
1787407353.0156643,2929.005,0,0,100,1946
1787407354.04323,2930.033,0,0,100,1946
1787407355.071748,2931.061,0,0,100,1946
1787407356.1003225,2932.09,0,0,100,1946
1787407357.1296768,2933.119,0,0,100,1946
1787407358.1569507,2934.147,0,0,100,1946
1787407359.1857214,2935.175,0,0,100,1946
1787407360.2131634,2936.203,0,0,100,1946
1787407361.2458491,2937.236,0,0,100,1946
1787407362.2767434,2938.266,0,0,100,1946
1787407363.3085077,2939.298,0,0,100,1946
1787407364.3348184,2940.325,0,0,100,1946
1787407365.3622694,2941.352,0,0,100,1946
1787407366.390857,2942.381,0,0,100,1946
1787407367.4234207,2943.413,0,0,100,1946
1787407368.4520566,2944.442,0,0,100,1946
1787407369.4796324,2945.469,0,0,100,1946
1787407370.5096023,2946.499,0,0,100,1946
1787407371.538819,2947.529,0,0,100,1946
1787407372.5705273,2948.56,0,0,100,1946
1787407373.6035986,2949.593,0,0,100,1946
1787407374.631973,2950.622,0,0,100,1946
1787407375.6619804,2951.652,0,0,100,1946
1787407376.690202,2952.68,0,0,100,1946
1787407377.7158473,2953.706,0,0,100,1946
1787407378.7448459,2954.735,0,0,100,1946
1787407379.775635,2955.765,0,0,100,1946
1787407380.8073578,2956.797,0,0,100,1946
1787407381.83849,2957.828,0,0,99,1946
1787407382.8696861,2958.859,0,0,100,1946
1787407383.8979614,2959.888,0,0,100,1946
1787407384.9324439,2960.922,0,0,100,1946
1787407385.9625807,2961.952,0,0,100,1946
1787407386.9988377,2962.989,0,0,99,1946
1787407388.0268736,2964.017,0,0,100,1946
1787407389.1589878,2965.149,0,0,100,1946
1787407390.1884892,2966.178,0,0,84,1946
1787407391.22239,2967.212,0,0,100,1946
1787407392.2513444,2968.241,0,0,99,1946
1787407393.282341,2969.272,0,0,100,1946
1787407394.3189323,2970.309,0,0,100,1946
1787407395.345957,2971.336,0,0,100,1946
1787407396.3775308,2972.367,0,0,100,1946
1787407397.4070094,2973.397,0,0,100,1946
1787407398.4340873,2974.424,0,0,100,1946
1787407399.4630032,2975.453,0,0,100,1946
1787407400.4984853,2976.488,0,0,100,1946
1787407401.524766,2977.514,0,0,100,1946
1787407402.5574641,2978.547,0,0,99,1946
1787407403.5854445,2979.575,0,0,100,1946
1787407404.6112049,2980.601,0,0,100,1946
1787407405.6379786,2981.628,0,0,100,1946
1787407406.6700187,2982.66,0,0,100,1946
1787407407.704294,2983.694,0,0,100,1946
1787407408.7335818,2984.723,0,0,100,1946
1787407409.7649179,2985.755,0,0,100,1946
1787407410.7993383,2986.789,0,0,100,1946
1787407411.833128,2987.823,0,0,100,1946
1787407412.863826,2988.854,0,0,100,1946
1787407413.8922231,2989.882,0,0,100,1946
1787407414.9213245,2990.911,0,0,100,1946
1787407415.9559348,2991.946,0,0,100,1946
1787407416.9856203,2992.975,0,0,100,1946
1787407418.018979,2994.009,0,0,100,1946
1787407419.0497124,2995.039,0,0,99,1946
1787407420.085461,2996.075,0,0,100,1946
1787407421.1151369,2997.105,0,0,99,1946
1787407422.1454196,2998.135,0,0,100,1946
1787407423.179361,2999.169,0,0,100,1946
1787407424.212384,3000.202,0,0,100,1946
1787407425.2450962,3001.235,0,0,100,1946
1787407426.2750027,3002.265,0,0,100,1946
1787407427.3113463,3003.301,0,0,100,1946
1787407428.3380268,3004.328,0,0,100,1946
1787407429.3667061,3005.356,0,0,100,1946
1787407430.396563,3006.386,0,0,100,1946
1787407431.4392142,3007.429,0,0,97,1946
1787407432.4746485,3008.464,0,0,100,1946
1787407433.5043669,3009.494,0,0,100,1946
1787407434.5363965,3010.526,0,0,100,1946
1787407435.5643363,3011.554,0,0,100,1946
1787407436.591774,3012.581,0,0,100,1946
1787407437.619495,3013.609,0,0,100,1946
1787407438.6474833,3014.637,0,0,100,1946
1787407439.6803546,3015.67,0,0,100,1946
1787407440.7061741,3016.696,0,0,100,1946
1787407441.7356179,3017.725,0,0,99,1946
1787407442.7632234,3018.753,0,0,100,1946
1787407443.7978334,3019.788,0,0,100,1946
1787407444.8352745,3020.825,0,0,100,1946
1787407445.868733,3021.858,0,0,100,1946
1787407446.894654,3022.884,0,0,100,1946
1787407447.9238374,3023.914,0,0,100,1946
1787407448.9531207,3024.943,0,0,100,1946
1787407449.9809306,3025.971,0,0,100,1946
1787407451.0128756,3027.003,0,0,100,1946
1787407452.0407293,3028.03,0,0,100,1946
1787407453.0719645,3029.062,0,0,100,1946
1787407454.0988963,3030.089,0,0,100,1946
1787407455.1938524,3031.184,0,0,100,1946
1787407456.2319577,3032.222,0,0,100,1946
1787407457.2593482,3033.249,0,0,100,1946
1787407458.2859626,3034.276,0,0,99,1946
1787407459.31453,3035.304,0,0,100,1946
1787407460.3466887,3036.336,0,0,99,1946
1787407461.3754306,3037.365,0,0,100,1946
1787407462.4065905,3038.396,0,0,100,1946
1787407463.4356108,3039.425,0,0,100,1946
1787407464.462972,3040.453,0,0,100,1946
1787407465.4930706,3041.483,0,0,100,1946
1787407466.5200984,3042.51,0,0,100,1946
1787407467.5513375,3043.541,0,0,100,1946
1787407468.58388,3044.574,0,0,100,1946
1787407469.6140244,3045.604,0,0,100,1946
1787407470.6449256,3046.635,0,0,99,1946
1787407471.6723518,3047.662,0,0,100,1946
1787407472.699344,3048.689,0,0,100,1946
1787407473.736126,3049.726,0,0,100,1946
1787407474.7646954,3050.754,0,0,100,1946
1787407475.7938316,3051.784,0,0,99,1946
1787407476.8224673,3052.812,0,0,100,1946
1787407477.8507771,3053.84,0,0,100,1946
1787407478.882589,3054.872,0,0,100,1946
1787407479.909762,3055.899,0,0,99,1946
1787407480.9399428,3056.93,0,0,100,1946
1787407481.9695115,3057.959,0,0,100,1946
1787407482.9965885,3058.986,0,0,100,1946
1787407484.0254781,3060.015,0,0,100,1946
1787407485.0579727,3061.048,0,0,100,1946
1787407486.087305,3062.077,0,0,100,1946
1787407487.1193557,3063.109,0,0,100,1946
1787407488.147369,3064.137,0,0,100,1946
1787407489.1786902,3065.168,0,0,99,1946
1787407490.2130828,3066.203,0,0,100,1946
1787407491.2430158,3067.233,0,0,100,1946
1787407492.2715664,3068.261,0,0,99,1946
1787407493.3026736,3069.292,0,0,100,1946
1787407494.3360085,3070.326,0,0,100,1946
1787407495.367733,3071.357,0,0,100,1946
1787407496.39489,3072.385,0,0,100,1946
1787407497.4257812,3073.416,0,0,100,1946
1787407498.4543347,3074.444,0,0,100,1946
1787407499.4825697,3075.472,0,0,99,1946
1787407500.511747,3076.501,0,0,100,1946
1787407501.5412507,3077.531,0,0,100,1946
1787407502.5746367,3078.564,0,0,100,1946
1787407503.605362,3079.595,0,0,100,1946
1787407504.6317978,3080.622,0,0,100,1946
1787407505.6679268,3081.658,0,0,100,1946
1787407506.697032,3082.687,0,0,100,1946
1787407507.7283518,3083.718,0,0,100,1946
1787407508.76149,3084.751,0,0,99,1946
1787407509.7891846,3085.779,0,0,100,1946
1787407510.8159623,3086.806,0,0,100,1946
1787407511.8430924,3087.833,0,0,100,1946
1787407512.8738098,3088.864,0,0,100,1946
1787407513.900692,3089.89,0,0,100,1946
1787407514.9306686,3090.92,0,0,100,1946
1787407515.9586716,3091.948,0,0,100,1946
1787407516.9856143,3092.975,0,0,100,1946
1787407518.015902,3094.006,0,0,100,1946
1787407519.043641,3095.033,0,0,99,1946
1787407520.0731804,3096.063,0,0,100,1946
1787407521.100114,3097.09,0,0,100,1946
1787407522.1259313,3098.116,0,0,100,1946
1787407523.1572254,3099.147,0,0,100,1946
1787407524.184031,3100.174,0,0,100,1946
1787407525.21443,3101.204,0,0,100,1946
1787407526.2414558,3102.231,0,0,99,1946
1787407527.2674468,3103.257,0,0,100,1946
1787407528.2962954,3104.286,0,0,99,1946
1787407529.325511,3105.315,0,0,100,1946
1787407530.3530934,3106.343,0,0,97,1946
1787407531.379311,3107.369,0,0,100,1946
1787407532.4101024,3108.4,0,0,100,1946
1787407533.4359517,3109.426,0,0,100,1946
1787407534.4618473,3110.452,0,0,100,1946
1787407535.4890354,3111.479,0,0,100,1946
1787407536.5178397,3112.508,0,0,100,1946
1787407537.5449064,3113.535,0,0,100,1946
1787407538.5740004,3114.564,0,0,99,1946
1787407539.6037679,3115.593,0,0,100,1946
1787407540.6318297,3116.622,0,0,100,1946
1787407541.6586242,3117.648,0,0,100,1946
1787407542.687354,3118.677,0,0,100,1946
1787407543.7172499,3119.707,0,0,100,1946
1787407544.7448452,3120.735,0,0,100,1946
1787407545.774594,3121.764,0,0,100,1946
1787407546.8143444,3122.804,0,0,100,1946
1787407547.8483546,3123.838,0,0,99,1946
1787407548.8774533,3124.867,0,0,100,1946
1787407549.9090369,3125.899,0,0,100,1946
1787407550.9366794,3126.926,0,0,99,1946
1787407551.9669251,3127.957,0,0,100,1946
1787407552.9950213,3128.985,0,0,100,1946
1787407554.024975,3130.015,0,0,100,1946
1787407555.0520222,3131.042,0,0,100,1946
1787407556.083472,3132.073,0,0,100,1946
1787407557.112371,3133.102,0,0,100,1946
1787407558.146939,3134.137,0,0,99,1946
1787407559.1758957,3135.166,0,0,100,1946
1787407560.21165,3136.201,0,0,100,1946
1787407561.2459922,3137.236,0,0,100,1946
1787407562.2756565,3138.265,0,0,100,1946
1787407563.30737,3139.297,0,0,100,1946
1787407564.3388917,3140.329,0,0,100,1946
1787407565.372785,3141.363,0,0,100,1946
1787407566.405343,3142.395,0,0,100,1946
1787407567.4343152,3143.424,0,0,99,1946
1787407568.4628036,3144.453,0,0,100,1946
1787407569.4918592,3145.482,0,0,100,1946
1787407570.5205438,3146.51,0,0,100,1946
1787407571.548168,3147.538,0,0,99,1946
1787407572.5794334,3148.569,0,0,100,1946
1787407573.6068597,3149.597,0,0,100,1946
1787407574.637294,3150.627,0,0,100,1946
1787407575.6647136,3151.654,0,0,100,1946
1787407576.6969867,3152.687,0,0,99,1946
1787407577.7265048,3153.716,0,0,100,1946
1787407578.7540765,3154.744,0,0,100,1946
1787407579.7837682,3155.773,0,0,99,1946
1787407580.81422,3156.804,0,0,100,1946
1787407581.8441088,3157.834,0,0,100,1946
1787407582.8722928,3158.862,0,0,100,1946
1787407583.9000013,3159.89,0,0,100,1946
1787407584.9319482,3160.922,0,0,100,1946
1787407585.9645464,3161.954,0,0,100,1946
1787407586.9956064,3162.985,0,0,99,1946
1787407588.0305147,3164.02,0,0,100,1946
1787407589.0622177,3165.052,0,0,99,1946
1787407590.091585,3166.081,0,0,100,1946
1787407591.119439,3167.109,0,0,100,1946
1787407592.1464312,3168.136,0,0,100,1946
1787407593.1798596,3169.17,0,0,100,1946
1787407594.2122915,3170.202,0,0,100,1946
1787407595.247957,3171.238,0,0,100,1946
1787407596.2772577,3172.267,0,0,100,1946
1787407597.312036,3173.302,0,0,99,1946
1787407598.3446517,3174.334,0,0,100,1946
1787407599.374957,3175.365,0,0,99,1946
1787407600.408017,3176.398,0,0,100,1946
1787407601.4407077,3177.43,0,0,99,1946
1787407602.4723272,3178.462,0,0,100,1946
1787407603.5074778,3179.497,0,0,100,1946
1787407604.5387692,3180.528,0,0,100,1946
1787407605.5666127,3181.556,0,0,99,1946
1787407606.5978253,3182.588,0,0,100,1946
1787407607.6282523,3183.618,0,0,100,1946
1787407608.658682,3184.648,0,0,100,1946
1787407609.6909962,3185.681,0,0,100,1946
1787407610.7199628,3186.71,0,0,99,1946
1787407611.7479358,3187.738,0,0,100,1946
1787407612.774913,3188.765,0,0,100,1946
1787407613.8060474,3189.796,0,0,100,1946
1787407614.8397658,3190.829,0,0,100,1946
1787407615.8677945,3191.858,0,0,99,1946
1787407616.9077654,3192.897,0,0,100,1946
1787407617.9394276,3193.929,0,0,100,1946
1787407618.9672008,3194.957,0,0,100,1946
1787407619.9973466,3195.987,0,0,100,1946
1787407621.0288339,3197.019,0,0,100,1946
1787407622.0607476,3198.05,0,0,100,1946
1787407623.0908399,3199.081,0,0,100,1946
1787407624.120579,3200.11,0,0,100,1946
1787407625.1512523,3201.141,0,0,100,1946
1787407626.185333,3202.175,0,0,99,1946
1787407627.2186015,3203.208,0,0,99,1946
1787407628.2468827,3204.237,0,0,100,1946
1787407629.2748463,3205.265,0,0,100,1946
1787407630.3103418,3206.3,0,0,100,1946
1787407631.3450403,3207.335,0,0,100,1946
1787407632.3710473,3208.361,0,0,100,1946
1787407633.3976753,3209.387,0,0,100,1946
1787407634.4278574,3210.418,0,0,100,1946
1787407635.4597914,3211.45,0,0,100,1946
1787407636.4899378,3212.48,0,0,100,1946
1787407637.5205019,3213.51,0,0,100,1946
1787407638.552799,3214.543,0,0,100,1946
1787407639.585183,3215.575,0,0,100,1946
1787407640.6197186,3216.609,0,0,100,1946
1787407641.650195,3217.64,0,0,100,1946
1787407642.6824389,3218.672,0,0,100,1946
1787407643.7156346,3219.705,0,0,100,1946
1787407644.7464654,3220.736,0,0,100,1946
1787407645.7769158,3221.767,0,0,100,1946
1787407646.805614,3222.795,0,0,100,1946
1787407647.837174,3223.827,0,0,100,1946
1787407648.862799,3224.853,0,0,100,1946
1787407649.8887174,3225.878,0,0,100,1946
1787407650.9179144,3226.908,0,0,100,1946
1787407651.952127,3227.942,0,0,100,1946
1787407652.9815698,3228.971,0,0,100,1946
1787407654.0085833,3229.998,0,0,100,1946
1787407655.0365205,3231.026,0,0,100,1946
1787407656.0634787,3232.053,0,0,100,1946
1787407657.08846,3233.078,0,0,100,1946
1787407658.1186502,3234.108,0,0,100,1946
1787407659.1480784,3235.138,0,0,100,1946
1787407660.1739693,3236.164,0,0,100,1946
1787407661.2018554,3237.192,0,0,100,1946
1787407662.2281854,3238.218,0,0,100,1946
1787407663.258865,3239.249,0,0,100,1946
1787407664.2886121,3240.278,0,0,100,1946
1787407665.313444,3241.303,0,0,100,1946
1787407666.3394935,3242.329,0,0,100,1946
1787407667.3715801,3243.361,0,0,99,1946
1787407668.4008327,3244.391,0,0,100,1946
1787407669.4314594,3245.421,0,0,100,1946
1787407670.460781,3246.451,0,0,100,1946
1787407671.4884405,3247.478,0,0,100,1946
1787407672.5171313,3248.507,0,0,100,1946
1787407673.5469968,3249.537,0,0,100,1946
1787407674.576761,3250.566,0,0,100,1946
1787407675.6100588,3251.6,0,0,100,1946
1787407676.6389863,3252.629,0,0,100,1946
1787407677.6679394,3253.658,0,0,100,1946
1787407678.695688,3254.685,0,0,100,1946
1787407679.7251036,3255.715,0,0,100,1946
1787407680.7526655,3256.742,0,0,100,1946
1787407681.7831037,3257.773,0,0,100,1946
1787407682.8099728,3258.8,0,0,100,1946
1787407683.8436115,3259.833,0,0,100,1946
1787407684.879163,3260.869,0,0,100,1946
1787407685.9054458,3261.895,0,0,100,1946
1787407686.9340396,3262.924,0,0,100,1946
1787407687.963991,3263.954,0,0,100,1946
1787407688.991997,3264.982,0,0,100,1946
1787407690.019979,3266.01,0,0,100,1946
1787407691.0503983,3267.04,0,0,100,1946
1787407692.0802093,3268.07,0,0,100,1946
1787407693.1097183,3269.099,0,0,100,1946
1787407694.1361563,3270.126,0,0,100,1946
1787407695.1638258,3271.154,0,0,100,1946
1787407696.191463,3272.181,0,0,100,1946
1787407697.223176,3273.213,0,0,100,1946
1787407698.2525055,3274.242,0,0,100,1946
1787407699.280564,3275.27,0,0,100,1946
1787407700.3106086,3276.3,0,0,100,1946
1787407701.340823,3277.331,0,0,100,1946
1787407702.3686075,3278.358,0,0,100,1946
1787407703.3997233,3279.389,0,0,100,1946
1787407704.4286265,3280.418,0,0,100,1946
1787407705.4589398,3281.449,0,0,100,1946
1787407706.4925327,3282.482,0,0,99,1946
1787407707.5259721,3283.516,0,0,100,1946
1787407708.5544457,3284.544,0,0,100,1946
1787407709.590095,3285.58,0,0,100,1946
