timestamp,elapsed_s,rank,gpu_index,utilization_gpu_pct,memory_used_mib
1787415097.6369605,0.035,0,0,0,1092
1787415098.6864583,1.085,0,0,20,1092
1787415099.719996,2.118,0,0,0,1124
1787415100.747683,3.146,0,0,3,1690
1787415101.7777252,4.176,0,0,98,1702
1787415102.8035607,5.202,0,0,100,1874
1787415103.836484,6.235,0,0,100,1874
1787415104.8640423,7.262,0,0,100,1874
1787415105.8936787,8.292,0,0,100,1874
1787415106.920255,9.318,0,0,100,1874
1787415107.9513552,10.349,0,0,100,1874
1787415108.980126,11.378,0,0,100,1874
1787415110.0063987,12.404,0,0,98,1874
1787415111.0346887,13.433,0,0,100,1874
1787415112.0609806,14.459,0,0,100,1874
1787415113.090109,15.488,0,0,100,1874
1787415114.1208053,16.519,0,0,100,1874
1787415115.1470523,17.545,0,0,100,1874
1787415116.1731396,18.571,0,0,100,1874
1787415117.2019143,19.6,0,0,100,1874
1787415118.2310064,20.629,0,0,100,1874
1787415119.2577796,21.656,0,0,100,1946
1787415120.284242,22.682,0,0,90,1946
1787415121.310307,23.708,0,0,100,1946
1787415122.3351538,24.733,0,0,100,1946
1787415123.3613427,25.759,0,0,100,1946
1787415124.3979285,26.796,0,0,100,1946
1787415125.4236581,27.822,0,0,100,1946
1787415126.4583938,28.856,0,0,100,1946
1787415127.4848554,29.883,0,0,100,1946
1787415128.5112875,30.909,0,0,100,1946
1787415129.541662,31.94,0,0,100,1946
1787415130.5680418,32.966,0,0,99,1946
1787415131.5971615,33.995,0,0,100,1946
1787415132.6247299,35.023,0,0,100,1946
1787415133.656822,36.055,0,0,100,1946
1787415134.6858978,37.084,0,0,100,1946
1787415135.7120566,38.11,0,0,100,1946
1787415136.7394357,39.138,0,0,100,1946
1787415137.765852,40.164,0,0,100,1946
1787415138.7945573,41.193,0,0,100,1946
1787415139.8204696,42.219,0,0,99,1946
1787415140.8475187,43.246,0,0,100,1946
1787415141.877856,44.276,0,0,100,1946
1787415142.9044876,45.303,0,0,100,1946
1787415143.931033,46.329,0,0,100,1946
1787415144.9575539,47.356,0,0,100,1946
1787415145.9866707,48.385,0,0,100,1946
1787415147.0132866,49.411,0,0,100,1946
1787415148.0406663,50.439,0,0,100,1946
1787415149.0663528,51.464,0,0,99,1946
1787415150.0964174,52.495,0,0,100,1946
1787415151.123207,53.521,0,0,100,1946
1787415152.1536078,54.552,0,0,100,1946
1787415153.1803436,55.578,0,0,100,1946
1787415154.208231,56.606,0,0,100,1946
1787415155.2437155,57.642,0,0,100,1946
1787415156.273219,58.671,0,0,100,1946
1787415157.3049395,59.703,0,0,100,1946
1787415158.3318539,60.73,0,0,100,1946
1787415159.3589952,61.757,0,0,99,1946
1787415160.3913047,62.789,0,0,100,1946
1787415161.4212322,63.819,0,0,100,1946
1787415162.4540253,64.852,0,0,100,1946
1787415163.4797063,65.878,0,0,100,1946
1787415164.5059652,66.904,0,0,100,1946
1787415165.5313914,67.929,0,0,100,1946
1787415166.5600512,68.958,0,0,87,1946
1787415167.5858161,69.984,0,0,100,1946
1787415168.610929,71.009,0,0,96,1946
1787415169.6360698,72.034,0,0,100,1946
1787415170.6625926,73.061,0,0,100,1946
1787415171.690347,74.088,0,0,100,1946
1787415172.7185254,75.117,0,0,100,1946
1787415173.7510612,76.149,0,0,100,1946
1787415174.7815523,77.18,0,0,100,1946
1787415175.8089914,78.207,0,0,100,1946
1787415176.8405066,79.239,0,0,100,1946
1787415177.8709724,80.269,0,0,100,1946
1787415178.9025052,81.301,0,0,99,1946
1787415179.9332602,82.331,0,0,100,1946
1787415180.96107,83.359,0,0,100,1946
1787415181.993258,84.391,0,0,100,1946
1787415183.0246282,85.423,0,0,100,1946
1787415184.0541859,86.452,0,0,100,1946
1787415185.0809023,87.479,0,0,100,1946
1787415186.107128,88.505,0,0,100,1946
1787415187.1344156,89.532,0,0,100,1946
1787415188.1680613,90.566,0,0,99,1946
1787415189.1988173,91.597,0,0,100,1946
1787415190.226677,92.625,0,0,100,1946
1787415191.2543755,93.652,0,0,100,1946
1787415192.2827194,94.681,0,0,100,1946
1787415193.3117356,95.71,0,0,100,1946
1787415194.3393698,96.737,0,0,100,1946
1787415195.372996,97.771,0,0,100,1946
1787415196.4009883,98.799,0,0,100,1946
1787415197.4275494,99.826,0,0,99,1946
1787415198.4587176,100.857,0,0,100,1946
1787415199.4848597,101.883,0,0,100,1946
1787415200.5108595,102.909,0,0,100,1946
1787415201.5386004,103.937,0,0,100,1946
1787415202.5647755,104.963,0,0,100,1946
1787415203.594562,105.993,0,0,100,1946
1787415204.6211004,107.019,0,0,100,1946
1787415205.6472754,108.045,0,0,100,1946
1787415206.6775825,109.076,0,0,100,1946
1787415207.7069547,110.105,0,0,99,1946
1787415208.7333543,111.131,0,0,100,1946
1787415209.7661686,112.164,0,0,100,1946
1787415210.7987747,113.197,0,0,100,1946
1787415211.8267295,114.225,0,0,100,1946
1787415212.8544502,115.253,0,0,100,1946
1787415213.880716,116.279,0,0,100,1946
1787415214.909467,117.308,0,0,100,1946
1787415215.939992,118.338,0,0,100,1946
1787415216.9703362,119.368,0,0,100,1946
1787415218.000952,120.399,0,0,99,1946
1787415219.0300338,121.428,0,0,100,1946
1787415220.0586567,122.457,0,0,100,1946
1787415221.0878835,123.486,0,0,100,1946
1787415222.1207879,124.519,0,0,100,1946
1787415223.147003,125.545,0,0,100,1946
1787415224.173656,126.572,0,0,100,1946
1787415225.1999269,127.598,0,0,100,1946
1787415226.2316148,128.63,0,0,100,1946
1787415227.2655773,129.664,0,0,100,1946
1787415228.3001413,130.698,0,0,100,1946
1787415229.328883,131.727,0,0,100,1946
1787415230.3589385,132.757,0,0,100,1946
1787415231.3910482,133.789,0,0,100,1946
1787415232.4176033,134.816,0,0,100,1946
1787415233.4464247,135.845,0,0,100,1946
1787415234.473305,136.871,0,0,100,1946
1787415235.5023084,137.9,0,0,100,1946
1787415236.531759,138.93,0,0,99,1946
1787415237.5590277,139.957,0,0,100,1946
1787415238.5891888,140.987,0,0,100,1946
1787415239.6202514,142.018,0,0,100,1946
1787415240.6474943,143.046,0,0,100,1946
1787415241.676946,144.075,0,0,100,1946
1787415242.7057135,145.104,0,0,100,1946
1787415243.733613,146.132,0,0,100,1946
1787415244.7605035,147.159,0,0,100,1946
1787415245.7932243,148.191,0,0,100,1946
1787415246.823813,149.222,0,0,99,1946
1787415247.8516064,150.25,0,0,100,1946
1787415248.8813236,151.279,0,0,100,1946
1787415249.9082298,152.306,0,0,100,1946
1787415250.935841,153.334,0,0,100,1946
1787415251.9655814,154.364,0,0,100,1946
1787415252.9921916,155.39,0,0,100,1946
1787415254.0259922,156.424,0,0,100,1946
1787415255.0594478,157.458,0,0,100,1946
1787415256.0920873,158.49,0,0,99,1946
1787415257.1221313,159.52,0,0,100,1946
1787415258.1497762,160.548,0,0,100,1946
1787415259.1810515,161.579,0,0,100,1946
1787415260.2086427,162.607,0,0,100,1946
1787415261.23904,163.637,0,0,100,1946
1787415262.26765,164.666,0,0,100,1946
1787415263.2995303,165.698,0,0,100,1946
1787415264.3309822,166.729,0,0,100,1946
1787415265.3581228,167.756,0,0,100,1946
1787415266.391433,168.79,0,0,100,1946
1787415267.4211671,169.819,0,0,100,1946
1787415268.4504557,170.849,0,0,100,1946
1787415269.4804146,171.878,0,0,100,1946
1787415270.509061,172.907,0,0,100,1946
1787415271.5344572,173.933,0,0,100,1946
1787415272.5616913,174.96,0,0,100,1946
1787415273.5928361,175.991,0,0,100,1946
1787415274.6222937,177.02,0,0,100,1946
1787415275.6485813,178.047,0,0,99,1946
1787415276.6744628,179.073,0,0,100,1946
1787415277.7032852,180.101,0,0,100,1946
1787415278.7339747,181.132,0,0,100,1946
1787415279.7650044,182.163,0,0,100,1946
1787415280.7986665,183.197,0,0,100,1946
1787415281.8268492,184.225,0,0,100,1946
1787415282.8533025,185.251,0,0,100,1946
1787415283.8860278,186.284,0,0,100,1946
1787415284.912476,187.311,0,0,99,1946
1787415285.9419968,188.34,0,0,100,1946
1787415286.9758475,189.374,0,0,100,1946
1787415288.0059814,190.404,0,0,100,1946
1787415289.0333242,191.431,0,0,100,1946
1787415290.0662096,192.464,0,0,100,1946
1787415291.0939088,193.492,0,0,100,1946
1787415292.1211648,194.519,0,0,100,1946
1787415293.1484814,195.547,0,0,100,1946
1787415294.175311,196.573,0,0,100,1946
1787415295.2067037,197.605,0,0,99,1946
1787415296.2335026,198.632,0,0,100,1946
1787415297.2616324,199.66,0,0,100,1946
1787415298.2880301,200.686,0,0,100,1946
1787415299.3157284,201.714,0,0,100,1946
1787415300.343565,202.742,0,0,100,1946
1787415301.3718734,203.77,0,0,100,1946
1787415302.40282,204.801,0,0,100,1946
1787415303.4285417,205.827,0,0,100,1946
1787415304.458384,206.856,0,0,100,1946
1787415305.4862862,207.884,0,0,99,1946
1787415306.5177972,208.916,0,0,100,1946
1787415307.5439227,209.942,0,0,100,1946
1787415308.5722249,210.97,0,0,100,1946
1787415309.5990968,211.997,0,0,100,1946
1787415310.6260595,213.024,0,0,100,1946
1787415311.6527617,214.051,0,0,100,1946
1787415312.679431,215.078,0,0,100,1946
1787415313.708057,216.106,0,0,99,1946
1787415314.7389486,217.137,0,0,100,1946
1787415315.771036,218.169,0,0,100,1946
1787415316.8027446,219.201,0,0,100,1946
1787415317.8318763,220.23,0,0,100,1946
1787415318.8579977,221.256,0,0,100,1946
1787415319.8846962,222.283,0,0,100,1946
1787415320.9134154,223.311,0,0,100,1946
1787415321.9427483,224.341,0,0,100,1946
1787415322.9727843,225.371,0,0,100,1946
1787415324.0041142,226.402,0,0,99,1946
1787415325.0321538,227.43,0,0,100,1946
1787415326.0589392,228.457,0,0,100,1946
1787415327.0920684,229.49,0,0,100,1946
1787415328.118431,230.517,0,0,100,1946
1787415329.1465118,231.545,0,0,100,1946
1787415330.1783955,232.576,0,0,100,1946
1787415331.2088811,233.607,0,0,100,1946
1787415332.2362552,234.634,0,0,100,1946
1787415333.2651281,235.663,0,0,100,1946
1787415334.2914033,236.689,0,0,99,1946
1787415335.3214035,237.719,0,0,100,1946
1787415336.350403,238.748,0,0,100,1946
1787415337.3839266,239.782,0,0,100,1946
1787415338.4105232,240.809,0,0,100,1946
1787415339.4401262,241.838,0,0,100,1946
1787415340.46972,242.868,0,0,100,1946
1787415341.4980707,243.896,0,0,100,1946
1787415342.5251164,244.923,0,0,100,1946
1787415343.5514102,245.949,0,0,99,1946
1787415344.5774326,246.976,0,0,100,1946
1787415345.6061559,248.004,0,0,100,1946
1787415346.6336238,249.032,0,0,100,1946
1787415347.662951,250.061,0,0,100,1946
1787415348.6889434,251.087,0,0,100,1946
1787415349.7159731,252.114,0,0,100,1946
1787415350.7454717,253.144,0,0,100,1946
1787415351.7748296,254.173,0,0,100,1946
1787415352.8034685,255.202,0,0,99,1946
1787415353.8304038,256.228,0,0,100,1946
1787415354.860322,257.258,0,0,100,1946
1787415355.8858256,258.284,0,0,100,1946
1787415356.9124217,259.311,0,0,100,1946
1787415357.9423895,260.34,0,0,100,1946
1787415358.969829,261.368,0,0,100,1946
1787415359.997042,262.395,0,0,100,1946
1787415361.0257702,263.424,0,0,100,1946
1787415362.055482,264.454,0,0,100,1946
1787415363.0833204,265.481,0,0,99,1946
1787415364.1126263,266.511,0,0,100,1946
1787415365.146823,267.545,0,0,100,1946
1787415366.1740484,268.572,0,0,100,1946
1787415367.2003684,269.598,0,0,100,1946
1787415368.229796,270.628,0,0,100,1946
1787415369.258944,271.657,0,0,100,1946
1787415370.284881,272.683,0,0,100,1946
1787415371.3154535,273.714,0,0,100,1946
1787415372.34458,274.743,0,0,99,1946
1787415373.372271,275.77,0,0,100,1946
1787415374.39765,276.796,0,0,100,1946
1787415375.4248254,277.823,0,0,100,1946
1787415376.4555678,278.854,0,0,100,1946
1787415377.4838448,279.882,0,0,100,1946
1787415378.5116415,280.91,0,0,100,1946
1787415379.5444915,281.943,0,0,100,1946
1787415380.574186,282.972,0,0,100,1946
1787415381.6022046,284.0,0,0,100,1946
1787415382.6322355,285.03,0,0,99,1946
1787415383.662119,286.06,0,0,100,1946
1787415384.68849,287.087,0,0,100,1946
1787415385.7175333,288.116,0,0,100,1946
1787415386.7463937,289.144,0,0,100,1946
1787415387.7754147,290.173,0,0,100,1946
1787415388.806852,291.205,0,0,100,1946
1787415389.8342252,292.232,0,0,100,1946
1787415390.8649566,293.263,0,0,100,1946
1787415391.893829,294.292,0,0,99,1946
1787415392.9207454,295.319,0,0,100,1946
1787415393.947497,296.346,0,0,100,1946
1787415394.976639,297.375,0,0,100,1946
1787415396.0043547,298.402,0,0,100,1946
1787415397.0339913,299.432,0,0,100,1946
1787415398.0615664,300.46,0,0,100,1946
1787415399.08833,301.486,0,0,100,1946
1787415400.1195927,302.518,0,0,100,1946
1787415401.1476262,303.546,0,0,99,1946
1787415402.1757455,304.574,0,0,100,1946
1787415403.201685,305.6,0,0,100,1946
1787415404.2273695,306.625,0,0,100,1946
1787415405.2565846,307.655,0,0,100,1946
1787415406.2855206,308.684,0,0,100,1946
1787415407.315367,309.713,0,0,100,1946
1787415408.34404,310.742,0,0,100,1946
1787415409.3726711,311.771,0,0,100,1946
1787415410.4048057,312.803,0,0,100,1946
1787415411.4339,313.832,0,0,99,1946
1787415412.4598835,314.858,0,0,100,1946
1787415413.496396,315.894,0,0,100,1946
1787415414.5287895,316.927,0,0,100,1946
1787415415.5556276,317.954,0,0,100,1946
1787415416.5822127,318.98,0,0,100,1946
1787415417.6087863,320.007,0,0,100,1946
1787415418.6348054,321.033,0,0,100,1946
1787415419.6645331,322.063,0,0,100,1946
1787415420.6915233,323.09,0,0,100,1946
1787415421.7175064,324.116,0,0,99,1946
1787415422.746024,325.144,0,0,100,1946
1787415423.7738767,326.172,0,0,100,1946
1787415424.801203,327.199,0,0,100,1946
1787415425.8271813,328.225,0,0,100,1946
1787415426.8539906,329.252,0,0,100,1946
1787415427.883957,330.282,0,0,100,1946
1787415428.9132943,331.311,0,0,100,1946
1787415429.9412253,332.339,0,0,100,1946
1787415430.9695272,333.368,0,0,99,1946
1787415431.9969878,334.395,0,0,100,1946
1787415433.02416,335.422,0,0,100,1946
1787415434.0536225,336.452,0,0,100,1946
1787415435.0851276,337.483,0,0,100,1946
1787415436.113053,338.511,0,0,100,1946
1787415437.1398826,339.538,0,0,100,1946
1787415438.1679926,340.566,0,0,100,1946
1787415439.1942105,341.592,0,0,100,1946
1787415440.2226942,342.621,0,0,99,1946
1787415441.2489588,343.647,0,0,100,1946
1787415442.2752576,344.673,0,0,100,1946
1787415443.309688,345.708,0,0,100,1946
1787415444.3414965,346.74,0,0,100,1946
1787415445.368392,347.766,0,0,100,1946
1787415446.397551,348.796,0,0,100,1946
1787415447.4291403,349.827,0,0,100,1946
1787415448.455782,350.854,0,0,100,1946
1787415449.5782244,351.976,0,0,100,1946
1787415450.607004,353.005,0,0,99,1946
1787415451.6336708,354.032,0,0,100,1946
1787415452.6626441,355.061,0,0,100,1946
1787415453.6904771,356.089,0,0,100,1946
1787415454.7203586,357.118,0,0,100,1946
1787415455.7585578,358.157,0,0,100,1946
1787415456.785265,359.183,0,0,100,1946
1787415457.8142674,360.212,0,0,100,1946
1787415458.8415449,361.24,0,0,100,1946
1787415459.8694272,362.268,0,0,99,1946
1787415460.8980274,363.296,0,0,100,1946
1787415461.924946,364.323,0,0,100,1946
1787415462.9529378,365.351,0,0,100,1946
1787415463.9800637,366.378,0,0,100,1946
1787415465.006662,367.405,0,0,100,1946
1787415466.0361638,368.434,0,0,100,1946
1787415467.0630674,369.461,0,0,100,1946
1787415468.0896184,370.488,0,0,100,1946
1787415469.117123,371.515,0,0,99,1946
1787415470.1424408,372.541,0,0,100,1946
1787415471.1720927,373.57,0,0,100,1946
1787415472.1981928,374.596,0,0,100,1946
1787415473.2278888,375.626,0,0,100,1946
1787415474.2536066,376.652,0,0,100,1946
1787415475.2800438,377.678,0,0,100,1946
1787415476.3098211,378.708,0,0,100,1946
1787415477.3348165,379.733,0,0,100,1946
1787415478.36458,380.763,0,0,100,1946
1787415479.3954542,381.794,0,0,99,1946
1787415480.4252663,382.823,0,0,100,1946
1787415481.4520667,383.85,0,0,100,1946
1787415482.4804878,384.879,0,0,100,1946
1787415483.507165,385.905,0,0,100,1946
1787415484.5355225,386.934,0,0,100,1946
1787415485.564709,387.963,0,0,100,1946
1787415486.592378,388.99,0,0,100,1946
1787415487.6212606,390.019,0,0,100,1946
1787415488.6506913,391.049,0,0,99,1946
1787415489.680363,392.078,0,0,100,1946
1787415490.710267,393.108,0,0,100,1946
1787415491.7399032,394.138,0,0,100,1946
1787415492.7685266,395.167,0,0,100,1946
1787415493.8029127,396.201,0,0,100,1946
1787415494.8286574,397.227,0,0,100,1946
1787415495.857468,398.256,0,0,100,1946
1787415496.885498,399.284,0,0,100,1946
1787415497.9125953,400.311,0,0,100,1946
1787415498.939074,401.337,0,0,99,1946
1787415499.9658144,402.364,0,0,100,1946
1787415500.9943423,403.392,0,0,100,1946
1787415502.0272129,404.425,0,0,100,1946
1787415503.056885,405.455,0,0,100,1946
1787415504.0837147,406.482,0,0,100,1946
1787415505.1108654,407.509,0,0,100,1946
1787415506.1384554,408.537,0,0,100,1946
1787415507.166976,409.565,0,0,100,1946
1787415508.1982899,410.596,0,0,100,1946
1787415509.2255197,411.624,0,0,99,1946
1787415510.252862,412.651,0,0,100,1946
1787415511.28249,413.681,0,0,100,1946
1787415512.3116105,414.71,0,0,100,1946
1787415513.3438375,415.742,0,0,100,1946
1787415514.376579,416.775,0,0,100,1946
1787415515.4046314,417.803,0,0,100,1946
1787415516.4324806,418.831,0,0,100,1946
1787415517.4617248,419.86,0,0,99,1946
1787415518.4934978,420.892,0,0,100,1946
1787415519.5219781,421.92,0,0,100,1946
1787415520.5505447,422.949,0,0,100,1946
1787415521.5834467,423.982,0,0,100,1946
1787415522.6118934,425.01,0,0,100,1946
1787415523.6407852,426.039,0,0,100,1946
1787415524.6703146,427.068,0,0,100,1946
1787415525.6999078,428.098,0,0,100,1946
1787415526.728596,429.127,0,0,100,1946
1787415527.7556074,430.154,0,0,99,1946
1787415528.782349,431.18,0,0,100,1946
1787415529.8109317,432.209,0,0,100,1946
1787415530.83963,433.238,0,0,100,1946
1787415531.8661256,434.264,0,0,100,1946
1787415532.8955834,435.294,0,0,100,1946
1787415533.9230967,436.321,0,0,100,1946
1787415534.949203,437.347,0,0,100,1946
1787415535.9792824,438.377,0,0,100,1946
1787415537.0095973,439.408,0,0,100,1946
1787415538.0386674,440.437,0,0,99,1946
1787415539.0709858,441.469,0,0,100,1946
1787415540.09696,442.495,0,0,100,1946
1787415541.1258798,443.524,0,0,100,1946
1787415542.1552083,444.553,0,0,100,1946
1787415543.184988,445.583,0,0,100,1946
1787415544.212407,446.61,0,0,100,1946
1787415545.2393618,447.637,0,0,100,1946
1787415546.266369,448.664,0,0,100,1946
1787415547.2992706,449.697,0,0,99,1946
1787415548.3268661,450.725,0,0,100,1946
1787415549.3537085,451.752,0,0,100,1946
1787415550.3842669,452.782,0,0,100,1946
1787415551.415048,453.813,0,0,100,1946
1787415552.4420545,454.84,0,0,100,1946
1787415553.4698067,455.868,0,0,100,1946
1787415554.4978569,456.896,0,0,100,1946
1787415555.5252638,457.923,0,0,100,1946
1787415556.556365,458.954,0,0,99,1946
1787415557.5861108,459.984,0,0,100,1946
1787415558.6160362,461.014,0,0,100,1946
1787415559.64628,462.044,0,0,100,1946
1787415560.6755784,463.074,0,0,100,1946
1787415561.7032213,464.101,0,0,100,1946
1787415562.7319639,465.13,0,0,100,1946
1787415563.7606905,466.159,0,0,100,1946
1787415564.7883496,467.186,0,0,100,1946
1787415565.816563,468.215,0,0,100,1946
1787415566.8451855,469.243,0,0,99,1946
1787415567.8757753,470.274,0,0,100,1946
1787415568.904216,471.302,0,0,100,1946
1787415569.9352384,472.333,0,0,100,1946
1787415570.9616656,473.36,0,0,100,1946
1787415571.9878852,474.386,0,0,100,1946
1787415573.020407,475.418,0,0,100,1946
1787415574.0503323,476.448,0,0,100,1946
1787415575.0796769,477.478,0,0,100,1946
1787415576.1084623,478.507,0,0,100,1946
1787415577.136725,479.535,0,0,99,1946
1787415578.1637478,480.562,0,0,100,1946
1787415579.1897895,481.588,0,0,100,1946
1787415580.2183306,482.616,0,0,100,1946
1787415581.2480943,483.646,0,0,100,1946
1787415582.2768147,484.675,0,0,100,1946
1787415583.3039043,485.702,0,0,100,1946
1787415584.330187,486.728,0,0,100,1946
1787415585.359982,487.758,0,0,100,1946
1787415586.386218,488.784,0,0,99,1946
1787415587.4127564,489.811,0,0,100,1946
1787415588.4392855,490.837,0,0,100,1946
1787415589.4674358,491.866,0,0,100,1946
1787415590.4973133,492.895,0,0,100,1946
1787415591.526891,493.925,0,0,100,1946
1787415592.5553067,494.953,0,0,100,1946
1787415593.5852067,495.983,0,0,100,1946
1787415594.6113403,497.009,0,0,100,1946
1787415595.6414564,498.04,0,0,99,1946
1787415596.6695275,499.068,0,0,100,1946
1787415597.7300575,500.128,0,0,100,1946
1787415598.7610545,501.159,0,0,100,1946
1787415599.7922509,502.19,0,0,100,1946
1787415600.8222067,503.22,0,0,100,1946
1787415601.8485396,504.247,0,0,100,1946
1787415602.875178,505.273,0,0,100,1946
1787415603.9016702,506.3,0,0,100,1946
1787415604.928121,507.326,0,0,100,1946
1787415605.955794,508.354,0,0,99,1946
1787415606.9822416,509.38,0,0,100,1946
1787415608.0090728,510.407,0,0,100,1946
1787415609.0352488,511.433,0,0,100,1946
1787415610.0630798,512.461,0,0,100,1946
1787415611.0898335,513.488,0,0,100,1946
1787415612.1157858,514.514,0,0,100,1946
1787415613.1433876,515.541,0,0,100,1946
1787415614.1724586,516.571,0,0,100,1946
1787415615.2013261,517.599,0,0,99,1946
1787415616.229308,518.627,0,0,100,1946
1787415617.255554,519.654,0,0,100,1946
1787415618.285659,520.684,0,0,100,1946
1787415619.3124645,521.711,0,0,100,1946
1787415620.3445127,522.743,0,0,100,1946
1787415621.3738687,523.772,0,0,100,1946
1787415622.4006526,524.799,0,0,100,1946
1787415623.4269712,525.825,0,0,100,1946
1787415624.4534187,526.852,0,0,100,1946
1787415625.4818997,527.88,0,0,99,1946
1787415626.5118077,528.91,0,0,100,1946
1787415627.5377004,529.936,0,0,100,1946
1787415628.56866,530.967,0,0,100,1946
1787415629.5963411,531.994,0,0,100,1946
1787415630.6282578,533.026,0,0,100,1946
1787415631.6558735,534.054,0,0,100,1946
1787415632.683549,535.082,0,0,100,1946
1787415633.7126825,536.111,0,0,100,1946
1787415634.7414012,537.139,0,0,99,1946
1787415635.768192,538.166,0,0,100,1946
1787415636.798009,539.196,0,0,100,1946
1787415637.8308995,540.229,0,0,100,1946
1787415638.8571048,541.255,0,0,100,1946
1787415639.8878307,542.286,0,0,100,1946
1787415640.9139457,543.312,0,0,100,1946
1787415641.9397676,544.338,0,0,100,1946
1787415642.9667702,545.365,0,0,100,1946
1787415643.9973173,546.395,0,0,99,1946
1787415645.0249653,547.423,0,0,100,1946
1787415646.051141,548.449,0,0,100,1946
1787415647.0777602,549.476,0,0,100,1946
1787415648.1073446,550.505,0,0,100,1946
1787415649.134191,551.532,0,0,100,1946
1787415650.1662564,552.564,0,0,100,1946
1787415651.1943808,553.592,0,0,100,1946
1787415652.2292142,554.627,0,0,100,1946
1787415653.260877,555.659,0,0,100,1946
1787415654.295819,556.694,0,0,99,1946
1787415655.3238251,557.722,0,0,100,1946
1787415656.3497863,558.748,0,0,100,1946
1787415657.3759885,559.774,0,0,100,1946
1787415658.407292,560.805,0,0,100,1946
1787415659.4389024,561.837,0,0,100,1946
1787415660.465407,562.863,0,0,100,1946
1787415661.4946487,563.893,0,0,100,1946
1787415662.5228472,564.921,0,0,100,1946
1787415663.5505378,565.949,0,0,100,1946
1787415664.579779,566.978,0,0,99,1946
1787415665.6126409,568.011,0,0,100,1946
1787415666.6441925,569.042,0,0,100,1946
1787415667.6783402,570.076,0,0,100,1946
1787415668.7092664,571.107,0,0,100,1946
1787415669.7388673,572.137,0,0,100,1946
1787415670.7686703,573.167,0,0,100,1946
1787415671.7967055,574.195,0,0,100,1946
1787415672.8302917,575.228,0,0,100,1946
1787415673.858282,576.256,0,0,100,1946
1787415674.8887298,577.287,0,0,100,1946
1787415675.9167767,578.315,0,0,100,1946
1787415676.9439793,579.342,0,0,100,1946
1787415677.9739285,580.372,0,0,85,1946
1787415679.0015242,581.4,0,0,100,1946
1787415680.028899,582.427,0,0,100,1946
1787415681.0555525,583.454,0,0,100,1946
1787415682.0829537,584.481,0,0,100,1946
1787415683.109882,585.508,0,0,99,1946
1787415684.1371996,586.535,0,0,100,1946
1787415685.1674247,587.566,0,0,100,1946
1787415686.1970553,588.595,0,0,100,1946
1787415687.2242427,589.622,0,0,100,1946
1787415688.2533998,590.651,0,0,100,1946
1787415689.28264,591.681,0,0,100,1946
1787415690.3096886,592.708,0,0,100,1946
1787415691.340367,593.738,0,0,100,1946
1787415692.3713756,594.769,0,0,100,1946
1787415693.4004116,595.798,0,0,99,1946
1787415694.4336212,596.832,0,0,100,1946
1787415695.466219,597.864,0,0,100,1946
1787415696.495673,598.894,0,0,100,1946
1787415697.5277658,599.926,0,0,100,1946
1787415698.5596492,600.958,0,0,100,1946
1787415699.5869353,601.985,0,0,100,1946
1787415700.6124144,603.01,0,0,100,1946
1787415701.6406875,604.039,0,0,100,1946
1787415702.669964,605.068,0,0,100,1946
1787415703.6959321,606.094,0,0,99,1946
1787415704.7251928,607.123,0,0,100,1946
1787415705.751242,608.149,0,0,100,1946
1787415706.7798097,609.178,0,0,100,1946
1787415707.8068569,610.205,0,0,100,1946
1787415708.8368664,611.235,0,0,100,1946
1787415709.8645425,612.263,0,0,100,1946
1787415710.8925183,613.291,0,0,100,1946
1787415711.9207127,614.319,0,0,100,1946
1787415712.9517941,615.35,0,0,99,1946
1787415713.980741,616.379,0,0,100,1946
1787415715.0110123,617.409,0,0,100,1946
1787415716.0376143,618.436,0,0,100,1946
1787415717.0674915,619.466,0,0,99,1946
1787415718.095033,620.493,0,0,100,1946
1787415719.1220474,621.52,0,0,100,1946
1787415720.148462,622.547,0,0,100,1946
1787415721.1761048,623.574,0,0,100,1946
1787415722.2037356,624.602,0,0,99,1946
1787415723.233494,625.632,0,0,100,1946
1787415724.2646713,626.663,0,0,100,1946
1787415725.2939663,627.692,0,0,100,1946
1787415726.324781,628.723,0,0,100,1946
1787415727.354583,629.753,0,0,100,1946
1787415728.3839567,630.782,0,0,100,1946
1787415729.4102483,631.808,0,0,100,1946
1787415730.4371579,632.835,0,0,100,1946
1787415731.463484,633.862,0,0,100,1946
1787415732.4923415,634.89,0,0,99,1946
1787415733.5188763,635.917,0,0,100,1946
1787415734.5491908,636.947,0,0,100,1946
1787415735.5799272,637.978,0,0,100,1946
1787415736.6075387,639.006,0,0,100,1946
1787415737.6375666,640.036,0,0,100,1946
1787415738.6685114,641.067,0,0,100,1946
1787415739.701765,642.1,0,0,100,1946
1787415740.7311897,643.129,0,0,100,1946
1787415741.7610612,644.159,0,0,99,1946
1787415742.7866516,645.185,0,0,100,1946
1787415743.8195045,646.218,0,0,100,1946
1787415744.8467004,647.245,0,0,100,1946
1787415746.0506003,648.449,0,0,100,1946
1787415747.0779288,649.476,0,0,100,1946
1787415748.1064997,650.505,0,0,100,1946
1787415749.1398733,651.538,0,0,100,1946
1787415750.1675391,652.566,0,0,100,1946
1787415751.197626,653.596,0,0,99,1946
1787415752.2287621,654.627,0,0,100,1946
1787415753.2572079,655.655,0,0,100,1946
1787415754.2887821,656.687,0,0,100,1946
1787415755.3212764,657.719,0,0,100,1946
1787415756.350492,658.749,0,0,100,1946
1787415757.3799767,659.778,0,0,100,1946
1787415758.4063635,660.804,0,0,100,1946
1787415759.4389982,661.837,0,0,100,1946
1787415760.467447,662.866,0,0,100,1946
1787415761.4972553,663.895,0,0,99,1946
1787415762.5282438,664.926,0,0,100,1946
1787415763.5600457,665.958,0,0,100,1946
1787415764.585018,666.983,0,0,100,1946
1787415765.6105828,668.009,0,0,100,1946
1787415766.636559,669.035,0,0,100,1946
1787415767.664216,670.062,0,0,100,1946
1787415768.6905596,671.089,0,0,100,1946
1787415769.7168105,672.115,0,0,100,1946
1787415770.7438765,673.142,0,0,99,1946
1787415771.7760143,674.174,0,0,100,1946
1787415772.8018382,675.2,0,0,100,1946
1787415773.8310533,676.229,0,0,100,1946
1787415774.8617938,677.26,0,0,100,1946
1787415775.8880675,678.286,0,0,100,1946
1787415776.9150195,679.313,0,0,100,1946
1787415777.9416432,680.34,0,0,100,1946
1787415778.9678004,681.366,0,0,100,1946
1787415779.9948683,682.393,0,0,100,1946
1787415781.0217583,683.42,0,0,99,1946
1787415782.0505817,684.449,0,0,100,1946
1787415783.077902,685.476,0,0,100,1946
1787415784.106625,686.505,0,0,100,1946
1787415785.136919,687.535,0,0,100,1946
1787415786.16442,688.563,0,0,100,1946
1787415787.1937773,689.592,0,0,100,1946
1787415788.2205813,690.619,0,0,100,1946
1787415789.2488275,691.647,0,0,100,1946
1787415790.2823253,692.68,0,0,99,1946
1787415791.31045,693.709,0,0,100,1946
1787415792.338715,694.737,0,0,100,1946
1787415793.3722124,695.77,0,0,100,1946
1787415794.3993733,696.797,0,0,100,1946
1787415795.4276412,697.826,0,0,100,1946
1787415796.4545627,698.853,0,0,100,1946
1787415797.481098,699.879,0,0,100,1946
1787415798.507079,700.905,0,0,100,1946
1787415799.54239,701.94,0,0,99,1946
1787415800.5717432,702.97,0,0,100,1946
1787415801.597239,703.995,0,0,100,1946
1787415802.626788,705.025,0,0,100,1946
1787415803.6542404,706.052,0,0,100,1946
1787415804.6838894,707.082,0,0,100,1946
1787415805.7134004,708.111,0,0,100,1946
1787415806.7408576,709.139,0,0,100,1946
1787415807.7684908,710.167,0,0,100,1946
1787415808.7984304,711.197,0,0,100,1946
1787415809.8282888,712.226,0,0,99,1946
1787415810.8586652,713.257,0,0,100,1946
1787415811.8914313,714.29,0,0,100,1946
1787415812.9194798,715.318,0,0,100,1946
1787415813.9496732,716.348,0,0,100,1946
1787415814.9772427,717.375,0,0,100,1946
1787415816.0067935,718.405,0,0,100,1946
1787415817.0352583,719.433,0,0,100,1946
1787415818.0625658,720.461,0,0,100,1946
1787415819.0934289,721.492,0,0,100,1946
1787415820.1264148,722.524,0,0,99,1946
1787415821.1554384,723.554,0,0,100,1946
1787415822.188243,724.586,0,0,100,1946
1787415823.215862,725.614,0,0,100,1946
1787415824.24553,726.644,0,0,100,1946
1787415825.2748592,727.673,0,0,100,1946
1787415826.3035915,728.702,0,0,100,1946
1787415827.3330405,729.731,0,0,85,1946
1787415828.3586705,730.757,0,0,100,1946
1787415829.3854046,731.783,0,0,100,1946
1787415830.4136298,732.812,0,0,100,1946
1787415831.4414303,733.84,0,0,100,1946
1787415832.4687421,734.867,0,0,100,1946
1787415833.4970238,735.895,0,0,100,1946
1787415834.5287466,736.927,0,0,100,1946
1787415835.5631194,737.961,0,0,100,1946
1787415836.5916517,738.99,0,0,100,1946
1787415837.6183891,740.016,0,0,100,1946
1787415838.644667,741.043,0,0,99,1946
1787415839.6744277,742.073,0,0,100,1946
1787415840.700529,743.099,0,0,100,1946
1787415841.7265956,744.125,0,0,100,1946
1787415842.7527592,745.151,0,0,100,1946
1787415843.7815754,746.18,0,0,100,1946
1787415844.813815,747.212,0,0,100,1946
1787415845.8419886,748.24,0,0,100,1946
1787415846.8691044,749.267,0,0,100,1946
1787415847.8995662,750.298,0,0,100,1946
1787415848.9279935,751.326,0,0,99,1946
1787415849.9569428,752.355,0,0,100,1946
1787415850.9862957,753.384,0,0,100,1946
1787415852.0170712,754.415,0,0,100,1946
1787415853.0459352,755.444,0,0,100,1946
1787415854.0723443,756.47,0,0,100,1946
1787415855.1002405,757.498,0,0,100,1946
1787415856.1298451,758.528,0,0,100,1946
1787415857.1563003,759.554,0,0,100,1946
1787415858.1875043,760.586,0,0,100,1946
1787415859.2175741,761.616,0,0,99,1946
1787415860.2438822,762.642,0,0,100,1946
1787415861.272094,763.67,0,0,100,1946
1787415862.2976465,764.696,0,0,100,1946
1787415863.3272812,765.725,0,0,100,1946
1787415864.3548715,766.753,0,0,100,1946
1787415865.3810503,767.779,0,0,100,1946
1787415866.407373,768.805,0,0,100,1946
1787415867.4367669,769.835,0,0,100,1946
1787415868.4663632,770.864,0,0,99,1946
1787415869.4934294,771.892,0,0,100,1946
1787415870.5251074,772.923,0,0,100,1946
1787415871.5573514,773.955,0,0,100,1946
1787415872.587266,774.985,0,0,100,1946
1787415873.6163142,776.014,0,0,100,1946
1787415874.6422882,777.04,0,0,100,1946
1787415875.6718402,778.07,0,0,100,1946
1787415876.7038121,779.102,0,0,100,1946
1787415877.7331278,780.131,0,0,99,1946
1787415878.7626462,781.161,0,0,100,1946
1787415879.78976,782.188,0,0,100,1946
1787415880.8229818,783.221,0,0,100,1946
1787415881.8536305,784.252,0,0,100,1946
1787415882.8811204,785.279,0,0,100,1946
1787415883.9110556,786.309,0,0,100,1946
1787415884.9373558,787.335,0,0,100,1946
1787415885.9665315,788.365,0,0,100,1946
1787415886.9959273,789.394,0,0,100,1946
1787415888.0223324,790.42,0,0,99,1946
1787415889.049383,791.447,0,0,100,1946
1787415890.0754254,792.474,0,0,100,1946
1787415891.103198,793.501,0,0,100,1946
1787415892.1291661,794.527,0,0,100,1946
1787415893.155657,795.554,0,0,100,1946
1787415894.1840475,796.582,0,0,100,1946
1787415895.2122033,797.61,0,0,100,1946
1787415896.2387264,798.637,0,0,100,1946
1787415897.2713706,799.669,0,0,96,1946
1787415898.3039224,800.702,0,0,100,1946
1787415899.3330667,801.731,0,0,100,1946
1787415900.358895,802.757,0,0,100,1946
1787415901.3925366,803.791,0,0,100,1946
1787415902.423057,804.821,0,0,100,1946
1787415903.455493,805.854,0,0,100,1946
1787415904.4858744,806.884,0,0,100,1946
1787415905.513878,807.912,0,0,100,1946
1787415906.5416284,808.94,0,0,100,1946
1787415907.5704632,809.969,0,0,100,1946
1787415908.5998762,810.998,0,0,100,1946
1787415909.6260345,812.024,0,0,100,1946
1787415910.6529167,813.051,0,0,100,1946
1787415911.6860664,814.084,0,0,100,1946
1787415912.713696,815.112,0,0,100,1946
1787415913.7402472,816.138,0,0,100,1946
1787415914.7664893,817.165,0,0,100,1946
1787415915.7964044,818.194,0,0,100,1946
1787415916.825554,819.224,0,0,100,1946
1787415917.857721,820.256,0,0,100,1946
1787415918.891048,821.289,0,0,100,1946
1787415919.9169059,822.315,0,0,100,1946
1787415920.942464,823.341,0,0,100,1946
1787415921.971454,824.37,0,0,100,1946
1787415922.997438,825.396,0,0,100,1946
1787415924.0244827,826.423,0,0,100,1946
1787415925.052711,827.451,0,0,100,1946
1787415926.0829666,828.481,0,0,100,1946
1787415927.1190495,829.517,0,0,100,1946
1787415928.148308,830.546,0,0,100,1946
1787415929.1812668,831.579,0,0,100,1946
1787415930.2094548,832.608,0,0,100,1946
1787415931.242085,833.64,0,0,100,1946
1787415932.2730188,834.671,0,0,100,1946
1787415933.2980192,835.696,0,0,100,1946
1787415934.3252292,836.723,0,0,100,1946
1787415935.3539753,837.752,0,0,100,1946
1787415936.3794844,838.778,0,0,100,1946
1787415937.4055586,839.804,0,0,100,1946
1787415938.4321725,840.83,0,0,100,1946
1787415939.4584842,841.857,0,0,100,1946
1787415940.4872873,842.885,0,0,100,1946
1787415941.5164196,843.915,0,0,100,1946
1787415942.5463374,844.944,0,0,100,1946
1787415943.576852,845.975,0,0,100,1946
1787415944.6025252,847.001,0,0,100,1946
1787415945.631891,848.03,0,0,100,1946
1787415946.6588085,849.057,0,0,100,1946
1787415947.690694,850.089,0,0,100,1946
1787415948.7205994,851.119,0,0,100,1946
1787415949.7499037,852.148,0,0,100,1946
1787415950.7788253,853.177,0,0,100,1946
1787415951.8064368,854.205,0,0,100,1946
1787415952.8366127,855.235,0,0,100,1946
1787415953.8649397,856.263,0,0,100,1946
1787415954.8920534,857.29,0,0,100,1946
1787415955.92547,858.324,0,0,100,1946
1787415956.952957,859.351,0,0,100,1946
1787415957.983523,860.382,0,0,100,1946
1787415959.013463,861.412,0,0,100,1946
1787415960.0423207,862.44,0,0,100,1946
1787415961.074048,863.472,0,0,100,1946
1787415962.100741,864.499,0,0,100,1946
1787415963.1274004,865.525,0,0,100,1946
1787415964.1549706,866.553,0,0,100,1946
1787415965.1815915,867.58,0,0,100,1946
1787415966.2091289,868.607,0,0,100,1946
1787415967.2385168,869.637,0,0,100,1946
1787415968.2739089,870.672,0,0,100,1946
1787415969.303376,871.701,0,0,100,1946
1787415970.3327012,872.731,0,0,100,1946
1787415971.3610537,873.759,0,0,100,1946
1787415972.391343,874.789,0,0,100,1946
1787415973.4208107,875.819,0,0,100,1946
1787415974.452106,876.85,0,0,100,1946
1787415975.4784265,877.877,0,0,100,1946
1787415976.5075614,878.906,0,0,100,1946
1787415977.537802,879.936,0,0,100,1946
1787415978.5666296,880.965,0,0,100,1946
1787415979.5943613,881.992,0,0,100,1946
1787415980.622488,883.021,0,0,100,1946
1787415981.6514988,884.05,0,0,100,1946
1787415982.6812737,885.079,0,0,96,1946
1787415983.7130766,886.111,0,0,100,1946
1787415984.7389994,887.137,0,0,100,1946
1787415985.7644446,888.163,0,0,100,1946
1787415986.792855,889.191,0,0,100,1946
1787415987.8215322,890.22,0,0,100,1946
1787415988.8516984,891.25,0,0,100,1946
1787415989.881809,892.28,0,0,100,1946
1787415990.9095385,893.308,0,0,100,1946
1787415991.939596,894.338,0,0,100,1946
1787415992.966108,895.364,0,0,99,1946
1787415993.9939222,896.392,0,0,100,1946
1787415995.019966,897.418,0,0,100,1946
1787415996.0473497,898.445,0,0,100,1946
1787415997.074461,899.473,0,0,100,1946
1787415998.1008294,900.499,0,0,100,1946
1787415999.1285312,901.527,0,0,100,1946
1787416000.1587052,902.557,0,0,100,1946
1787416001.1880538,903.586,0,0,100,1946
1787416002.2153194,904.613,0,0,99,1946
1787416003.245614,905.644,0,0,100,1946
1787416004.2730918,906.671,0,0,100,1946
1787416005.3024032,907.7,0,0,100,1946
1787416006.3347652,908.733,0,0,100,1946
1787416007.3649635,909.763,0,0,100,1946
1787416008.39254,910.791,0,0,100,1946
1787416009.425848,911.824,0,0,100,1946
1787416010.4565423,912.855,0,0,100,1946
1787416011.4871647,913.885,0,0,99,1946
1787416012.5129404,914.911,0,0,100,1946
1787416013.5390298,915.937,0,0,100,1946
1787416014.5715516,916.97,0,0,100,1946
1787416015.5996969,917.998,0,0,100,1946
1787416016.6291804,919.027,0,0,100,1946
1787416017.6557937,920.054,0,0,100,1946
1787416018.6888256,921.087,0,0,100,1946
1787416019.7160535,922.114,0,0,100,1946
1787416020.741906,923.14,0,0,100,1946
1787416021.7724328,924.171,0,0,99,1946
1787416022.804078,925.202,0,0,100,1946
1787416023.8294742,926.228,0,0,100,1946
1787416024.858124,927.256,0,0,100,1946
1787416025.8845506,928.283,0,0,100,1946
1787416026.910681,929.309,0,0,100,1946
1787416027.9445372,930.343,0,0,100,1946
1787416028.9723015,931.37,0,0,100,1946
1787416030.0024807,932.401,0,0,100,1946
1787416031.0293372,933.427,0,0,100,1946
1787416032.05772,934.456,0,0,99,1946
1787416033.0839386,935.482,0,0,100,1946
1787416034.1118426,936.51,0,0,100,1946
1787416035.1409678,937.539,0,0,100,1946
1787416036.169103,938.567,0,0,100,1946
1787416037.1950061,939.593,0,0,100,1946
1787416038.220774,940.619,0,0,100,1946
1787416039.2478344,941.646,0,0,100,1946
1787416040.2776322,942.676,0,0,99,1946
1787416041.3038485,943.702,0,0,100,1946
1787416042.3312411,944.729,0,0,100,1946
1787416043.3597744,945.758,0,0,100,1946
1787416044.3859036,946.784,0,0,100,1946
1787416045.4123373,947.81,0,0,100,1946
1787416046.4431903,948.841,0,0,100,1946
1787416047.4718354,949.87,0,0,100,1946
1787416048.49881,950.897,0,0,100,1946
1787416049.5259547,951.924,0,0,100,1946
1787416050.5590987,952.957,0,0,99,1946
1787416051.585788,953.984,0,0,100,1946
1787416052.614953,955.013,0,0,100,1946
1787416053.641806,956.04,0,0,100,1946
1787416054.6687582,957.067,0,0,100,1946
1787416055.695581,958.094,0,0,100,1946
1787416056.7239518,959.122,0,0,100,1946
1787416057.7545855,960.153,0,0,100,1946
1787416058.7835963,961.182,0,0,100,1946
1787416059.8098485,962.208,0,0,100,1946
1787416060.8395882,963.238,0,0,99,1946
1787416061.866,964.264,0,0,100,1946
1787416062.893965,965.292,0,0,100,1946
1787416063.9249892,966.323,0,0,100,1946
1787416064.9556787,967.354,0,0,100,1946
1787416065.9856544,968.384,0,0,100,1946
1787416067.0154233,969.414,0,0,100,1946
1787416068.043753,970.442,0,0,100,1946
1787416069.0712435,971.469,0,0,100,1946
1787416070.1004512,972.499,0,0,100,1946
1787416071.1310048,973.529,0,0,100,1946
1787416072.1617334,974.56,0,0,100,1946
1787416073.1922705,975.59,0,0,100,1946
1787416074.2247393,976.623,0,0,100,1946
1787416075.250827,977.649,0,0,100,1946
1787416076.2796977,978.678,0,0,100,1946
1787416077.3103085,979.708,0,0,100,1946
1787416078.338651,980.737,0,0,100,1946
1787416079.365854,981.764,0,0,99,1946
1787416080.3929408,982.791,0,0,100,1946
1787416081.422244,983.82,0,0,100,1946
1787416082.4524353,984.851,0,0,100,1946
1787416083.4820542,985.88,0,0,100,1946
1787416084.5089755,986.907,0,0,100,1946
1787416085.5350235,987.933,0,0,100,1946
1787416086.5638325,988.962,0,0,100,1946
1787416087.5896838,989.988,0,0,100,1946
1787416088.620356,991.018,0,0,100,1946
1787416089.652575,992.051,0,0,99,1946
1787416090.6789734,993.077,0,0,100,1946
1787416091.704475,994.103,0,0,100,1946
1787416092.7344728,995.133,0,0,100,1946
1787416093.7638316,996.162,0,0,100,1946
1787416094.792539,997.191,0,0,100,1946
1787416095.8223512,998.22,0,0,100,1946
1787416096.8530142,999.251,0,0,100,1946
1787416097.8789833,1000.277,0,0,100,1946
1787416098.9079318,1001.306,0,0,100,1946
1787416099.935753,1002.334,0,0,99,1946
1787416100.9628625,1003.361,0,0,100,1946
1787416101.9886975,1004.387,0,0,100,1946
1787416103.015276,1005.413,0,0,100,1946
1787416104.043086,1006.441,0,0,100,1946
1787416105.0735674,1007.472,0,0,100,1946
1787416106.1046178,1008.503,0,0,100,1946
1787416107.1353257,1009.533,0,0,100,1946
1787416108.1618402,1010.56,0,0,100,1946
1787416109.1914296,1011.59,0,0,99,1946
1787416110.2190974,1012.617,0,0,100,1946
1787416111.248798,1013.647,0,0,100,1946
1787416112.277279,1014.675,0,0,100,1946
1787416113.3108842,1015.709,0,0,100,1946
1787416114.3394606,1016.738,0,0,100,1946
1787416115.3682508,1017.766,0,0,100,1946
1787416116.3976672,1018.796,0,0,100,1946
1787416117.4245937,1019.823,0,0,100,1946
1787416118.450734,1020.849,0,0,99,1946
1787416119.4772208,1021.875,0,0,100,1946
1787416120.507242,1022.905,0,0,100,1946
1787416121.53847,1023.937,0,0,100,1946
1787416122.5694501,1024.968,0,0,100,1946
1787416123.5965166,1025.995,0,0,100,1946
1787416124.6260617,1027.024,0,0,100,1946
1787416125.65186,1028.05,0,0,99,1946
1787416126.6804988,1029.079,0,0,100,1946
1787416127.7083948,1030.106,0,0,100,1946
1787416128.7397447,1031.138,0,0,99,1946
1787416129.7727537,1032.171,0,0,100,1946
1787416130.8005579,1033.199,0,0,100,1946
1787416131.8317723,1034.23,0,0,100,1946
1787416132.864341,1035.262,0,0,100,1946
1787416133.894201,1036.292,0,0,100,1946
1787416134.9233603,1037.321,0,0,100,1946
1787416135.9508762,1038.349,0,0,100,1946
1787416136.9811347,1039.379,0,0,100,1946
1787416138.010396,1040.408,0,0,99,1946
1787416139.0398426,1041.438,0,0,100,1946
1787416140.069732,1042.468,0,0,100,1946
1787416141.0986452,1043.497,0,0,100,1946
1787416142.1269112,1044.525,0,0,100,1946
1787416143.1602721,1045.558,0,0,100,1946
1787416144.18955,1046.588,0,0,100,1946
1787416145.2172184,1047.615,0,0,100,1946
1787416146.2468781,1048.645,0,0,100,1946
1787416147.2732625,1049.671,0,0,100,1946
1787416148.3032405,1050.701,0,0,99,1946
1787416149.3336122,1051.732,0,0,100,1946
1787416150.3661783,1052.764,0,0,100,1946
1787416151.3920107,1053.79,0,0,100,1946
1787416152.4196455,1054.818,0,0,100,1946
1787416153.4500902,1055.848,0,0,100,1946
1787416154.476451,1056.875,0,0,100,1946
1787416155.5023751,1057.9,0,0,100,1946
1787416156.5328534,1058.931,0,0,100,1946
1787416157.5616772,1059.96,0,0,100,1946
1787416158.5894105,1060.987,0,0,100,1946
1787416159.61902,1062.017,0,0,100,1946
1787416160.6445768,1063.043,0,0,100,1946
1787416161.6728473,1064.071,0,0,100,1946
1787416162.701324,1065.099,0,0,100,1946
1787416163.7317703,1066.13,0,0,100,1946
1787416164.761371,1067.159,0,0,100,1946
1787416165.7910316,1068.189,0,0,100,1946
1787416166.8232927,1069.221,0,0,99,1946
1787416167.8560681,1070.254,0,0,100,1946
1787416168.8831053,1071.281,0,0,100,1946
1787416169.9123018,1072.31,0,0,100,1946
1787416170.9415736,1073.34,0,0,100,1946
1787416171.970005,1074.368,0,0,100,1946
1787416173.0006967,1075.399,0,0,100,1946
1787416174.0268674,1076.425,0,0,100,1946
1787416175.0531092,1077.451,0,0,100,1946
1787416176.0806715,1078.479,0,0,100,1946
1787416177.10971,1079.508,0,0,99,1946
1787416178.1355193,1080.534,0,0,100,1946
1787416179.164663,1081.563,0,0,100,1946
1787416180.192771,1082.591,0,0,100,1946
1787416181.2186353,1083.617,0,0,100,1946
1787416182.246576,1084.645,0,0,100,1946
1787416183.2745552,1085.673,0,0,100,1946
1787416184.3094635,1086.708,0,0,100,1946
1787416185.3388507,1087.737,0,0,100,1946
1787416186.370035,1088.768,0,0,100,1946
1787416187.398836,1089.797,0,0,99,1946
1787416188.4260259,1090.824,0,0,100,1946
1787416189.4522862,1091.85,0,0,100,1946
1787416190.4822206,1092.88,0,0,100,1946
1787416191.5146687,1093.913,0,0,100,1946
1787416192.5449293,1094.943,0,0,100,1946
1787416193.5769012,1095.975,0,0,100,1946
1787416194.6024697,1097.001,0,0,100,1946
1787416195.6304762,1098.029,0,0,100,1946
1787416196.6585827,1099.057,0,0,99,1946
1787416197.6854692,1100.084,0,0,100,1946
1787416198.710982,1101.109,0,0,100,1946
1787416199.739566,1102.138,0,0,100,1946
1787416200.768981,1103.167,0,0,100,1946
1787416201.7991302,1104.197,0,0,100,1946
1787416202.8273351,1105.225,0,0,100,1946
1787416203.8560207,1106.254,0,0,100,1946
1787416204.8891008,1107.287,0,0,100,1946
1787416205.9152415,1108.313,0,0,99,1946
1787416206.9439385,1109.342,0,0,100,1946
1787416207.9705427,1110.369,0,0,100,1946
1787416208.9993627,1111.397,0,0,100,1946
1787416210.0290654,1112.427,0,0,100,1946
1787416211.056706,1113.455,0,0,100,1946
1787416212.083397,1114.481,0,0,100,1946
1787416213.1130238,1115.511,0,0,100,1946
1787416214.1418765,1116.54,0,0,100,1946
1787416215.168538,1117.567,0,0,100,1946
1787416216.2010314,1118.599,0,0,99,1946
1787416217.2347345,1119.633,0,0,100,1946
1787416218.2628214,1120.661,0,0,100,1946
1787416219.2930386,1121.691,0,0,100,1946
1787416220.3223977,1122.72,0,0,100,1946
1787416221.3494349,1123.748,0,0,100,1946
1787416222.3793035,1124.777,0,0,100,1946
1787416223.4067132,1125.805,0,0,100,1946
1787416224.4354253,1126.834,0,0,100,1946
1787416225.4635966,1127.862,0,0,99,1946
1787416226.4894896,1128.888,0,0,100,1946
1787416227.5189764,1129.917,0,0,100,1946
1787416228.5487962,1130.947,0,0,100,1946
1787416229.57495,1131.973,0,0,100,1946
1787416230.6065097,1133.005,0,0,100,1946
1787416231.633226,1134.031,0,0,100,1946
1787416232.6604314,1135.059,0,0,100,1946
1787416233.6896007,1136.088,0,0,100,1946
1787416234.7208364,1137.119,0,0,100,1946
1787416235.747356,1138.145,0,0,99,1946
1787416236.774771,1139.173,0,0,100,1946
1787416237.8026783,1140.201,0,0,100,1946
1787416238.8366106,1141.235,0,0,100,1946
1787416239.865929,1142.264,0,0,100,1946
1787416240.8946555,1143.293,0,0,100,1946
1787416241.9215682,1144.32,0,0,100,1946
1787416242.9542289,1145.352,0,0,100,1946
1787416243.9825122,1146.381,0,0,100,1946
1787416245.011785,1147.41,0,0,99,1946
1787416246.0399468,1148.438,0,0,100,1946
1787416247.0660496,1149.464,0,0,100,1946
1787416248.0941546,1150.492,0,0,100,1946
1787416249.1244855,1151.523,0,0,100,1946
1787416250.1538055,1152.552,0,0,100,1946
1787416251.1837187,1153.582,0,0,100,1946
1787416252.2161865,1154.614,0,0,100,1946
1787416253.2456324,1155.644,0,0,100,1946
1787416254.2761939,1156.674,0,0,99,1946
1787416255.305734,1157.704,0,0,100,1946
1787416256.3348815,1158.733,0,0,100,1946
1787416257.3647203,1159.763,0,0,100,1946
1787416258.3967438,1160.795,0,0,100,1946
1787416259.423967,1161.822,0,0,100,1946
1787416260.4508288,1162.849,0,0,100,1946
1787416261.4784274,1163.877,0,0,100,1946
1787416262.5099258,1164.908,0,0,100,1946
1787416263.5377018,1165.936,0,0,100,1946
1787416264.5662322,1166.964,0,0,99,1946
1787416265.5971851,1167.995,0,0,100,1946
1787416266.625122,1169.023,0,0,100,1946
1787416267.6548953,1170.053,0,0,100,1946
1787416268.6872354,1171.085,0,0,100,1946
1787416269.716853,1172.115,0,0,100,1946
1787416270.7431624,1173.141,0,0,100,1946
1787416271.7718923,1174.17,0,0,100,1946
1787416272.803443,1175.202,0,0,100,1946
1787416273.834083,1176.232,0,0,100,1946
1787416274.8609436,1177.259,0,0,99,1946
1787416275.890055,1178.288,0,0,100,1946
1787416276.920949,1179.319,0,0,100,1946
1787416277.9487703,1180.347,0,0,100,1946
1787416278.975195,1181.373,0,0,100,1946
1787416280.0054677,1182.404,0,0,100,1946
1787416281.0367942,1183.435,0,0,100,1946
1787416282.0620575,1184.46,0,0,100,1946
1787416283.0883946,1185.486,0,0,99,1946
1787416284.115341,1186.513,0,0,100,1946
1787416285.1450899,1187.543,0,0,100,1946
1787416286.1724622,1188.571,0,0,100,1946
1787416287.2031841,1189.601,0,0,100,1946
1787416288.2319014,1190.63,0,0,100,1946
1787416289.2607157,1191.659,0,0,100,1946
1787416290.2906642,1192.689,0,0,100,1946
1787416291.3228989,1193.721,0,0,100,1946
1787416292.3505635,1194.749,0,0,100,1946
1787416293.3802156,1195.778,0,0,99,1946
1787416294.4098675,1196.808,0,0,100,1946
1787416295.4362419,1197.834,0,0,100,1946
1787416296.4624367,1198.861,0,0,100,1946
1787416297.4925926,1199.891,0,0,100,1946
1787416298.5205874,1200.919,0,0,100,1946
1787416299.549851,1201.948,0,0,100,1946
1787416300.579113,1202.977,0,0,100,1946
1787416301.6129615,1204.011,0,0,100,1946
1787416302.63911,1205.037,0,0,100,1946
1787416303.671212,1206.069,0,0,99,1946
1787416304.6989648,1207.097,0,0,100,1946
1787416305.7369385,1208.135,0,0,100,1946
1787416306.7700093,1209.168,0,0,100,1946
1787416307.7968116,1210.195,0,0,100,1946
1787416308.823796,1211.222,0,0,100,1946
1787416309.8535497,1212.252,0,0,100,1946
1787416310.880189,1213.278,0,0,100,1946
1787416311.9073,1214.305,0,0,100,1946
1787416312.9407625,1215.339,0,0,99,1946
1787416313.970736,1216.369,0,0,100,1946
1787416314.9967337,1217.395,0,0,100,1946
1787416316.0272214,1218.425,0,0,100,1946
1787416317.0534277,1219.452,0,0,100,1946
1787416318.0802479,1220.478,0,0,100,1946
1787416319.1127808,1221.511,0,0,100,1946
1787416320.1394777,1222.538,0,0,100,1946
1787416321.1683547,1223.566,0,0,100,1946
1787416322.1981525,1224.596,0,0,99,1946
1787416323.2313323,1225.629,0,0,100,1946
1787416324.2583046,1226.656,0,0,100,1946
1787416325.288077,1227.686,0,0,100,1946
1787416326.314463,1228.713,0,0,100,1946
1787416327.3468564,1229.745,0,0,100,1946
1787416328.3759282,1230.774,0,0,100,1946
1787416329.4031641,1231.801,0,0,100,1946
1787416330.4305701,1232.829,0,0,100,1946
1787416331.4570801,1233.855,0,0,100,1946
1787416332.4863458,1234.884,0,0,99,1946
1787416333.5159926,1235.914,0,0,100,1946
1787416334.5419524,1236.94,0,0,100,1946
1787416335.571923,1237.97,0,0,100,1946
1787416336.5998995,1238.998,0,0,100,1946
1787416337.632014,1240.03,0,0,100,1946
1787416338.6616888,1241.06,0,0,100,1946
1787416339.6906273,1242.089,0,0,100,1946
1787416340.7200618,1243.118,0,0,100,1946
1787416341.7528152,1244.151,0,0,100,1946
1787416342.778403,1245.176,0,0,99,1946
1787416343.80536,1246.203,0,0,100,1946
1787416344.8347125,1247.233,0,0,100,1946
1787416345.8617287,1248.26,0,0,100,1946
1787416346.889506,1249.288,0,0,100,1946
1787416347.9179041,1250.316,0,0,100,1946
1787416348.9451644,1251.343,0,0,100,1946
1787416349.9737806,1252.372,0,0,100,1946
1787416351.0047102,1253.403,0,0,100,1946
1787416352.0368805,1254.435,0,0,99,1946
1787416353.067141,1255.465,0,0,100,1946
1787416354.0932987,1256.491,0,0,100,1946
1787416355.1227436,1257.521,0,0,85,1946
1787416356.1513064,1258.549,0,0,100,1946
1787416357.1828616,1259.581,0,0,100,1946
1787416358.217596,1260.616,0,0,100,1946
1787416359.247131,1261.645,0,0,100,1946
1787416360.2726402,1262.671,0,0,100,1946
1787416361.3009982,1263.699,0,0,99,1946
1787416362.3314176,1264.73,0,0,100,1946
1787416363.3581884,1265.756,0,0,100,1946
1787416364.3857431,1266.784,0,0,100,1946
1787416365.413388,1267.811,0,0,100,1946
1787416366.4431992,1268.841,0,0,100,1946
1787416367.4708424,1269.869,0,0,100,1946
1787416368.4966557,1270.895,0,0,100,1946
1787416369.5225978,1271.921,0,0,100,1946
1787416370.5522618,1272.95,0,0,100,1946
1787416371.5793905,1273.977,0,0,99,1946
1787416372.6129045,1275.011,0,0,100,1946
1787416373.6411824,1276.039,0,0,100,1946
1787416374.6684551,1277.067,0,0,100,1946
1787416375.6998162,1278.098,0,0,100,1946
1787416376.7286434,1279.127,0,0,100,1946
1787416377.7564542,1280.155,0,0,100,1946
1787416378.7856698,1281.184,0,0,100,1946
1787416379.8165026,1282.215,0,0,100,1946
1787416380.8450096,1283.243,0,0,99,1946
1787416381.878003,1284.276,0,0,100,1946
1787416382.9113955,1285.309,0,0,100,1946
1787416383.941194,1286.339,0,0,100,1946
1787416384.9752786,1287.373,0,0,100,1946
1787416386.0051863,1288.403,0,0,100,1946
1787416387.0377057,1289.436,0,0,100,1946
1787416388.0664022,1290.464,0,0,100,1946
1787416389.0955453,1291.494,0,0,100,1946
1787416390.1256416,1292.524,0,0,100,1946
1787416391.15732,1293.555,0,0,99,1946
1787416392.1868846,1294.585,0,0,100,1946
1787416393.2167053,1295.615,0,0,100,1946
1787416394.2449265,1296.643,0,0,100,1946
1787416395.2740488,1297.672,0,0,100,1946
1787416396.3021343,1298.7,0,0,100,1946
1787416397.3305159,1299.729,0,0,100,1946
1787416398.3624556,1300.761,0,0,100,1946
1787416399.3963678,1301.794,0,0,100,1946
1787416400.4260998,1302.824,0,0,100,1946
1787416401.4519126,1303.85,0,0,100,1946
1787416402.4799662,1304.878,0,0,100,1946
1787416403.5051093,1305.903,0,0,100,1946
1787416404.5329158,1306.931,0,0,100,1946
1787416405.5652978,1307.963,0,0,100,1946
1787416406.5991874,1308.997,0,0,100,1946
1787416407.625142,1310.023,0,0,100,1946
1787416408.6517947,1311.05,0,0,100,1946
1787416409.678507,1312.077,0,0,99,1946
1787416410.7057035,1313.104,0,0,100,1946
1787416411.735799,1314.134,0,0,100,1946
1787416412.7630932,1315.161,0,0,100,1946
1787416413.791634,1316.19,0,0,100,1946
1787416414.81845,1317.217,0,0,100,1946
1787416415.8451567,1318.243,0,0,100,1946
1787416416.872032,1319.27,0,0,100,1946
1787416417.898353,1320.296,0,0,100,1946
1787416418.9266813,1321.325,0,0,100,1946
1787416419.9580615,1322.356,0,0,99,1946
1787416420.9841874,1323.382,0,0,100,1946
1787416422.013956,1324.412,0,0,100,1946
1787416423.0446193,1325.443,0,0,100,1946
1787416424.076295,1326.474,0,0,100,1946
1787416425.1048822,1327.503,0,0,100,1946
1787416426.1373374,1328.535,0,0,100,1946
1787416427.1645842,1329.563,0,0,100,1946
1787416428.190745,1330.589,0,0,100,1946
1787416429.2236943,1331.622,0,0,100,1946
1787416430.2562556,1332.654,0,0,99,1946
1787416431.2843287,1333.682,0,0,100,1946
1787416432.3146904,1334.713,0,0,100,1946
1787416433.3452537,1335.743,0,0,100,1946
1787416434.3750873,1336.773,0,0,100,1946
1787416435.4021337,1337.8,0,0,100,1946
1787416436.4315376,1338.83,0,0,100,1946
1787416437.4603276,1339.858,0,0,100,1946
1787416438.4888542,1340.887,0,0,100,1946
1787416439.5159247,1341.914,0,0,99,1946
1787416440.547129,1342.945,0,0,100,1946
1787416441.5724993,1343.971,0,0,100,1946
1787416442.5988503,1344.997,0,0,100,1946
1787416443.630985,1346.029,0,0,100,1946
1787416444.6616967,1347.06,0,0,100,1946
1787416445.6890247,1348.087,0,0,100,1946
1787416446.7154076,1349.113,0,0,100,1946
1787416447.7449713,1350.143,0,0,100,1946
1787416448.7764053,1351.174,0,0,99,1946
1787416449.804171,1352.202,0,0,100,1946
1787416450.8326805,1353.231,0,0,100,1946
1787416451.8587253,1354.257,0,0,100,1946
1787416452.8897786,1355.288,0,0,100,1946
1787416453.9159763,1356.314,0,0,100,1946
1787416454.9420118,1357.34,0,0,100,1946
1787416455.9685576,1358.367,0,0,100,1946
1787416457.0009084,1359.399,0,0,100,1946
1787416458.027518,1360.426,0,0,100,1946
1787416459.054457,1361.453,0,0,99,1946
1787416460.0825663,1362.481,0,0,100,1946
1787416461.1089733,1363.507,0,0,100,1946
1787416462.1374643,1364.536,0,0,100,1946
1787416463.1641123,1365.562,0,0,100,1946
1787416464.1944087,1366.592,0,0,100,1946
1787416465.22712,1367.625,0,0,100,1946
1787416466.258103,1368.656,0,0,100,1946
1787416467.2844045,1369.682,0,0,100,1946
1787416468.3137825,1370.712,0,0,100,1946
1787416469.3446574,1371.743,0,0,99,1946
1787416470.3736098,1372.772,0,0,100,1946
1787416471.402849,1373.801,0,0,100,1946
1787416472.4334695,1374.832,0,0,100,1946
1787416473.460546,1375.859,0,0,100,1946
1787416474.490077,1376.888,0,0,100,1946
1787416475.51548,1377.914,0,0,100,1946
1787416476.5471911,1378.945,0,0,100,1946
1787416477.575964,1379.974,0,0,100,1946
1787416478.6023016,1381.0,0,0,99,1946
1787416479.6354194,1382.034,0,0,100,1946
1787416480.663595,1383.062,0,0,100,1946
1787416481.6898959,1384.088,0,0,100,1946
1787416482.71763,1385.116,0,0,100,1946
1787416483.7439866,1386.142,0,0,100,1946
1787416484.7716248,1387.17,0,0,100,1946
1787416485.7986825,1388.197,0,0,100,1946
1787416486.8309298,1389.229,0,0,100,1946
1787416487.8604262,1390.259,0,0,99,1946
1787416488.8897355,1391.288,0,0,100,1946
1787416489.9184327,1392.317,0,0,100,1946
1787416490.945675,1393.344,0,0,100,1946
1787416491.9738772,1394.372,0,0,100,1946
1787416493.0015411,1395.4,0,0,100,1946
1787416494.0278842,1396.426,0,0,100,1946
1787416495.0539315,1397.452,0,0,100,1946
1787416496.080727,1398.479,0,0,100,1946
1787416497.110352,1399.508,0,0,100,1946
1787416498.1421013,1400.54,0,0,99,1946
1787416499.1724699,1401.571,0,0,100,1946
1787416500.2029693,1402.601,0,0,85,1946
1787416501.2285516,1403.627,0,0,100,1946
1787416502.256585,1404.655,0,0,100,1946
1787416503.2887003,1405.687,0,0,100,1946
1787416504.3155694,1406.714,0,0,100,1946
1787416505.3471816,1407.745,0,0,100,1946
1787416506.37353,1408.772,0,0,100,1946
1787416507.3999279,1409.798,0,0,99,1946
1787416508.4263937,1410.824,0,0,100,1946
1787416509.4561172,1411.854,0,0,100,1946
1787416510.4829326,1412.881,0,0,100,1946
1787416511.5097296,1413.908,0,0,100,1946
1787416512.5420675,1414.94,0,0,100,1946
1787416513.5721989,1415.97,0,0,100,1946
1787416514.5979335,1416.996,0,0,100,1946
1787416515.6270795,1418.025,0,0,100,1946
1787416516.6569903,1419.055,0,0,100,1946
1787416517.6870937,1420.085,0,0,99,1946
1787416518.7132182,1421.111,0,0,100,1946
1787416519.7458794,1422.144,0,0,99,1946
1787416520.7723374,1423.17,0,0,100,1946
1787416521.802167,1424.2,0,0,100,1946
1787416522.8353367,1425.233,0,0,100,1946
1787416523.861783,1426.26,0,0,100,1946
1787416524.8917284,1427.29,0,0,99,1946
1787416525.920907,1428.319,0,0,100,1946
1787416526.9529488,1429.351,0,0,99,1946
1787416527.9837716,1430.382,0,0,100,1946
1787416529.0168538,1431.415,0,0,100,1946
1787416530.0437236,1432.442,0,0,100,1946
1787416531.0721922,1433.47,0,0,100,1946
1787416532.0999353,1434.498,0,0,100,1946
1787416533.1326866,1435.531,0,0,100,1946
1787416534.1619146,1436.56,0,0,99,1946
1787416535.1881387,1437.586,0,0,100,1946
1787416536.2182226,1438.616,0,0,99,1946
1787416537.2464187,1439.645,0,0,100,1946
1787416538.2781668,1440.676,0,0,100,1946
1787416539.305384,1441.703,0,0,100,1946
1787416540.3328547,1442.731,0,0,100,1946
1787416541.361163,1443.759,0,0,100,1946
1787416542.3865416,1444.785,0,0,100,1946
1787416543.412766,1445.811,0,0,100,1946
1787416544.4397438,1446.838,0,0,100,1946
1787416545.4668791,1447.865,0,0,100,1946
1787416546.4968874,1448.895,0,0,99,1946
1787416547.5221753,1449.92,0,0,100,1946
1787416548.5521228,1450.95,0,0,100,1946
1787416549.5792017,1451.977,0,0,100,1946
1787416550.609586,1453.008,0,0,100,1946
1787416551.6367126,1454.035,0,0,100,1946
1787416552.6636417,1455.062,0,0,100,1946
1787416553.690026,1456.088,0,0,100,1946
1787416554.715926,1457.114,0,0,100,1946
1787416555.7443335,1458.142,0,0,100,1946
1787416556.7757761,1459.174,0,0,99,1946
1787416557.8084238,1460.207,0,0,100,1946
1787416558.837638,1461.236,0,0,100,1946
1787416559.8717463,1462.27,0,0,100,1946
1787416560.8986397,1463.297,0,0,100,1946
1787416561.9280422,1464.326,0,0,100,1946
1787416562.9548917,1465.353,0,0,100,1946
1787416563.9805954,1466.379,0,0,100,1946
1787416565.0078444,1467.406,0,0,100,1946
1787416566.0389676,1468.437,0,0,99,1946
1787416567.0650127,1469.463,0,0,100,1946
1787416568.0911107,1470.489,0,0,100,1946
1787416569.118002,1471.516,0,0,100,1946
1787416570.1455655,1472.544,0,0,100,1946
1787416571.1741052,1473.572,0,0,100,1946
1787416572.2072046,1474.605,0,0,100,1946
1787416573.235369,1475.633,0,0,100,1946
1787416574.2639234,1476.662,0,0,100,1946
1787416575.2899277,1477.688,0,0,99,1946
1787416576.3157814,1478.714,0,0,100,1946
1787416577.3459423,1479.744,0,0,100,1946
1787416578.3752549,1480.773,0,0,100,1946
1787416579.403474,1481.802,0,0,100,1946
1787416580.4325776,1482.831,0,0,100,1946
1787416581.459325,1483.857,0,0,100,1946
1787416582.4853132,1484.883,0,0,100,1946
1787416583.5106692,1485.909,0,0,100,1946
1787416584.539637,1486.938,0,0,100,1946
1787416585.5684261,1487.967,0,0,99,1946
1787416586.5947356,1488.993,0,0,100,1946
1787416587.6219091,1490.02,0,0,100,1946
1787416588.6504533,1491.049,0,0,100,1946
1787416589.6796358,1492.078,0,0,100,1946
1787416590.7056673,1493.104,0,0,100,1946
1787416591.7345016,1494.133,0,0,100,1946
1787416592.7647042,1495.163,0,0,100,1946
1787416593.792611,1496.191,0,0,100,1946
1787416594.8221204,1497.22,0,0,100,1946
1787416595.8500986,1498.248,0,0,99,1946
1787416596.8807554,1499.279,0,0,100,1946
1787416597.9089048,1500.307,0,0,100,1946
1787416598.9434445,1501.342,0,0,100,1946
1787416599.9708428,1502.369,0,0,100,1946
1787416600.999995,1503.398,0,0,100,1946
1787416602.0283413,1504.426,0,0,100,1946
1787416603.0577116,1505.456,0,0,100,1946
1787416604.0896387,1506.488,0,0,100,1946
1787416605.1223276,1507.52,0,0,99,1946
1787416606.1553462,1508.553,0,0,100,1946
1787416607.1834204,1509.582,0,0,100,1946
1787416608.2128143,1510.611,0,0,100,1946
1787416609.2392578,1511.637,0,0,100,1946
1787416610.2677784,1512.666,0,0,100,1946
1787416611.2951531,1513.693,0,0,100,1946
1787416612.3219986,1514.72,0,0,100,1946
1787416613.3497672,1515.748,0,0,100,1946
1787416614.3801672,1516.778,0,0,99,1946
1787416615.4082053,1517.806,0,0,100,1946
1787416616.434192,1518.832,0,0,100,1946
1787416617.4659896,1519.864,0,0,100,1946
1787416618.495337,1520.893,0,0,100,1946
1787416619.5220633,1521.92,0,0,100,1946
1787416620.555414,1522.953,0,0,100,1946
1787416621.5845246,1523.983,0,0,100,1946
1787416622.6122844,1525.01,0,0,100,1946
1787416623.6398568,1526.038,0,0,100,1946
1787416624.668714,1527.067,0,0,99,1946
1787416625.6963246,1528.094,0,0,100,1946
1787416626.7219152,1529.12,0,0,100,1946
1787416627.750173,1530.148,0,0,100,1946
1787416628.7809992,1531.179,0,0,100,1946
1787416629.813013,1532.211,0,0,100,1946
1787416630.842069,1533.24,0,0,100,1946
1787416631.8682249,1534.266,0,0,100,1946
1787416632.8959591,1535.294,0,0,100,1946
1787416633.9250987,1536.323,0,0,99,1946
1787416634.9522755,1537.35,0,0,100,1946
1787416635.9814239,1538.38,0,0,100,1946
1787416637.0117216,1539.41,0,0,100,1946
1787416638.040432,1540.439,0,0,100,1946
1787416639.070379,1541.468,0,0,100,1946
1787416640.101768,1542.5,0,0,100,1946
1787416641.1274562,1543.526,0,0,100,1946
1787416642.1547735,1544.553,0,0,100,1946
1787416643.1853967,1545.583,0,0,100,1946
1787416644.2149727,1546.613,0,0,99,1946
1787416645.2432063,1547.641,0,0,100,1946
1787416646.2754383,1548.674,0,0,100,1946
1787416647.3038082,1549.702,0,0,100,1946
1787416648.3348615,1550.733,0,0,100,1946
1787416649.363655,1551.762,0,0,100,1946
1787416650.3936038,1552.792,0,0,100,1946
1787416651.421537,1553.82,0,0,100,1946
1787416652.4473352,1554.845,0,0,100,1946
1787416653.4773197,1555.875,0,0,99,1946
1787416654.5057292,1556.904,0,0,100,1946
1787416655.5330718,1557.931,0,0,100,1946
1787416656.5589824,1558.957,0,0,100,1946
1787416657.5849118,1559.983,0,0,100,1946
1787416658.6118393,1561.01,0,0,100,1946
1787416659.6376083,1562.036,0,0,100,1946
1787416660.667336,1563.065,0,0,100,1946
1787416661.695331,1564.093,0,0,100,1946
1787416662.7230635,1565.121,0,0,99,1946
1787416663.7545688,1566.153,0,0,100,1946
1787416664.78154,1567.18,0,0,100,1946
1787416665.8108346,1568.209,0,0,100,1946
1787416666.8421412,1569.24,0,0,100,1946
1787416667.867706,1570.266,0,0,100,1946
1787416668.8972816,1571.295,0,0,100,1946
1787416669.9265127,1572.325,0,0,100,1946
1787416670.9522235,1573.35,0,0,100,1946
1787416671.9800365,1574.378,0,0,100,1946
1787416673.006139,1575.404,0,0,99,1946
1787416674.0390584,1576.437,0,0,100,1946
1787416675.0700767,1577.468,0,0,100,1946
1787416676.0973942,1578.495,0,0,100,1946
1787416677.1266303,1579.525,0,0,100,1946
1787416678.1560903,1580.554,0,0,100,1946
1787416679.185374,1581.583,0,0,100,1946
1787416680.2143612,1582.612,0,0,100,1946
1787416681.246921,1583.645,0,0,100,1946
1787416682.273222,1584.671,0,0,100,1946
1787416683.2998152,1585.698,0,0,99,1946
1787416684.3308768,1586.729,0,0,100,1946
1787416685.3597248,1587.758,0,0,100,1946
1787416686.3878844,1588.786,0,0,100,1946
1787416687.4162583,1589.814,0,0,100,1946
1787416688.4471285,1590.845,0,0,100,1946
1787416689.4803355,1591.878,0,0,100,1946
1787416690.5105739,1592.909,0,0,100,1946
1787416691.5395298,1593.938,0,0,99,1946
1787416692.5722854,1594.97,0,0,100,1946
1787416693.6031883,1596.001,0,0,100,1946
1787416694.6301556,1597.028,0,0,100,1946
1787416695.659303,1598.057,0,0,100,1946
1787416696.6872737,1599.085,0,0,100,1946
1787416697.717547,1600.116,0,0,100,1946
1787416698.744124,1601.142,0,0,100,1946
1787416699.7747235,1602.173,0,0,100,1946
1787416700.8057082,1603.204,0,0,100,1946
1787416701.8326054,1604.231,0,0,99,1946
1787416702.8609815,1605.259,0,0,100,1946
1787416703.891862,1606.29,0,0,100,1946
1787416704.9295096,1607.328,0,0,100,1946
1787416705.9575293,1608.356,0,0,100,1946
1787416706.9864082,1609.384,0,0,100,1946
1787416708.0159526,1610.414,0,0,100,1946
1787416709.0418823,1611.44,0,0,100,1946
1787416710.0746143,1612.473,0,0,100,1946
1787416711.1042733,1613.502,0,0,100,1946
1787416712.1326833,1614.531,0,0,99,1946
1787416713.1588423,1615.557,0,0,100,1946
1787416714.187231,1616.585,0,0,100,1946
1787416715.2170038,1617.615,0,0,100,1946
1787416716.2494395,1618.648,0,0,100,1946
1787416717.282087,1619.68,0,0,100,1946
1787416718.3102655,1620.708,0,0,100,1946
1787416719.3359594,1621.734,0,0,100,1946
1787416720.3621125,1622.76,0,0,100,1946
1787416721.3900495,1623.788,0,0,99,1946
1787416722.4200137,1624.818,0,0,100,1946
1787416723.446509,1625.845,0,0,100,1946
1787416724.4736848,1626.872,0,0,100,1946
1787416725.5066752,1627.905,0,0,100,1946
1787416726.535459,1628.934,0,0,100,1946
1787416727.5650516,1629.963,0,0,100,1946
1787416728.5906963,1630.989,0,0,100,1946
1787416729.6206026,1632.019,0,0,100,1946
1787416730.6557338,1633.054,0,0,99,1946
1787416731.688106,1634.086,0,0,100,1946
1787416732.715455,1635.114,0,0,100,1946
1787416733.7418294,1636.14,0,0,100,1946
1787416734.769399,1637.167,0,0,100,1946
1787416735.7988021,1638.197,0,0,100,1946
1787416736.8285208,1639.227,0,0,100,1946
1787416737.8564148,1640.254,0,0,100,1946
1787416738.8867915,1641.285,0,0,100,1946
1787416739.9126284,1642.311,0,0,100,1946
1787416740.942717,1643.341,0,0,99,1946
1787416741.9691584,1644.367,0,0,100,1946
1787416742.9963658,1645.394,0,0,100,1946
1787416744.0243962,1646.422,0,0,100,1946
1787416745.0535302,1647.452,0,0,100,1946
1787416746.0808105,1648.479,0,0,100,1946
1787416747.1141884,1649.512,0,0,100,1946
1787416748.145157,1650.543,0,0,100,1946
1787416749.1782088,1651.576,0,0,100,1946
1787416750.2072682,1652.605,0,0,100,1946
1787416751.2340841,1653.632,0,0,100,1946
1787416752.2662005,1654.664,0,0,100,1946
1787416753.2960463,1655.694,0,0,100,1946
1787416754.323929,1656.722,0,0,100,1946
1787416755.3595676,1657.758,0,0,100,1946
1787416756.3920422,1658.79,0,0,100,1946
1787416757.4200947,1659.818,0,0,100,1946
1787416758.453371,1660.851,0,0,100,1946
1787416759.4826622,1661.881,0,0,100,1946
1787416760.5166616,1662.915,0,0,99,1946
1787416761.5462892,1663.944,0,0,100,1946
1787416762.5745544,1664.973,0,0,100,1946
1787416763.6087682,1666.007,0,0,100,1946
1787416764.6350095,1667.033,0,0,100,1946
1787416765.6606364,1668.059,0,0,100,1946
1787416766.689093,1669.087,0,0,100,1946
1787416767.7216973,1670.12,0,0,100,1946
1787416768.749701,1671.148,0,0,100,1946
1787416769.77892,1672.177,0,0,99,1946
1787416770.805207,1673.203,0,0,100,1946
1787416771.8334088,1674.231,0,0,100,1946
1787416772.8609998,1675.259,0,0,100,1946
1787416773.8885124,1676.287,0,0,100,1946
1787416774.9187026,1677.317,0,0,100,1946
1787416775.9480016,1678.346,0,0,100,1946
1787416776.9741545,1679.372,0,0,100,1946
1787416778.000175,1680.398,0,0,100,1946
1787416779.0276434,1681.426,0,0,100,1946
1787416780.056067,1682.454,0,0,99,1946
1787416781.0834181,1683.482,0,0,100,1946
1787416782.1128247,1684.511,0,0,100,1946
1787416783.1415627,1685.54,0,0,100,1946
1787416784.1699252,1686.568,0,0,100,1946
1787416785.197649,1687.596,0,0,100,1946
1787416786.2299316,1688.628,0,0,100,1946
1787416787.2580254,1689.656,0,0,100,1946
1787416788.2891636,1690.687,0,0,100,1946
1787416789.3149338,1691.713,0,0,100,1946
1787416790.3430858,1692.741,0,0,100,1946
1787416791.3689957,1693.767,0,0,100,1946
1787416792.3959894,1694.794,0,0,100,1946
1787416793.4247088,1695.823,0,0,100,1946
1787416794.4530728,1696.851,0,0,100,1946
1787416795.482646,1697.881,0,0,100,1946
1787416796.5116658,1698.91,0,0,100,1946
1787416797.538535,1699.937,0,0,100,1946
1787416798.569481,1700.968,0,0,100,1946
1787416799.5983229,1701.996,0,0,100,1946
1787416800.62802,1703.026,0,0,100,1946
1787416801.655968,1704.054,0,0,100,1946
1787416802.6813877,1705.079,0,0,100,1946
1787416803.7083387,1706.106,0,0,100,1946
1787416804.7375872,1707.136,0,0,100,1946
1787416805.7646508,1708.163,0,0,100,1946
1787416806.7966552,1709.195,0,0,100,1946
1787416807.8234825,1710.222,0,0,100,1946
1787416808.8516598,1711.25,0,0,100,1946
1787416809.8785763,1712.277,0,0,100,1946
1787416810.9061754,1713.304,0,0,100,1946
1787416811.9351287,1714.333,0,0,100,1946
1787416812.9663975,1715.364,0,0,100,1946
1787416813.998081,1716.396,0,0,100,1946
1787416815.0243998,1717.422,0,0,100,1946
1787416816.0531924,1718.451,0,0,100,1946
1787416817.082899,1719.481,0,0,100,1946
1787416818.1106398,1720.509,0,0,100,1946
1787416819.141435,1721.54,0,0,100,1946
1787416820.1702335,1722.568,0,0,100,1946
1787416821.200194,1723.598,0,0,100,1946
1787416822.2274096,1724.625,0,0,100,1946
1787416823.2567837,1725.655,0,0,100,1946
1787416824.288332,1726.686,0,0,100,1946
1787416825.3156269,1727.714,0,0,100,1946
1787416826.3478892,1728.746,0,0,100,1946
1787416827.3757207,1729.774,0,0,100,1946
1787416828.4078686,1730.806,0,0,100,1946
1787416829.4345064,1731.833,0,0,100,1946
1787416830.4671867,1732.865,0,0,100,1946
1787416831.496619,1733.895,0,0,100,1946
1787416832.5285227,1734.927,0,0,100,1946
1787416833.5534234,1735.952,0,0,100,1946
1787416834.5863416,1736.984,0,0,100,1946
1787416835.6149068,1738.013,0,0,100,1946
1787416836.6428306,1739.041,0,0,100,1946
1787416837.672521,1740.071,0,0,100,1946
1787416838.7018273,1741.1,0,0,100,1946
1787416839.72757,1742.126,0,0,100,1946
1787416840.7560635,1743.154,0,0,100,1946
1787416841.7816107,1744.18,0,0,100,1946
1787416842.8100927,1745.208,0,0,100,1946
1787416843.837967,1746.236,0,0,100,1946
1787416844.8666928,1747.265,0,0,100,1946
1787416845.8940535,1748.292,0,0,100,1946
1787416846.9226348,1749.321,0,0,100,1946
1787416847.9530065,1750.351,0,0,100,1946
1787416848.9797223,1751.378,0,0,100,1946
1787416850.0100095,1752.408,0,0,100,1946
1787416851.0410707,1753.439,0,0,100,1946
1787416852.0700202,1754.468,0,0,100,1946
1787416853.0964396,1755.495,0,0,100,1946
1787416854.1233506,1756.521,0,0,100,1946
1787416855.1526134,1757.551,0,0,100,1946
1787416856.1793504,1758.577,0,0,100,1946
1787416857.2054644,1759.604,0,0,100,1946
1787416858.2322748,1760.63,0,0,100,1946
1787416859.2584147,1761.656,0,0,100,1946
1787416860.2891421,1762.687,0,0,100,1946
1787416861.3148758,1763.713,0,0,100,1946
1787416862.3435457,1764.742,0,0,100,1946
1787416863.3695061,1765.768,0,0,100,1946
1787416864.3959668,1766.794,0,0,100,1946
1787416865.424032,1767.822,0,0,99,1946
1787416866.4499125,1768.848,0,0,100,1946
1787416867.4787433,1769.877,0,0,100,1946
1787416868.5081162,1770.906,0,0,100,1946
1787416869.537478,1771.936,0,0,100,1946
1787416870.5630424,1772.961,0,0,100,1946
1787416871.5893414,1773.987,0,0,100,1946
1787416872.619759,1775.018,0,0,100,1946
1787416873.6486707,1776.047,0,0,100,1946
1787416874.6826708,1777.081,0,0,99,1946
1787416875.71507,1778.113,0,0,100,1946
1787416876.8344977,1779.233,0,0,100,1946
1787416877.8629973,1780.261,0,0,100,1946
1787416878.8892984,1781.287,0,0,100,1946
1787416879.9154952,1782.314,0,0,100,1946
1787416880.9426713,1783.341,0,0,100,1946
1787416881.9706874,1784.369,0,0,100,1946
1787416883.0024557,1785.401,0,0,100,1946
1787416884.029753,1786.428,0,0,100,1946
1787416885.0557766,1787.454,0,0,99,1946
1787416886.083462,1788.482,0,0,100,1946
1787416887.1117034,1789.51,0,0,100,1946
1787416888.1425765,1790.541,0,0,100,1946
1787416889.1695392,1791.568,0,0,100,1946
1787416890.1978817,1792.596,0,0,100,1946
1787416891.223549,1793.622,0,0,100,1946
1787416892.252462,1794.651,0,0,100,1946
1787416893.281426,1795.68,0,0,100,1946
1787416894.313927,1796.712,0,0,99,1946
1787416895.3424382,1797.741,0,0,100,1946
1787416896.3688724,1798.767,0,0,100,1946
1787416897.3953946,1799.793,0,0,100,1946
1787416898.4237607,1800.822,0,0,100,1946
1787416899.4537206,1801.852,0,0,100,1946
1787416900.4862158,1802.884,0,0,100,1946
1787416901.5158813,1803.914,0,0,100,1946
1787416902.5483806,1804.946,0,0,100,1946
1787416903.577888,1805.976,0,0,99,1946
1787416904.6072369,1807.005,0,0,100,1946
1787416905.6334136,1808.031,0,0,100,1946
1787416906.6621118,1809.06,0,0,100,1946
1787416907.6890793,1810.087,0,0,100,1946
1787416908.7152588,1811.113,0,0,100,1946
1787416909.7409666,1812.139,0,0,100,1946
1787416910.7662303,1813.164,0,0,100,1946
1787416911.795701,1814.194,0,0,100,1946
1787416912.8242598,1815.222,0,0,100,1946
1787416913.8549066,1816.253,0,0,99,1946
1787416914.8853555,1817.283,0,0,100,1946
1787416915.9147034,1818.313,0,0,100,1946
1787416916.942296,1819.34,0,0,100,1946
1787416917.9717278,1820.37,0,0,100,1946
1787416918.9993389,1821.397,0,0,100,1946
1787416920.0274117,1822.425,0,0,100,1946
1787416921.0568378,1823.455,0,0,100,1946
1787416922.0839677,1824.482,0,0,100,1946
1787416923.1108127,1825.509,0,0,100,1946
1787416924.136904,1826.535,0,0,99,1946
1787416925.1649175,1827.563,0,0,100,1946
1787416926.1920493,1828.59,0,0,100,1946
1787416927.2199142,1829.618,0,0,100,1946
1787416928.2517595,1830.65,0,0,100,1946
1787416929.2784326,1831.677,0,0,100,1946
1787416930.3082433,1832.706,0,0,100,1946
1787416931.3386555,1833.737,0,0,100,1946
1787416932.3657985,1834.764,0,0,99,1946
1787416933.3938346,1835.792,0,0,100,1946
1787416934.4226186,1836.821,0,0,100,1946
1787416935.4546704,1837.853,0,0,100,1946
1787416936.486667,1838.885,0,0,100,1946
1787416937.515667,1839.914,0,0,100,1946
1787416938.542659,1840.941,0,0,100,1946
1787416939.5735614,1841.972,0,0,100,1946
1787416940.6003768,1842.998,0,0,100,1946
1787416941.630099,1844.028,0,0,100,1946
1787416942.6627567,1845.061,0,0,99,1946
1787416943.6939359,1846.092,0,0,100,1946
1787416944.7230325,1847.121,0,0,100,1946
1787416945.753342,1848.151,0,0,100,1946
1787416946.7850869,1849.183,0,0,100,1946
1787416947.8186452,1850.217,0,0,100,1946
1787416948.8470876,1851.245,0,0,100,1946
1787416949.8738046,1852.272,0,0,100,1946
1787416950.9004004,1853.298,0,0,100,1946
1787416951.9278984,1854.326,0,0,100,1946
1787416952.9593446,1855.357,0,0,99,1946
1787416953.9854193,1856.384,0,0,100,1946
1787416955.0138714,1857.412,0,0,100,1946
1787416956.0419958,1858.44,0,0,100,1946
1787416957.073761,1859.472,0,0,100,1946
1787416958.104804,1860.503,0,0,100,1946
1787416959.1345031,1861.533,0,0,100,1946
1787416960.1621904,1862.56,0,0,100,1946
1787416961.1889765,1863.587,0,0,100,1946
1787416962.224559,1864.623,0,0,99,1946
1787416963.257236,1865.655,0,0,100,1946
1787416964.2869642,1866.685,0,0,100,1946
1787416965.3141315,1867.712,0,0,100,1946
1787416966.3417127,1868.74,0,0,100,1946
1787416967.3747218,1869.773,0,0,100,1946
1787416968.4014728,1870.8,0,0,100,1946
1787416969.4308805,1871.829,0,0,100,1946
1787416970.45787,1872.856,0,0,100,1946
1787416971.483915,1873.882,0,0,99,1946
1787416972.5118403,1874.91,0,0,100,1946
1787416973.541825,1875.94,0,0,100,1946
1787416974.56991,1876.968,0,0,100,1946
1787416975.5981963,1877.996,0,0,100,1946
1787416976.624984,1879.023,0,0,100,1946
1787416977.6559594,1880.054,0,0,100,1946
1787416978.6887414,1881.087,0,0,100,1946
1787416979.7188215,1882.117,0,0,100,1946
1787416980.7503676,1883.148,0,0,100,1946
1787416981.7798827,1884.178,0,0,99,1946
1787416982.8067176,1885.205,0,0,100,1946
1787416983.835178,1886.233,0,0,100,1946
1787416984.861606,1887.26,0,0,100,1946
1787416985.890773,1888.289,0,0,100,1946
1787416986.9193287,1889.317,0,0,100,1946
1787416987.945751,1890.344,0,0,100,1946
1787416988.9747944,1891.373,0,0,100,1946
1787416990.001796,1892.4,0,0,100,1946
1787416991.0281901,1893.426,0,0,99,1946
1787416992.056316,1894.454,0,0,100,1946
1787416993.083995,1895.482,0,0,100,1946
1787416994.1106207,1896.509,0,0,100,1946
1787416995.1387835,1897.537,0,0,100,1946
1787416996.166657,1898.565,0,0,100,1946
1787416997.1966798,1899.595,0,0,100,1946
1787416998.2220445,1900.62,0,0,100,1946
1787416999.24844,1901.647,0,0,100,1946
1787417000.2774653,1902.676,0,0,100,1946
1787417001.307211,1903.705,0,0,99,1946
1787417002.3328683,1904.731,0,0,100,1946
1787417003.359,1905.757,0,0,100,1946
1787417004.387588,1906.786,0,0,100,1946
1787417005.4149597,1907.813,0,0,100,1946
1787417006.4427862,1908.841,0,0,100,1946
1787417007.4694161,1909.868,0,0,100,1946
1787417008.4978487,1910.896,0,0,100,1946
1787417009.5310845,1911.929,0,0,100,1946
1787417010.5609572,1912.959,0,0,100,1946
1787417011.5908995,1913.989,0,0,99,1946
1787417012.620383,1915.018,0,0,100,1946
1787417013.646323,1916.044,0,0,100,1946
1787417014.677638,1917.076,0,0,100,1946
1787417015.706202,1918.104,0,0,100,1946
1787417016.7341177,1919.132,0,0,100,1946
1787417017.7599475,1920.158,0,0,100,1946
1787417018.7859414,1921.184,0,0,100,1946
1787417019.8131585,1922.211,0,0,99,1946
1787417020.8408215,1923.239,0,0,100,1946
1787417021.8719928,1924.27,0,0,100,1946
1787417022.903292,1925.301,0,0,100,1946
1787417023.932978,1926.331,0,0,100,1946
1787417025.0466897,1927.445,0,0,100,1946
1787417026.0731144,1928.471,0,0,100,1946
1787417027.0990226,1929.497,0,0,100,1946
1787417028.126201,1930.524,0,0,100,1946
1787417029.1546164,1931.553,0,0,100,1946
1787417030.1868815,1932.585,0,0,99,1946
1787417031.2138844,1933.612,0,0,100,1946
1787417032.2462566,1934.644,0,0,100,1946
1787417033.275373,1935.673,0,0,100,1946
1787417034.3024132,1936.7,0,0,100,1946
1787417035.3326297,1937.731,0,0,100,1946
1787417036.3581612,1938.756,0,0,100,1946
1787417037.3839111,1939.782,0,0,100,1946
1787417038.4098907,1940.808,0,0,100,1946
1787417039.4404566,1941.839,0,0,100,1946
1787417040.4695563,1942.868,0,0,99,1946
1787417041.4976172,1943.896,0,0,100,1946
1787417042.529007,1944.927,0,0,100,1946
1787417043.5561154,1945.954,0,0,100,1946
1787417044.5818613,1946.98,0,0,100,1946
1787417045.6086938,1948.007,0,0,100,1946
1787417046.6369534,1949.035,0,0,100,1946
1787417047.6652384,1950.063,0,0,100,1946
1787417048.6949115,1951.093,0,0,100,1946
1787417049.7230551,1952.121,0,0,100,1946
1787417050.7493315,1953.147,0,0,99,1946
1787417051.7821302,1954.18,0,0,100,1946
1787417052.811842,1955.21,0,0,100,1946
1787417053.840897,1956.239,0,0,100,1946
1787417054.8712313,1957.269,0,0,100,1946
1787417055.900992,1958.299,0,0,100,1946
1787417056.9267702,1959.325,0,0,100,1946
1787417057.9527657,1960.351,0,0,100,1946
1787417058.9842134,1961.382,0,0,99,1946
1787417060.0136492,1962.412,0,0,100,1946
1787417061.0408502,1963.439,0,0,100,1946
1787417062.0706563,1964.469,0,0,100,1946
1787417063.098615,1965.497,0,0,100,1946
1787417064.1266568,1966.525,0,0,100,1946
1787417065.1552444,1967.553,0,0,100,1946
1787417066.1850953,1968.583,0,0,100,1946
1787417067.2124512,1969.611,0,0,100,1946
1787417068.2487378,1970.647,0,0,100,1946
1787417069.276828,1971.675,0,0,99,1946
1787417070.3059995,1972.704,0,0,100,1946
1787417071.331519,1973.73,0,0,100,1946
1787417072.3610096,1974.759,0,0,100,1946
1787417073.3913617,1975.789,0,0,100,1946
1787417074.419793,1976.818,0,0,100,1946
1787417075.445452,1977.844,0,0,100,1946
1787417076.472321,1978.87,0,0,100,1946
1787417077.499243,1979.897,0,0,100,1946
1787417078.529593,1980.928,0,0,100,1946
1787417079.5583751,1981.956,0,0,100,1946
1787417080.5847447,1982.983,0,0,100,1946
1787417081.6105096,1984.009,0,0,100,1946
1787417082.6400654,1985.038,0,0,100,1946
1787417083.6660883,1986.064,0,0,100,1946
1787417084.6934805,1987.092,0,0,100,1946
1787417085.7227814,1988.121,0,0,100,1946
1787417086.7482834,1989.146,0,0,100,1946
1787417087.7776706,1990.176,0,0,100,1946
1787417088.8037248,1991.202,0,0,99,1946
1787417089.829614,1992.228,0,0,100,1946
1787417090.8554475,1993.254,0,0,100,1946
1787417091.8884418,1994.287,0,0,100,1946
1787417092.918255,1995.316,0,0,100,1946
1787417093.9447808,1996.343,0,0,100,1946
1787417094.9713724,1997.369,0,0,100,1946
1787417095.9991784,1998.397,0,0,100,1946
1787417097.0271938,1999.425,0,0,100,1946
1787417098.0595727,2000.458,0,0,99,1946
1787417099.0920603,2001.49,0,0,100,1946
1787417100.120449,2002.519,0,0,100,1946
1787417101.1473196,2003.545,0,0,100,1946
1787417102.1737785,2004.572,0,0,100,1946
1787417103.2009158,2005.599,0,0,100,1946
1787417104.227201,2006.625,0,0,100,1946
1787417105.2537477,2007.652,0,0,100,1946
1787417106.283097,2008.681,0,0,100,1946
1787417107.3091893,2009.707,0,0,100,1946
1787417108.3427498,2010.741,0,0,99,1946
1787417109.3759112,2011.774,0,0,100,1946
1787417110.4024107,2012.8,0,0,100,1946
1787417111.4326105,2013.831,0,0,100,1946
1787417112.4596376,2014.858,0,0,100,1946
1787417113.4879556,2015.886,0,0,100,1946
1787417114.5149777,2016.913,0,0,100,1946
1787417115.5451083,2017.943,0,0,100,1946
1787417116.5745447,2018.973,0,0,100,1946
1787417117.6016245,2020.0,0,0,99,1946
1787417118.6308386,2021.029,0,0,100,1946
1787417119.6611028,2022.059,0,0,100,1946
1787417120.6929362,2023.091,0,0,100,1946
1787417121.725836,2024.124,0,0,100,1946
1787417122.7519598,2025.15,0,0,100,1946
1787417123.7802334,2026.178,0,0,100,1946
1787417124.8077908,2027.206,0,0,100,1946
1787417125.8355157,2028.234,0,0,100,1946
1787417126.8628526,2029.261,0,0,100,1946
1787417127.8923643,2030.29,0,0,99,1946
1787417128.921116,2031.319,0,0,100,1946
1787417129.9500544,2032.348,0,0,100,1946
1787417130.9785962,2033.377,0,0,100,1946
1787417132.0110817,2034.409,0,0,100,1946
1787417133.0394068,2035.437,0,0,100,1946
1787417134.0686266,2036.467,0,0,100,1946
1787417135.0980787,2037.496,0,0,100,1946
1787417136.127547,2038.526,0,0,100,1946
1787417137.154981,2039.553,0,0,99,1946
1787417138.1812716,2040.579,0,0,100,1946
1787417139.2108579,2041.609,0,0,100,1946
1787417140.2376704,2042.636,0,0,100,1946
1787417141.2643294,2043.662,0,0,100,1946
1787417142.2937098,2044.692,0,0,100,1946
1787417143.3213575,2045.719,0,0,100,1946
1787417144.3507004,2046.749,0,0,100,1946
1787417145.383528,2047.782,0,0,100,1946
1787417146.4159436,2048.814,0,0,99,1946
1787417147.4434264,2049.842,0,0,100,1946
1787417148.4725869,2050.871,0,0,100,1946
1787417149.4999816,2051.898,0,0,100,1946
1787417150.5276248,2052.926,0,0,100,1946
1787417151.5596397,2053.958,0,0,100,1946
1787417152.5869346,2054.985,0,0,100,1946
1787417153.6169271,2056.015,0,0,100,1946
1787417154.6433506,2057.041,0,0,100,1946
1787417155.6725624,2058.071,0,0,100,1946
1787417156.7015815,2059.1,0,0,99,1946
1787417157.7350647,2060.133,0,0,100,1946
1787417158.7652442,2061.163,0,0,100,1946
1787417159.7921836,2062.19,0,0,100,1946
1787417160.8193867,2063.217,0,0,100,1946
1787417161.8524373,2064.251,0,0,100,1946
1787417162.8825028,2065.281,0,0,100,1946
1787417163.9110339,2066.309,0,0,100,1946
1787417164.9373136,2067.335,0,0,100,1946
1787417165.966873,2068.365,0,0,100,1946
1787417166.9995298,2069.398,0,0,100,1946
1787417168.0297499,2070.428,0,0,100,1946
1787417169.058841,2071.457,0,0,100,1946
1787417170.0856335,2072.484,0,0,100,1946
1787417171.1155381,2073.514,0,0,100,1946
1787417172.1421566,2074.54,0,0,100,1946
1787417173.1677108,2075.566,0,0,100,1946
1787417174.1954525,2076.594,0,0,100,1946
1787417175.2825644,2077.681,0,0,89,1946
1787417176.3107777,2078.709,0,0,95,1946
1787417177.338753,2079.737,0,0,100,1946
1787417178.3659074,2080.764,0,0,100,1946
1787417179.3938127,2081.792,0,0,100,1946
1787417180.420282,2082.818,0,0,100,1946
1787417181.4496148,2083.848,0,0,100,1946
1787417182.4759927,2084.874,0,0,100,1946
1787417183.5064976,2085.905,0,0,100,1946
1787417184.5366645,2086.935,0,0,100,1946
1787417185.5623937,2087.96,0,0,99,1946
1787417186.5935488,2088.992,0,0,100,1946
1787417187.6239283,2090.022,0,0,100,1946
1787417188.6503847,2091.048,0,0,100,1946
1787417189.6804879,2092.079,0,0,100,1946
1787417190.709859,2093.108,0,0,100,1946
1787417191.7352555,2094.133,0,0,100,1946
1787417192.768317,2095.166,0,0,100,1946
1787417193.797496,2096.196,0,0,100,1946
1787417194.8250098,2097.223,0,0,100,1946
1787417195.8508637,2098.249,0,0,99,1946
1787417196.8777115,2099.276,0,0,100,1946
1787417197.9076629,2100.306,0,0,100,1946
1787417198.935838,2101.334,0,0,100,1946
1787417199.9667203,2102.365,0,0,100,1946
1787417200.9951284,2103.393,0,0,100,1946
1787417202.0273697,2104.425,0,0,100,1946
1787417203.059266,2105.457,0,0,100,1946
1787417204.0869505,2106.485,0,0,100,1946
1787417205.1159432,2107.514,0,0,100,1946
1787417206.1443896,2108.542,0,0,99,1946
1787417207.1737351,2109.572,0,0,100,1946
1787417208.2004507,2110.599,0,0,100,1946
1787417209.2275205,2111.626,0,0,100,1946
1787417210.2581642,2112.656,0,0,100,1946
1787417211.2849236,2113.683,0,0,100,1946
1787417212.3126872,2114.711,0,0,100,1946
1787417213.3402388,2115.738,0,0,100,1946
1787417214.3682044,2116.766,0,0,99,1946
1787417215.4009297,2117.799,0,0,100,1946
1787417216.434675,2118.833,0,0,100,1946
1787417217.4641895,2119.862,0,0,100,1946
1787417218.490529,2120.889,0,0,100,1946
1787417219.521115,2121.919,0,0,100,1946
1787417220.55262,2122.951,0,0,100,1946
1787417221.579005,2123.977,0,0,100,1946
1787417222.607473,2125.006,0,0,100,1946
1787417223.637458,2126.036,0,0,100,1946
1787417224.6676507,2127.066,0,0,99,1946
1787417225.6957283,2128.094,0,0,100,1946
1787417226.7283077,2129.126,0,0,100,1946
1787417227.7565074,2130.155,0,0,100,1946
1787417228.7828038,2131.181,0,0,100,1946
1787417229.809942,2132.208,0,0,100,1946
1787417230.8373902,2133.235,0,0,100,1946
1787417231.8691728,2134.267,0,0,100,1946
1787417232.897424,2135.296,0,0,100,1946
1787417233.9274971,2136.326,0,0,100,1946
1787417234.956459,2137.355,0,0,99,1946
1787417235.9867628,2138.385,0,0,100,1946
1787417237.01735,2139.415,0,0,100,1946
1787417238.0451324,2140.443,0,0,100,1946
1787417239.076577,2141.475,0,0,100,1946
1787417240.1062684,2142.504,0,0,100,1946
1787417241.2664819,2143.665,0,0,100,1946
1787417242.294464,2144.693,0,0,100,1946
1787417243.3214495,2145.72,0,0,100,1946
1787417244.3487716,2146.747,0,0,99,1946
1787417245.3836923,2147.782,0,0,100,1946
1787417246.4122703,2148.81,0,0,100,1946
1787417247.445086,2149.843,0,0,100,1946
1787417248.4740741,2150.872,0,0,100,1946
1787417249.4998302,2151.898,0,0,100,1946
1787417250.5259986,2152.924,0,0,100,1946
1787417251.5518715,2153.95,0,0,100,1946
1787417252.580557,2154.979,0,0,100,1946
1787417253.608821,2156.007,0,0,99,1946
1787417254.6346676,2157.033,0,0,100,1946
1787417255.6615543,2158.06,0,0,100,1946
1787417256.689689,2159.088,0,0,100,1946
1787417257.7160316,2160.114,0,0,100,1946
1787417258.7460568,2161.144,0,0,100,1946
1787417259.7759156,2162.174,0,0,100,1946
1787417260.8048718,2163.203,0,0,100,1946
1787417261.8338232,2164.232,0,0,100,1946
1787417262.861457,2165.26,0,0,100,1946
1787417263.8916044,2166.29,0,0,99,1946
1787417264.92312,2167.321,0,0,100,1946
1787417265.9494655,2168.348,0,0,99,1946
1787417266.9758515,2169.374,0,0,100,1946
1787417268.0050519,2170.403,0,0,100,1946
1787417269.0399501,2171.438,0,0,100,1946
1787417270.0656414,2172.464,0,0,100,1946
1787417271.0928912,2173.491,0,0,100,1946
1787417272.1195183,2174.518,0,0,100,1946
1787417273.1487339,2175.547,0,0,99,1946
1787417274.1779256,2176.576,0,0,100,1946
1787417275.2088008,2177.607,0,0,100,1946
1787417276.2355676,2178.634,0,0,100,1946
1787417277.2660065,2179.664,0,0,100,1946
1787417278.2957294,2180.694,0,0,100,1946
1787417279.3234503,2181.722,0,0,100,1946
1787417280.3513381,2182.749,0,0,100,1946
1787417281.3776627,2183.776,0,0,100,1946
1787417282.4107256,2184.809,0,0,100,1946
1787417283.4402256,2185.838,0,0,99,1946
1787417284.4697385,2186.868,0,0,100,1946
1787417285.4959338,2187.894,0,0,100,1946
1787417286.52227,2188.92,0,0,100,1946
1787417287.5533373,2189.951,0,0,100,1946
1787417288.5800264,2190.978,0,0,100,1946
1787417289.6095269,2192.008,0,0,100,1946
1787417290.6388795,2193.037,0,0,100,1946
1787417291.6657698,2194.064,0,0,100,1946
1787417292.698584,2195.097,0,0,99,1946
1787417293.7273157,2196.125,0,0,100,1946
1787417294.7573688,2197.155,0,0,100,1946
1787417295.7857995,2198.184,0,0,100,1946
1787417296.812236,2199.21,0,0,100,1946
1787417297.8404655,2200.239,0,0,100,1946
1787417298.8668015,2201.265,0,0,100,1946
1787417299.8923333,2202.29,0,0,100,1946
1787417300.9176762,2203.316,0,0,100,1946
1787417301.950774,2204.349,0,0,99,1946
1787417302.9805012,2205.379,0,0,100,1946
1787417304.0092216,2206.407,0,0,100,1946
1787417305.0347867,2207.433,0,0,100,1946
1787417306.060717,2208.459,0,0,100,1946
1787417307.0926087,2209.491,0,0,100,1946
1787417308.1212265,2210.519,0,0,100,1946
1787417309.1555364,2211.554,0,0,100,1946
1787417310.1855505,2212.584,0,0,100,1946
1787417311.2172475,2213.615,0,0,100,1946
1787417312.2460153,2214.644,0,0,99,1946
1787417313.277993,2215.676,0,0,100,1946
1787417314.3039613,2216.702,0,0,100,1946
1787417315.3338552,2217.732,0,0,100,1946
1787417316.3600748,2218.758,0,0,100,1946
1787417317.3860817,2219.784,0,0,100,1946
1787417318.4117987,2220.81,0,0,100,1946
1787417319.4414995,2221.84,0,0,100,1946
1787417320.4712446,2222.869,0,0,100,1946
1787417321.5013497,2223.899,0,0,100,1946
1787417322.5269778,2224.925,0,0,99,1946
1787417323.5560865,2225.954,0,0,100,1946
1787417324.5887299,2226.987,0,0,100,1946
1787417325.6183977,2228.016,0,0,100,1946
1787417326.6508906,2229.049,0,0,100,1946
1787417327.6827762,2230.081,0,0,100,1946
1787417328.7097988,2231.108,0,0,100,1946
1787417329.7410836,2232.139,0,0,100,1946
1787417330.7706704,2233.169,0,0,99,1946
1787417331.7999606,2234.198,0,0,100,1946
1787417332.8282418,2235.226,0,0,100,1946
1787417333.8604803,2236.259,0,0,100,1946
1787417334.8891366,2237.287,0,0,100,1946
1787417335.9235487,2238.322,0,0,100,1946
1787417336.95119,2239.349,0,0,100,1946
1787417337.9766228,2240.375,0,0,100,1946
1787417339.0032597,2241.401,0,0,100,1946
1787417340.029789,2242.428,0,0,100,1946
1787417341.0625503,2243.461,0,0,99,1946
1787417342.0923188,2244.49,0,0,100,1946
1787417343.125328,2245.523,0,0,100,1946
1787417344.1563299,2246.554,0,0,100,1946
1787417345.1867902,2247.585,0,0,100,1946
1787417346.2132094,2248.611,0,0,99,1946
1787417347.2414548,2249.64,0,0,100,1946
1787417348.2714798,2250.67,0,0,100,1946
1787417349.300032,2251.698,0,0,100,1946
1787417350.3304791,2252.729,0,0,100,1946
1787417351.3605258,2253.759,0,0,99,1946
1787417352.3880033,2254.786,0,0,100,1946
1787417353.4161048,2255.814,0,0,100,1946
1787417354.442386,2256.84,0,0,100,1946
1787417355.4748921,2257.873,0,0,100,1946
1787417356.5047238,2258.903,0,0,100,1946
1787417357.5337229,2259.932,0,0,100,1946
1787417358.5674987,2260.966,0,0,100,1946
1787417359.5955405,2261.994,0,0,100,1946
1787417360.626756,2263.025,0,0,99,1946
1787417361.6588695,2264.057,0,0,100,1946
1787417362.6914456,2265.09,0,0,100,1946
1787417363.7187998,2266.117,0,0,100,1946
1787417364.7470264,2267.145,0,0,100,1946
1787417365.7773948,2268.175,0,0,100,1946
1787417366.806674,2269.205,0,0,100,1946
1787417367.83339,2270.231,0,0,100,1946
1787417368.8642514,2271.262,0,0,100,1946
1787417369.8981981,2272.296,0,0,100,1946
1787417370.9254093,2273.323,0,0,100,1946
1787417371.9526618,2274.351,0,0,100,1946
1787417372.9857328,2275.384,0,0,100,1946
1787417374.014759,2276.413,0,0,100,1946
1787417375.0419006,2277.44,0,0,100,1946
1787417376.0676832,2278.466,0,0,100,1946
1787417377.0976877,2279.496,0,0,100,1946
1787417378.130839,2280.529,0,0,100,1946
1787417379.1600993,2281.558,0,0,100,1946
1787417380.1889255,2282.587,0,0,99,1946
1787417381.2192318,2283.617,0,0,100,1946
1787417382.246737,2284.645,0,0,100,1946
1787417383.279087,2285.677,0,0,100,1946
1787417384.3093255,2286.707,0,0,100,1946
1787417385.339529,2287.738,0,0,100,1946
1787417386.3664079,2288.764,0,0,100,1946
1787417387.3934069,2289.791,0,0,100,1946
1787417388.4247835,2290.823,0,0,100,1946
1787417389.457625,2291.856,0,0,99,1946
1787417390.4843316,2292.882,0,0,100,1946
1787417391.513949,2293.912,0,0,100,1946
1787417392.5441222,2294.942,0,0,100,1946
1787417393.5696738,2295.968,0,0,100,1946
1787417394.6003804,2296.998,0,0,100,1946
1787417395.6307402,2298.029,0,0,100,1946
1787417396.6590466,2299.057,0,0,100,1946
1787417397.686049,2300.084,0,0,100,1946
1787417398.7159102,2301.114,0,0,100,1946
1787417399.7446406,2302.143,0,0,99,1946
1787417400.7769656,2303.175,0,0,100,1946
1787417401.8062098,2304.204,0,0,100,1946
1787417402.8378234,2305.236,0,0,100,1946
1787417403.8653097,2306.263,0,0,100,1946
1787417404.8957183,2307.294,0,0,100,1946
1787417405.9241936,2308.322,0,0,100,1946
1787417406.9533548,2309.351,0,0,100,1946
1787417407.983962,2310.382,0,0,100,1946
1787417409.0149686,2311.413,0,0,100,1946
1787417410.0413845,2312.439,0,0,99,1946
1787417411.072852,2313.471,0,0,100,1946
1787417412.1000726,2314.498,0,0,100,1946
1787417413.1271696,2315.525,0,0,100,1946
1787417414.1567678,2316.555,0,0,100,1946
1787417415.1834211,2317.582,0,0,100,1946
1787417416.2098432,2318.608,0,0,100,1946
1787417417.239119,2319.637,0,0,100,1946
1787417418.2699866,2320.668,0,0,99,1946
1787417419.2997963,2321.698,0,0,100,1946
1787417420.3294263,2322.728,0,0,100,1946
1787417421.3576908,2323.756,0,0,100,1946
1787417422.3857021,2324.784,0,0,100,1946
1787417423.413853,2325.812,0,0,100,1946
1787417424.4459808,2326.844,0,0,100,1946
1787417425.4724011,2327.87,0,0,100,1946
1787417426.5007148,2328.899,0,0,100,1946
1787417427.5301216,2329.928,0,0,100,1946
1787417428.5633624,2330.961,0,0,99,1946
1787417429.5974188,2331.996,0,0,100,1946
1787417430.6236155,2333.022,0,0,100,1946
1787417431.6540272,2334.052,0,0,100,1946
1787417432.6806886,2335.079,0,0,100,1946
1787417433.7112381,2336.109,0,0,100,1946
1787417434.7399318,2337.138,0,0,100,1946
1787417435.7686746,2338.167,0,0,100,1946
1787417436.7961261,2339.194,0,0,100,1946
1787417437.822051,2340.22,0,0,100,1946
1787417438.8518682,2341.25,0,0,99,1946
1787417439.8813908,2342.279,0,0,100,1946
1787417440.9105396,2343.309,0,0,100,1946
1787417441.942737,2344.341,0,0,100,1946
1787417442.9727597,2345.371,0,0,100,1946
1787417443.9991307,2346.397,0,0,100,1946
1787417445.0251098,2347.423,0,0,100,1946
1787417446.0571625,2348.455,0,0,100,1946
1787417447.0858486,2349.484,0,0,100,1946
1787417448.1153615,2350.513,0,0,100,1946
1787417449.1471817,2351.545,0,0,99,1946
1787417450.1767519,2352.575,0,0,100,1946
1787417451.2059247,2353.604,0,0,100,1946
1787417452.2385976,2354.637,0,0,100,1946
1787417453.2658863,2355.664,0,0,100,1946
1787417454.2929595,2356.691,0,0,100,1946
1787417455.3253858,2357.723,0,0,100,1946
1787417456.3579047,2358.756,0,0,100,1946
1787417457.3876178,2359.786,0,0,99,1946
1787417458.414273,2360.812,0,0,100,1946
1787417459.4443202,2361.842,0,0,100,1946
1787417460.471501,2362.87,0,0,100,1946
1787417461.5018268,2363.9,0,0,100,1946
1787417462.5291204,2364.927,0,0,100,1946
1787417463.5552099,2365.953,0,0,100,1946
1787417464.5843596,2366.982,0,0,100,1946
1787417465.6153927,2368.013,0,0,100,1946
1787417466.649927,2369.048,0,0,100,1946
1787417467.6763787,2370.074,0,0,99,1946
1787417468.7058349,2371.104,0,0,100,1946
1787417469.737184,2372.135,0,0,100,1946
1787417470.7635446,2373.162,0,0,100,1946
1787417471.7924628,2374.191,0,0,100,1946
1787417472.8215399,2375.22,0,0,100,1946
1787417473.8490417,2376.247,0,0,100,1946
1787417474.87671,2377.275,0,0,100,1946
1787417475.9029336,2378.301,0,0,100,1946
1787417476.9303746,2379.328,0,0,100,1946
1787417477.960747,2380.359,0,0,99,1946
1787417478.9883559,2381.386,0,0,100,1946
1787417480.0154388,2382.414,0,0,100,1946
1787417481.0436003,2383.442,0,0,100,1946
1787417482.0702066,2384.468,0,0,100,1946
1787417483.0977943,2385.496,0,0,100,1946
1787417484.1249843,2386.523,0,0,100,1946
1787417485.1509013,2387.549,0,0,100,1946
1787417486.1831264,2388.581,0,0,100,1946
1787417487.2121072,2389.61,0,0,99,1946
1787417488.2394476,2390.638,0,0,100,1946
1787417489.2719843,2391.67,0,0,100,1946
1787417490.301882,2392.7,0,0,100,1946
1787417491.3321838,2393.73,0,0,100,1946
1787417492.3584778,2394.757,0,0,100,1946
1787417493.3874145,2395.785,0,0,100,1946
1787417494.4147868,2396.813,0,0,100,1946
1787417495.444718,2397.843,0,0,100,1946
1787417496.474352,2398.872,0,0,99,1946
1787417497.5045676,2399.903,0,0,100,1946
1787417498.5307283,2400.929,0,0,100,1946
1787417499.5575397,2401.956,0,0,100,1946
1787417500.5850213,2402.983,0,0,100,1946
1787417501.6176653,2404.016,0,0,100,1946
1787417502.6457846,2405.044,0,0,100,1946
1787417503.6739576,2406.072,0,0,100,1946
1787417504.7007062,2407.099,0,0,100,1946
1787417505.729055,2408.127,0,0,100,1946
1787417506.7554421,2409.154,0,0,99,1946
1787417507.7850938,2410.183,0,0,100,1946
1787417508.81158,2411.21,0,0,100,1946
1787417509.8392282,2412.237,0,0,100,1946
1787417510.8670065,2413.265,0,0,100,1946
1787417511.8971112,2414.295,0,0,100,1946
1787417512.923816,2415.322,0,0,100,1946
1787417513.951156,2416.349,0,0,100,1946
1787417514.978557,2417.377,0,0,100,1946
1787417516.004751,2418.403,0,0,99,1946
1787417517.0366325,2419.435,0,0,100,1946
1787417518.0669444,2420.465,0,0,100,1946
1787417519.0998333,2421.498,0,0,100,1946
1787417520.128333,2422.526,0,0,100,1946
1787417521.1577754,2423.556,0,0,100,1946
1787417522.187127,2424.585,0,0,100,1946
1787417523.2155116,2425.614,0,0,100,1946
1787417524.2426598,2426.641,0,0,100,1946
1787417525.273304,2427.671,0,0,100,1946
1787417526.2993958,2428.697,0,0,99,1946
1787417527.3289258,2429.727,0,0,100,1946
1787417528.3636422,2430.762,0,0,100,1946
1787417529.392926,2431.791,0,0,100,1946
1787417530.4193237,2432.817,0,0,100,1946
1787417531.4490125,2433.847,0,0,100,1946
1787417532.4821799,2434.88,0,0,100,1946
1787417533.5082402,2435.906,0,0,100,1946
1787417534.5362527,2436.934,0,0,100,1946
1787417535.5655055,2437.964,0,0,99,1946
1787417536.593629,2438.992,0,0,100,1946
1787417537.623473,2440.022,0,0,100,1946
1787417538.654527,2441.053,0,0,100,1946
1787417539.6841934,2442.082,0,0,100,1946
1787417540.7126586,2443.111,0,0,100,1946
1787417541.7399516,2444.138,0,0,100,1946
1787417542.774395,2445.172,0,0,100,1946
1787417543.8023498,2446.2,0,0,100,1946
1787417544.829494,2447.228,0,0,99,1946
1787417545.860253,2448.258,0,0,100,1946
1787417546.89011,2449.288,0,0,100,1946
1787417547.9164054,2450.314,0,0,100,1946
1787417548.9458084,2451.344,0,0,100,1946
1787417549.975471,2452.374,0,0,100,1946
1787417551.005241,2453.403,0,0,100,1946
1787417552.033732,2454.432,0,0,100,1946
1787417553.0648494,2455.463,0,0,100,1946
1787417554.0940373,2456.492,0,0,100,1946
1787417555.1202106,2457.518,0,0,99,1946
1787417556.1486444,2458.547,0,0,100,1946
1787417557.1765993,2459.575,0,0,100,1946
1787417558.2068393,2460.605,0,0,100,1946
1787417559.2401588,2461.638,0,0,100,1946
1787417560.270412,2462.668,0,0,100,1946
1787417561.3034658,2463.702,0,0,100,1946
1787417562.3307526,2464.729,0,0,100,1946
1787417563.3589737,2465.757,0,0,100,1946
1787417564.38761,2466.786,0,0,100,1946
1787417565.4143004,2467.812,0,0,99,1946
1787417566.444832,2468.843,0,0,100,1946
1787417567.4728408,2469.871,0,0,100,1946
1787417568.5081997,2470.906,0,0,100,1946
1787417569.5384264,2471.937,0,0,100,1946
1787417570.5687168,2472.967,0,0,100,1946
1787417571.5953288,2473.993,0,0,100,1946
1787417572.621838,2475.02,0,0,100,1946
1787417573.6515002,2476.05,0,0,99,1946
1787417574.6805866,2477.079,0,0,100,1946
1787417575.713989,2478.112,0,0,100,1946
1787417576.7405646,2479.139,0,0,100,1946
1787417577.7674334,2480.166,0,0,100,1946
1787417578.796329,2481.194,0,0,100,1946
1787417579.8265328,2482.225,0,0,100,1946
1787417580.8529398,2483.251,0,0,100,1946
1787417581.8828866,2484.281,0,0,100,1946
1787417582.913705,2485.312,0,0,100,1946
1787417583.9462056,2486.344,0,0,99,1946
1787417584.972241,2487.37,0,0,100,1946
1787417586.0061865,2488.404,0,0,100,1946
1787417587.03448,2489.433,0,0,100,1946
1787417588.063717,2490.462,0,0,100,1946
1787417589.0914068,2491.489,0,0,100,1946
1787417590.121886,2492.52,0,0,100,1946
1787417591.1500132,2493.548,0,0,100,1946
1787417592.1773832,2494.575,0,0,100,1946
1787417593.207072,2495.605,0,0,100,1946
1787417594.240398,2496.638,0,0,99,1946
1787417595.2699485,2497.668,0,0,100,1946
1787417596.295883,2498.694,0,0,100,1946
1787417597.3258395,2499.724,0,0,100,1946
1787417598.352672,2500.751,0,0,100,1946
1787417599.3861105,2501.784,0,0,100,1946
1787417600.4178824,2502.816,0,0,100,1946
1787417601.4441195,2503.842,0,0,100,1946
1787417602.47025,2504.868,0,0,100,1946
1787417603.4977193,2505.896,0,0,99,1946
1787417604.5256689,2506.924,0,0,100,1946
1787417605.552775,2507.951,0,0,100,1946
1787417606.5835564,2508.982,0,0,100,1946
1787417607.6104398,2510.009,0,0,100,1946
1787417608.640139,2511.038,0,0,100,1946
1787417609.669768,2512.068,0,0,100,1946
1787417610.697973,2513.096,0,0,100,1946
1787417611.7241747,2514.122,0,0,100,1946
1787417612.7532828,2515.151,0,0,100,1946
1787417613.7833157,2516.181,0,0,100,1946
1787417614.8152347,2517.213,0,0,100,1946
1787417615.842871,2518.241,0,0,100,1946
1787417616.8694158,2519.267,0,0,100,1946
1787417617.8972285,2520.295,0,0,100,1946
1787417618.92738,2521.325,0,0,100,1946
1787417619.9566967,2522.355,0,0,100,1946
1787417620.98566,2523.384,0,0,100,1946
1787417622.0179868,2524.416,0,0,100,1946
1787417623.0454757,2525.444,0,0,99,1946
1787417624.0729382,2526.471,0,0,100,1946
1787417625.0994058,2527.497,0,0,100,1946
1787417626.127026,2528.525,0,0,100,1946
1787417627.1560342,2529.554,0,0,100,1946
1787417628.1823347,2530.58,0,0,100,1946
1787417629.2118843,2531.61,0,0,100,1946
1787417630.239946,2532.638,0,0,100,1946
1787417631.2660341,2533.664,0,0,100,1946
1787417632.2959824,2534.694,0,0,99,1946
1787417633.3236032,2535.722,0,0,100,1946
1787417634.3539164,2536.752,0,0,100,1946
1787417635.383054,2537.781,0,0,100,1946
1787417636.4095178,2538.808,0,0,100,1946
1787417637.4386837,2539.837,0,0,100,1946
1787417638.4661639,2540.864,0,0,100,1946
1787417639.4924774,2541.891,0,0,100,1946
1787417640.5206294,2542.919,0,0,100,1946
1787417641.5473523,2543.945,0,0,100,1946
1787417642.576257,2544.974,0,0,99,1946
1787417643.6028545,2546.001,0,0,100,1946
1787417644.631303,2547.029,0,0,100,1946
1787417645.6608179,2548.059,0,0,100,1946
1787417646.6913273,2549.089,0,0,100,1946
1787417647.7205315,2550.119,0,0,100,1946
1787417648.7506225,2551.149,0,0,100,1946
1787417649.7807813,2552.179,0,0,100,1946
1787417650.81026,2553.208,0,0,100,1946
1787417651.8359103,2554.234,0,0,100,1946
1787417652.8642418,2555.262,0,0,99,1946
1787417653.8924532,2556.291,0,0,100,1946
1787417654.9210143,2557.319,0,0,100,1946
1787417655.9469042,2558.345,0,0,100,1946
1787417656.977822,2559.376,0,0,100,1946
1787417658.004656,2560.403,0,0,100,1946
1787417659.0332265,2561.431,0,0,100,1946
1787417660.06034,2562.458,0,0,100,1946
1787417661.087771,2563.486,0,0,99,1946
1787417662.116901,2564.515,0,0,100,1946
1787417663.146719,2565.545,0,0,100,1946
1787417664.1751692,2566.573,0,0,100,1946
1787417665.2035172,2567.602,0,0,100,1946
1787417666.2386954,2568.637,0,0,100,1946
1787417667.2673142,2569.665,0,0,100,1946
1787417668.2961934,2570.694,0,0,100,1946
1787417669.3274546,2571.726,0,0,100,1946
1787417670.3563752,2572.754,0,0,100,1946
1787417671.3860593,2573.784,0,0,99,1946
1787417672.4179263,2574.816,0,0,100,1946
1787417673.4468517,2575.845,0,0,100,1946
1787417674.4758255,2576.874,0,0,100,1946
1787417675.5015597,2577.9,0,0,100,1946
1787417676.5303075,2578.928,0,0,100,1946
1787417677.5588026,2579.957,0,0,100,1946
1787417678.589256,2580.987,0,0,100,1946
1787417679.6176085,2582.016,0,0,100,1946
1787417680.6468413,2583.045,0,0,100,1946
1787417681.6767924,2584.075,0,0,100,1946
1787417682.7048013,2585.103,0,0,100,1946
1787417683.7369351,2586.135,0,0,100,1946
1787417684.7677584,2587.166,0,0,100,1946
1787417685.7987695,2588.197,0,0,100,1946
1787417686.8268306,2589.225,0,0,100,1946
1787417687.855519,2590.254,0,0,100,1946
1787417688.882034,2591.28,0,0,100,1946
1787417689.9090705,2592.307,0,0,100,1946
1787417690.9420102,2593.34,0,0,100,1946
1787417691.9741993,2594.372,0,0,100,1946
1787417693.0026863,2595.401,0,0,100,1946
1787417694.0326402,2596.431,0,0,100,1946
1787417695.062272,2597.46,0,0,100,1946
1787417696.092937,2598.491,0,0,100,1946
1787417697.119444,2599.518,0,0,100,1946
1787417698.1497111,2600.548,0,0,100,1946
1787417699.1771286,2601.575,0,0,100,1946
1787417700.206666,2602.605,0,0,100,1946
1787417701.236529,2603.635,0,0,100,1946
1787417702.2624874,2604.661,0,0,100,1946
1787417703.29155,2605.69,0,0,100,1946
1787417704.324084,2606.722,0,0,100,1946
1787417705.3499918,2607.748,0,0,100,1946
1787417706.3825674,2608.781,0,0,100,1946
1787417707.4115682,2609.81,0,0,100,1946
1787417708.4398103,2610.838,0,0,100,1946
1787417709.468484,2611.867,0,0,100,1946
1787417710.4971118,2612.895,0,0,100,1946
1787417711.530883,2613.929,0,0,100,1946
1787417712.5634456,2614.962,0,0,100,1946
1787417713.5925596,2615.991,0,0,100,1946
1787417714.6214502,2617.02,0,0,100,1946
1787417715.6507175,2618.049,0,0,100,1946
1787417716.6785488,2619.077,0,0,100,1946
1787417717.7068613,2620.105,0,0,100,1946
1787417718.7376306,2621.136,0,0,100,1946
1787417719.767443,2622.166,0,0,100,1946
1787417720.7974126,2623.195,0,0,100,1946
1787417721.8272953,2624.225,0,0,100,1946
1787417722.8568227,2625.255,0,0,100,1946
1787417723.8874512,2626.286,0,0,100,1946
1787417724.9146812,2627.313,0,0,100,1946
1787417725.947552,2628.346,0,0,100,1946
1787417726.9805593,2629.379,0,0,100,1946
1787417728.0129843,2630.411,0,0,100,1946
1787417729.0401947,2631.438,0,0,100,1946
1787417730.072549,2632.471,0,0,100,1946
1787417731.0986526,2633.497,0,0,100,1946
1787417732.1262786,2634.524,0,0,100,1946
1787417733.153587,2635.552,0,0,100,1946
1787417734.1825714,2636.581,0,0,100,1946
1787417735.2130177,2637.611,0,0,100,1946
1787417736.2415752,2638.64,0,0,100,1946
1787417737.2709286,2639.669,0,0,100,1946
1787417738.2977486,2640.696,0,0,100,1946
1787417739.3246686,2641.723,0,0,100,1946
1787417740.35341,2642.751,0,0,100,1946
1787417741.3807137,2643.779,0,0,100,1946
1787417742.4106305,2644.809,0,0,100,1946
1787417743.439606,2645.838,0,0,100,1946
1787417744.469484,2646.868,0,0,100,1946
1787417745.4972394,2647.895,0,0,100,1946
1787417746.524487,2648.923,0,0,100,1946
1787417747.554196,2649.952,0,0,100,1946
1787417748.579906,2650.978,0,0,100,1946
1787417749.606311,2652.004,0,0,100,1946
1787417750.6343744,2653.032,0,0,100,1946
1787417751.664536,2654.063,0,0,100,1946
1787417752.6931155,2655.091,0,0,100,1946
1787417753.720006,2656.118,0,0,100,1946
1787417754.7529962,2657.151,0,0,100,1946
1787417755.779563,2658.178,0,0,100,1946
1787417756.814434,2659.213,0,0,99,1946
1787417757.8431237,2660.241,0,0,100,1946
1787417758.87002,2661.268,0,0,100,1946
1787417759.896429,2662.295,0,0,100,1946
1787417760.923436,2663.322,0,0,100,1946
1787417761.9517634,2664.35,0,0,100,1946
1787417762.9831738,2665.381,0,0,100,1946
1787417764.0119216,2666.41,0,0,100,1946
1787417765.038251,2667.436,0,0,100,1946
1787417766.0645099,2668.463,0,0,100,1946
1787417767.0937598,2669.492,0,0,99,1946
1787417768.1207068,2670.519,0,0,100,1946
1787417769.1541715,2671.552,0,0,100,1946
1787417770.1850684,2672.583,0,0,100,1946
1787417771.2137475,2673.612,0,0,100,1946
1787417772.2427382,2674.641,0,0,100,1946
1787417773.2698038,2675.668,0,0,100,1946
1787417774.2968931,2676.695,0,0,100,1946
1787417775.324839,2677.723,0,0,99,1946
1787417776.3521698,2678.75,0,0,100,1946
1787417777.3827443,2679.781,0,0,100,1946
1787417778.4126098,2680.811,0,0,100,1946
1787417779.4423716,2681.84,0,0,100,1946
1787417780.475435,2682.874,0,0,100,1946
1787417781.5056293,2683.904,0,0,100,1946
1787417782.5346553,2684.933,0,0,100,1946
1787417783.5612824,2685.959,0,0,100,1946
1787417784.5872967,2686.985,0,0,100,1946
1787417785.617046,2688.015,0,0,99,1946
1787417786.6468055,2689.045,0,0,100,1946
1787417787.6746302,2690.073,0,0,100,1946
1787417788.7045233,2691.103,0,0,100,1946
1787417789.732286,2692.13,0,0,100,1946
1787417790.7598188,2693.158,0,0,100,1946
1787417791.7921174,2694.19,0,0,100,1946
1787417792.8270712,2695.225,0,0,100,1946
1787417793.8533978,2696.251,0,0,100,1946
1787417794.8858132,2697.284,0,0,100,1946
1787417795.912139,2698.31,0,0,99,1946
1787417796.9417377,2699.34,0,0,100,1946
1787417797.9708593,2700.369,0,0,100,1946
1787417798.998045,2701.396,0,0,100,1946
1787417800.0247636,2702.423,0,0,100,1946
1787417801.050674,2703.449,0,0,100,1946
1787417802.0798883,2704.478,0,0,100,1946
1787417803.1101353,2705.508,0,0,100,1946
1787417804.1368043,2706.535,0,0,100,1946
1787417805.1658754,2707.564,0,0,99,1946
1787417806.1928532,2708.591,0,0,100,1946
1787417807.2192364,2709.617,0,0,100,1946
1787417808.247606,2710.646,0,0,100,1946
1787417809.2801151,2711.678,0,0,100,1946
1787417810.3069236,2712.705,0,0,100,1946
1787417811.3330185,2713.731,0,0,100,1946
1787417812.3589566,2714.757,0,0,100,1946
1787417813.387767,2715.786,0,0,100,1946
1787417814.4151084,2716.813,0,0,100,1946
1787417815.4415238,2717.84,0,0,99,1946
1787417816.4679294,2718.866,0,0,100,1946
1787417817.498464,2719.897,0,0,100,1946
1787417818.528444,2720.927,0,0,100,1946
1787417819.5580978,2721.956,0,0,100,1946
1787417820.5879676,2722.986,0,0,100,1946
1787417821.6139386,2724.012,0,0,100,1946
1787417822.6397693,2725.038,0,0,100,1946
1787417823.671567,2726.07,0,0,100,1946
1787417824.6981769,2727.096,0,0,99,1946
1787417825.728355,2728.126,0,0,100,1946
1787417826.7585413,2729.157,0,0,100,1946
1787417827.7879736,2730.186,0,0,100,1946
1787417828.822381,2731.22,0,0,100,1946
1787417829.8529303,2732.251,0,0,100,1946
1787417830.8819478,2733.28,0,0,100,1946
1787417831.9155633,2734.314,0,0,100,1946
1787417832.9439974,2735.342,0,0,100,1946
1787417833.9752812,2736.373,0,0,100,1946
1787417835.0056274,2737.404,0,0,100,1946
1787417836.0327814,2738.431,0,0,100,1946
1787417837.0641105,2739.462,0,0,100,1946
1787417838.0908775,2740.489,0,0,100,1946
1787417839.1190312,2741.517,0,0,100,1946
1787417840.1478245,2742.546,0,0,100,1946
1787417841.174841,2743.573,0,0,100,1946
1787417842.2024157,2744.6,0,0,100,1946
1787417843.2335787,2745.632,0,0,100,1946
1787417844.2660642,2746.664,0,0,99,1946
1787417845.2943208,2747.692,0,0,100,1946
1787417846.3240747,2748.722,0,0,100,1946
1787417847.3506274,2749.749,0,0,85,1946
1787417848.378379,2750.776,0,0,100,1946
1787417849.4113011,2751.809,0,0,100,1946
1787417850.437972,2752.836,0,0,100,1946
1787417851.4653983,2753.863,0,0,100,1946
1787417852.4952397,2754.893,0,0,100,1946
1787417853.521695,2755.92,0,0,100,1946
1787417854.5479915,2756.946,0,0,99,1946
1787417855.5749116,2757.973,0,0,100,1946
1787417856.603379,2759.001,0,0,100,1946
1787417857.6308634,2760.029,0,0,100,1946
1787417858.6583176,2761.056,0,0,100,1946
1787417859.683874,2762.082,0,0,100,1946
1787417860.710504,2763.109,0,0,100,1946
1787417861.7393863,2764.137,0,0,100,1946
1787417862.769016,2765.167,0,0,100,1946
1787417863.7955616,2766.194,0,0,99,1946
1787417864.8274305,2767.226,0,0,100,1946
1787417865.8554614,2768.254,0,0,100,1946
1787417866.8823164,2769.28,0,0,100,1946
1787417867.9140565,2770.312,0,0,100,1946
1787417868.9408157,2771.339,0,0,100,1946
1787417869.9695823,2772.368,0,0,100,1946
1787417871.0029433,2773.401,0,0,100,1946
1787417872.0325873,2774.431,0,0,100,1946
1787417873.064755,2775.463,0,0,99,1946
1787417874.0914178,2776.49,0,0,100,1946
1787417875.1216047,2777.52,0,0,100,1946
1787417876.1537547,2778.552,0,0,100,1946
1787417877.181719,2779.58,0,0,100,1946
1787417878.2106593,2780.609,0,0,100,1946
1787417879.257086,2781.655,0,0,100,1946
1787417880.2843194,2782.682,0,0,100,1946
1787417881.3109562,2783.709,0,0,100,1946
1787417882.3408494,2784.739,0,0,100,1946
1787417883.3715959,2785.77,0,0,99,1946
1787417884.4013438,2786.799,0,0,100,1946
1787417885.4307702,2787.829,0,0,100,1946
1787417886.458956,2788.857,0,0,100,1946
1787417887.4886374,2789.887,0,0,100,1946
1787417888.5151663,2790.913,0,0,100,1946
1787417889.5433934,2791.941,0,0,100,1946
1787417890.5731134,2792.971,0,0,100,1946
1787417891.6019008,2794.0,0,0,100,1946
1787417892.635368,2795.033,0,0,100,1946
1787417893.6679177,2796.066,0,0,99,1946
1787417894.6960082,2797.094,0,0,100,1946
1787417895.7277274,2798.126,0,0,100,1946
1787417896.756774,2799.155,0,0,100,1946
1787417897.7842538,2800.182,0,0,100,1946
1787417898.8129478,2801.211,0,0,100,1946
1787417899.8438175,2802.242,0,0,100,1946
1787417900.8713126,2803.269,0,0,100,1946
1787417901.902785,2804.301,0,0,99,1946
1787417902.9303977,2805.328,0,0,100,1946
1787417903.9603305,2806.358,0,0,100,1946
1787417904.9882345,2807.386,0,0,100,1946
1787417906.0186274,2808.417,0,0,100,1946
1787417907.0513725,2809.449,0,0,100,1946
1787417908.0837164,2810.482,0,0,100,1946
1787417909.11013,2811.508,0,0,100,1946
1787417910.1383936,2812.536,0,0,100,1946
1787417911.1676006,2813.566,0,0,100,1946
1787417912.197136,2814.595,0,0,99,1946
1787417913.2248325,2815.623,0,0,100,1946
1787417914.2541392,2816.652,0,0,100,1946
1787417915.2837996,2817.682,0,0,100,1946
1787417916.314331,2818.712,0,0,100,1946
1787417917.3412185,2819.739,0,0,100,1946
1787417918.3710313,2820.769,0,0,100,1946
1787417919.4021404,2821.8,0,0,100,1946
1787417920.4281127,2822.826,0,0,100,1946
1787417921.4560742,2823.854,0,0,100,1946
1787417922.4837952,2824.882,0,0,99,1946
1787417923.5135393,2825.912,0,0,100,1946
1787417924.5414934,2826.94,0,0,99,1946
1787417925.5774267,2827.976,0,0,100,1946
1787417926.6119196,2829.01,0,0,100,1946
1787417927.6417084,2830.04,0,0,100,1946
1787417928.6699731,2831.068,0,0,100,1946
1787417929.69893,2832.097,0,0,100,1946
1787417930.725577,2833.124,0,0,100,1946
1787417931.7572405,2834.155,0,0,99,1946
1787417932.7879238,2835.186,0,0,100,1946
1787417933.81899,2836.217,0,0,100,1946
1787417934.84851,2837.247,0,0,100,1946
1787417935.8812225,2838.279,0,0,100,1946
1787417936.9098933,2839.308,0,0,100,1946
1787417937.9367964,2840.335,0,0,100,1946
1787417938.9658413,2841.364,0,0,100,1946
1787417939.9930325,2842.391,0,0,100,1946
1787417941.0228596,2843.421,0,0,99,1946
1787417942.0556474,2844.454,0,0,100,1946
1787417943.0828624,2845.481,0,0,100,1946
1787417944.1111183,2846.509,0,0,100,1946
1787417945.142451,2847.541,0,0,100,1946
1787417946.172306,2848.57,0,0,100,1946
1787417947.1996164,2849.598,0,0,100,1946
1787417948.234474,2850.633,0,0,100,1946
1787417949.2654085,2851.663,0,0,100,1946
1787417950.2949407,2852.693,0,0,100,1946
1787417951.320878,2853.719,0,0,99,1946
1787417952.347407,2854.745,0,0,100,1946
1787417953.3788636,2855.777,0,0,100,1946
1787417954.4076955,2856.806,0,0,100,1946
1787417955.438431,2857.837,0,0,100,1946
1787417956.4692109,2858.867,0,0,100,1946
1787417957.496004,2859.894,0,0,100,1946
1787417958.522433,2860.921,0,0,100,1946
1787417959.5524495,2861.951,0,0,100,1946
1787417960.5830426,2862.981,0,0,99,1946
1787417961.6118064,2864.01,0,0,100,1946
1787417962.6380877,2865.036,0,0,100,1946
1787417963.6676657,2866.066,0,0,100,1946
1787417964.696221,2867.094,0,0,100,1946
1787417965.7294395,2868.128,0,0,100,1946
1787417966.7562194,2869.154,0,0,100,1946
1787417967.7888126,2870.187,0,0,100,1946
1787417968.8173783,2871.215,0,0,100,1946
1787417969.8447192,2872.243,0,0,100,1946
1787417970.8750145,2873.273,0,0,99,1946
1787417971.9009633,2874.299,0,0,100,1946
1787417972.929596,2875.328,0,0,100,1946
1787417973.9561803,2876.354,0,0,100,1946
1787417974.9843154,2877.382,0,0,100,1946
1787417976.0140362,2878.412,0,0,100,1946
1787417977.0425544,2879.441,0,0,100,1946
1787417978.073229,2880.471,0,0,100,1946
1787417979.1029215,2881.501,0,0,100,1946
1787417980.1355221,2882.534,0,0,99,1946
1787417981.1630309,2883.561,0,0,100,1946
1787417982.1921234,2884.59,0,0,100,1946
1787417983.2188118,2885.617,0,0,100,1946
1787417984.2474053,2886.645,0,0,100,1946
1787417985.2772474,2887.675,0,0,100,1946
1787417986.3054154,2888.703,0,0,100,1946
1787417987.3335447,2889.732,0,0,100,1946
1787417988.3615944,2890.76,0,0,100,1946
1787417989.3882446,2891.786,0,0,99,1946
1787417990.4185424,2892.817,0,0,100,1946
1787417991.4477696,2893.846,0,0,100,1946
1787417992.4769776,2894.875,0,0,100,1946
1787417993.5077255,2895.906,0,0,100,1946
1787417994.5345526,2896.933,0,0,86,1946
1787417995.5646663,2897.963,0,0,100,1946
1787417996.5934563,2898.992,0,0,100,1946
1787417997.6215317,2900.02,0,0,100,1946
1787417998.652373,2901.05,0,0,100,1946
1787417999.681611,2902.08,0,0,99,1946
1787418000.7087607,2903.107,0,0,100,1946
1787418001.7381997,2904.136,0,0,100,1946
1787418002.7683094,2905.166,0,0,100,1946
1787418003.7977252,2906.196,0,0,100,1946
1787418004.8304603,2907.229,0,0,100,1946
1787418005.859173,2908.257,0,0,100,1946
1787418006.8911564,2909.289,0,0,100,1946
1787418007.919654,2910.318,0,0,100,1946
1787418008.9495294,2911.348,0,0,100,1946
1787418009.9766839,2912.375,0,0,99,1946
1787418011.0092657,2913.407,0,0,100,1946
1787418012.0375872,2914.436,0,0,100,1946
1787418013.0670965,2915.465,0,0,100,1946
1787418014.0932167,2916.491,0,0,100,1946
1787418015.1269982,2917.525,0,0,100,1946
1787418016.1532898,2918.551,0,0,100,1946
1787418017.1823845,2919.58,0,0,100,1946
1787418018.2159224,2920.614,0,0,100,1946
1787418019.243917,2921.642,0,0,99,1946
1787418020.2691073,2922.667,0,0,100,1946
1787418021.2948732,2923.693,0,0,100,1946
1787418022.3255925,2924.724,0,0,100,1946
1787418023.3532004,2925.751,0,0,100,1946
1787418024.3812551,2926.779,0,0,100,1946
1787418025.4145253,2927.813,0,0,100,1946
1787418026.4439108,2928.842,0,0,100,1946
1787418027.4706292,2929.869,0,0,100,1946
1787418028.4981377,2930.896,0,0,99,1946
1787418029.528251,2931.926,0,0,100,1946
1787418030.5577793,2932.956,0,0,100,1946
1787418031.5842876,2933.982,0,0,100,1946
1787418032.6124256,2935.011,0,0,100,1946
1787418033.64391,2936.042,0,0,100,1946
1787418034.675184,2937.073,0,0,100,1946
1787418035.706078,2938.104,0,0,100,1946
1787418036.733804,2939.132,0,0,100,1946
1787418037.7617798,2940.16,0,0,100,1946
1787418038.7920787,2941.19,0,0,99,1946
1787418039.820441,2942.219,0,0,100,1946
1787418040.8551693,2943.253,0,0,100,1946
1787418041.8824532,2944.281,0,0,100,1946
1787418042.9104662,2945.309,0,0,100,1946
1787418043.9399078,2946.338,0,0,100,1946
1787418044.9702172,2947.368,0,0,100,1946
1787418045.9986105,2948.397,0,0,100,1946
1787418047.0325365,2949.431,0,0,100,1946
1787418048.0605125,2950.459,0,0,100,1946
1787418049.0898345,2951.488,0,0,99,1946
1787418050.1235874,2952.522,0,0,100,1946
1787418051.1522782,2953.55,0,0,100,1946
1787418052.1828437,2954.581,0,0,100,1946
1787418053.2132099,2955.611,0,0,100,1946
1787418054.2407222,2956.639,0,0,100,1946
1787418055.2679434,2957.666,0,0,100,1946
1787418056.2949913,2958.693,0,0,100,1946
1787418057.324742,2959.723,0,0,100,1946
1787418058.3502696,2960.748,0,0,100,1946
1787418059.3759248,2961.774,0,0,100,1946
1787418060.4086018,2962.807,0,0,100,1946
1787418061.4415867,2963.84,0,0,100,1946
1787418062.4722826,2964.87,0,0,100,1946
1787418063.5052545,2965.903,0,0,100,1946
1787418064.536321,2966.934,0,0,100,1946
1787418065.5691323,2967.967,0,0,100,1946
1787418066.5955086,2968.994,0,0,100,1946
1787418067.6236544,2970.022,0,0,99,1946
1787418068.6551628,2971.053,0,0,100,1946
1787418069.6847475,2972.083,0,0,100,1946
1787418070.7128518,2973.111,0,0,100,1946
1787418071.73926,2974.137,0,0,100,1946
1787418072.7660458,2975.164,0,0,100,1946
1787418073.7925026,2976.191,0,0,100,1946
1787418074.8199677,2977.218,0,0,100,1946
1787418075.849212,2978.247,0,0,100,1946
1787418076.8800461,2979.278,0,0,100,1946
1787418077.9056616,2980.304,0,0,99,1946
1787418078.9337924,2981.332,0,0,100,1946
1787418079.9664092,2982.364,0,0,100,1946
1787418080.9966588,2983.395,0,0,100,1946
1787418082.0233839,2984.421,0,0,100,1946
1787418083.0531101,2985.451,0,0,100,1946
1787418084.0802217,2986.478,0,0,100,1946
1787418085.1133702,2987.511,0,0,100,1946
1787418086.14297,2988.541,0,0,100,1946
1787418087.1687436,2989.567,0,0,99,1946
1787418088.1962276,2990.594,0,0,100,1946
1787418089.2256718,2991.624,0,0,100,1946
1787418090.2562256,2992.654,0,0,100,1946
1787418091.2864158,2993.684,0,0,100,1946
1787418092.3124034,2994.71,0,0,100,1946
1787418093.3408704,2995.739,0,0,100,1946
1787418094.367254,2996.765,0,0,100,1946
1787418095.3965902,2997.795,0,0,100,1946
1787418096.4240363,2998.822,0,0,100,1946
1787418097.4534485,2999.852,0,0,99,1946
1787418098.4831638,3000.881,0,0,100,1946
1787418099.5091956,3001.907,0,0,100,1946
1787418100.538377,3002.936,0,0,100,1946
1787418101.5668182,3003.965,0,0,100,1946
1787418102.5966356,3004.995,0,0,100,1946
1787418103.6233902,3006.021,0,0,100,1946
1787418104.6506703,3007.049,0,0,100,1946
1787418105.682871,3008.081,0,0,100,1946
1787418106.7108204,3009.109,0,0,99,1946
1787418107.7375805,3010.136,0,0,100,1946
1787418108.765628,3011.164,0,0,100,1946
1787418109.7995167,3012.198,0,0,100,1946
1787418110.8269913,3013.225,0,0,100,1946
1787418111.8550541,3014.253,0,0,100,1946
1787418112.8871934,3015.285,0,0,100,1946
1787418113.9133823,3016.311,0,0,100,1946
1787418114.9428914,3017.341,0,0,100,1946
1787418115.9765372,3018.375,0,0,99,1946
1787418117.0082405,3019.406,0,0,100,1946
1787418118.0352447,3020.433,0,0,100,1946
1787418119.0624917,3021.461,0,0,99,1946
1787418120.0923018,3022.49,0,0,100,1946
1787418121.1197226,3023.518,0,0,100,1946
1787418122.1484904,3024.547,0,0,100,1946
1787418123.1790867,3025.577,0,0,100,1946
1787418124.2097833,3026.608,0,0,100,1946
1787418125.2411046,3027.639,0,0,100,1946
1787418126.268373,3028.666,0,0,99,1946
1787418127.29478,3029.693,0,0,100,1946
1787418128.3237514,3030.722,0,0,100,1946
1787418129.3521886,3031.75,0,0,100,1946
1787418130.3819497,3032.78,0,0,100,1946
1787418131.4126823,3033.811,0,0,100,1946
1787418132.4433348,3034.841,0,0,100,1946
1787418133.4736419,3035.872,0,0,100,1946
1787418134.499937,3036.898,0,0,100,1946
1787418135.5302076,3037.928,0,0,100,1946
1787418136.562077,3038.96,0,0,99,1946
1787418137.591905,3039.99,0,0,100,1946
1787418138.6176956,3041.016,0,0,100,1946
1787418139.651346,3042.049,0,0,100,1946
1787418140.6796849,3043.078,0,0,100,1946
1787418141.7119043,3044.11,0,0,100,1946
1787418142.7389414,3045.137,0,0,85,1946
1787418143.7677898,3046.166,0,0,100,1946
1787418144.7951314,3047.193,0,0,100,1946
1787418145.8216329,3048.22,0,0,99,1946
1787418146.8516576,3049.25,0,0,100,1946
1787418147.88119,3050.279,0,0,100,1946
1787418148.9086096,3051.307,0,0,100,1946
1787418149.937607,3052.336,0,0,100,1946
1787418150.9763553,3053.374,0,0,100,1946
1787418152.0056875,3054.404,0,0,100,1946
1787418153.0333483,3055.431,0,0,100,1946
1787418154.0611193,3056.459,0,0,100,1946
1787418155.0873759,3057.485,0,0,99,1946
1787418156.1148238,3058.513,0,0,100,1946
1787418157.144041,3059.542,0,0,100,1946
1787418158.176765,3060.575,0,0,100,1946
1787418159.2045515,3061.603,0,0,100,1946
1787418160.2331223,3062.631,0,0,100,1946
1787418161.2612906,3063.659,0,0,100,1946
1787418162.2878423,3064.686,0,0,100,1946
1787418163.314721,3065.713,0,0,100,1946
1787418164.3428726,3066.741,0,0,100,1946
1787418165.3731349,3067.771,0,0,99,1946
1787418166.4020033,3068.8,0,0,100,1946
1787418167.4329123,3069.831,0,0,100,1946
1787418168.4610536,3070.859,0,0,100,1946
1787418169.4916182,3071.89,0,0,100,1946
1787418170.5199606,3072.918,0,0,100,1946
1787418171.5516603,3073.95,0,0,100,1946
1787418172.5813363,3074.979,0,0,100,1946
1787418173.6116288,3076.01,0,0,100,1946
1787418174.6395514,3077.038,0,0,100,1946
1787418175.6687336,3078.067,0,0,99,1946
1787418176.6939542,3079.092,0,0,100,1946
1787418177.7198238,3080.118,0,0,100,1946
1787418178.7470238,3081.145,0,0,100,1946
1787418179.7773218,3082.175,0,0,100,1946
1787418180.8103309,3083.208,0,0,100,1946
1787418181.8421566,3084.24,0,0,100,1946
1787418182.8742993,3085.272,0,0,100,1946
1787418183.9027426,3086.301,0,0,99,1946
1787418184.9359572,3087.334,0,0,100,1946
1787418185.963861,3088.362,0,0,100,1946
1787418186.9927583,3089.391,0,0,100,1946
1787418188.0226758,3090.421,0,0,100,1946
1787418189.0517707,3091.45,0,0,100,1946
1787418190.0788128,3092.477,0,0,100,1946
1787418191.11183,3093.51,0,0,100,1946
1787418192.144724,3094.543,0,0,100,1946
1787418193.1733418,3095.571,0,0,100,1946
1787418194.2060091,3096.604,0,0,99,1946
1787418195.232481,3097.631,0,0,100,1946
1787418196.2629046,3098.661,0,0,100,1946
1787418197.2899144,3099.688,0,0,100,1946
1787418198.321013,3100.719,0,0,100,1946
1787418199.3542683,3101.752,0,0,100,1946
1787418200.3840451,3102.782,0,0,100,1946
1787418201.409809,3103.808,0,0,99,1946
1787418202.4399655,3104.838,0,0,100,1946
1787418203.4666595,3105.865,0,0,100,1946
1787418204.49491,3106.893,0,0,99,1946
1787418205.5284936,3107.927,0,0,100,1946
1787418206.5556335,3108.954,0,0,100,1946
1787418207.5845852,3109.983,0,0,100,1946
1787418208.6109467,3111.009,0,0,100,1946
1787418209.6395354,3112.038,0,0,100,1946
1787418210.6884139,3113.086,0,0,100,1946
1787418211.721923,3114.12,0,0,99,1946
1787418212.7505841,3115.149,0,0,100,1946
1787418213.7803342,3116.178,0,0,99,1946
1787418214.8102689,3117.208,0,0,100,1946
1787418215.8399909,3118.238,0,0,100,1946
1787418216.8697004,3119.268,0,0,100,1946
1787418217.898053,3120.296,0,0,100,1946
1787418218.9269748,3121.325,0,0,100,1946
1787418219.955582,3122.354,0,0,100,1946
1787418220.9891784,3123.387,0,0,100,1946
1787418222.0191007,3124.417,0,0,100,1946
1787418223.052041,3125.45,0,0,99,1946
1787418224.0817068,3126.48,0,0,100,1946
1787418225.107716,3127.506,0,0,100,1946
1787418226.1399922,3128.538,0,0,100,1946
1787418227.1694431,3129.568,0,0,100,1946
1787418228.1996598,3130.598,0,0,100,1946
1787418229.232127,3131.63,0,0,100,1946
1787418230.2652278,3132.663,0,0,100,1946
1787418231.2910736,3133.689,0,0,100,1946
1787418232.3231907,3134.721,0,0,100,1946
1787418233.3506675,3135.749,0,0,99,1946
1787418234.3844888,3136.783,0,0,100,1946
1787418235.4167461,3137.815,0,0,100,1946
1787418236.4445555,3138.843,0,0,100,1946
1787418237.4712493,3139.869,0,0,100,1946
1787418238.5025704,3140.901,0,0,100,1946
1787418239.5314116,3141.929,0,0,100,1946
1787418240.5616302,3142.96,0,0,100,1946
1787418241.591334,3143.989,0,0,100,1946
1787418242.623833,3145.022,0,0,99,1946
1787418243.6558423,3146.054,0,0,100,1946
1787418244.6828117,3147.081,0,0,100,1946
1787418245.7100518,3148.108,0,0,100,1946
1787418246.7370527,3149.135,0,0,100,1946
1787418247.7685292,3150.167,0,0,100,1946
1787418248.7972815,3151.195,0,0,100,1946
1787418249.824423,3152.223,0,0,100,1946
1787418250.8552527,3153.253,0,0,100,1946
1787418251.8873796,3154.285,0,0,100,1946
1787418252.9221747,3155.32,0,0,99,1946
1787418253.949971,3156.348,0,0,100,1946
1787418254.9765704,3157.375,0,0,100,1946
1787418256.0032,3158.401,0,0,100,1946
1787418257.0329149,3159.431,0,0,100,1946
1787418258.0604858,3160.459,0,0,100,1946
1787418259.0885737,3161.487,0,0,100,1946
1787418260.120394,3162.518,0,0,100,1946
1787418261.1486344,3163.547,0,0,100,1946
1787418262.180937,3164.579,0,0,99,1946
1787418263.2090192,3165.607,0,0,100,1946
1787418264.235876,3166.634,0,0,100,1946
1787418265.2624671,3167.661,0,0,100,1946
1787418266.293999,3168.692,0,0,100,1946
1787418267.3228853,3169.721,0,0,100,1946
1787418268.3504758,3170.749,0,0,100,1946
1787418269.3771043,3171.775,0,0,100,1946
1787418270.4029377,3172.801,0,0,100,1946
1787418271.4318736,3173.83,0,0,99,1946
1787418272.4651353,3174.863,0,0,100,1946
1787418273.4938169,3175.892,0,0,100,1946
1787418274.5215042,3176.92,0,0,100,1946
1787418275.5510128,3177.949,0,0,100,1946
1787418276.57856,3178.977,0,0,100,1946
1787418277.6050322,3180.003,0,0,100,1946
1787418278.6345716,3181.033,0,0,100,1946
1787418279.6661236,3182.064,0,0,100,1946
1787418280.692379,3183.09,0,0,100,1946
1787418281.7221947,3184.12,0,0,99,1946
1787418282.75249,3185.151,0,0,100,1946
1787418283.7810783,3186.179,0,0,100,1946
1787418284.8075435,3187.206,0,0,100,1946
1787418285.8356287,3188.234,0,0,100,1946
1787418286.8673143,3189.265,0,0,100,1946
1787418287.8953261,3190.293,0,0,100,1946
1787418288.925341,3191.323,0,0,100,1946
1787418289.9546895,3192.353,0,0,100,1946
1787418290.9842613,3193.382,0,0,100,1946
1787418292.018118,3194.416,0,0,99,1946
1787418293.0478604,3195.446,0,0,100,1946
1787418294.0743914,3196.472,0,0,100,1946
1787418295.104007,3197.502,0,0,100,1946
1787418296.1374667,3198.536,0,0,100,1946
1787418297.1676292,3199.566,0,0,100,1946
1787418298.1949973,3200.593,0,0,100,1946
1787418299.224606,3201.623,0,0,100,1946
1787418300.2516572,3202.65,0,0,99,1946
1787418301.2818694,3203.68,0,0,100,1946
1787418302.3113282,3204.709,0,0,100,1946
1787418303.3380156,3205.736,0,0,100,1946
1787418304.3673406,3206.765,0,0,100,1946
1787418305.397531,3207.796,0,0,100,1946
1787418306.4261532,3208.824,0,0,100,1946
1787418307.4568138,3209.855,0,0,100,1946
1787418308.4856603,3210.884,0,0,100,1946
1787418309.5148575,3211.913,0,0,100,1946
1787418310.5466402,3212.945,0,0,99,1946
1787418311.572944,3213.971,0,0,100,1946
1787418312.599475,3214.998,0,0,100,1946
1787418313.626866,3216.025,0,0,100,1946
1787418314.6536698,3217.052,0,0,100,1946
1787418315.680701,3218.079,0,0,100,1946
1787418316.7091632,3219.107,0,0,100,1946
1787418317.7422488,3220.14,0,0,100,1946
1787418318.7746632,3221.173,0,0,100,1946
1787418319.8073845,3222.205,0,0,100,1946
1787418320.8345485,3223.233,0,0,99,1946
1787418321.8643222,3224.262,0,0,100,1946
1787418322.8976774,3225.296,0,0,100,1946
1787418323.9307816,3226.329,0,0,100,1946
1787418324.9593327,3227.357,0,0,100,1946
1787418325.9865496,3228.385,0,0,100,1946
1787418327.013855,3229.412,0,0,100,1946
1787418328.0425801,3230.441,0,0,100,1946
1787418329.071175,3231.469,0,0,100,1946
1787418330.0970976,3232.495,0,0,100,1946
1787418331.1249316,3233.523,0,0,100,1946
1787418332.1515872,3234.55,0,0,100,1946
1787418333.1786947,3235.577,0,0,100,1946
1787418334.2097538,3236.608,0,0,100,1946
1787418335.2409406,3237.639,0,0,100,1946
1787418336.2677486,3238.666,0,0,100,1946
1787418337.296892,3239.695,0,0,100,1946
1787418338.3247852,3240.723,0,0,100,1946
1787418339.3542585,3241.752,0,0,99,1946
1787418340.3829591,3242.781,0,0,100,1946
1787418341.4089732,3243.807,0,0,100,1946
1787418342.4378023,3244.836,0,0,100,1946
1787418343.4641793,3245.862,0,0,100,1946
1787418344.4928477,3246.891,0,0,100,1946
1787418345.5203893,3247.918,0,0,100,1946
1787418346.5507991,3248.949,0,0,100,1946
1787418347.5804653,3249.979,0,0,100,1946
1787418348.607057,3251.005,0,0,100,1946
1787418349.6331666,3252.031,0,0,99,1946
1787418350.6602051,3253.058,0,0,100,1946
1787418351.6873865,3254.085,0,0,100,1946
1787418352.7187552,3255.117,0,0,100,1946
1787418353.7452064,3256.143,0,0,100,1946
1787418354.7751122,3257.173,0,0,100,1946
1787418355.8057635,3258.204,0,0,100,1946
1787418356.8393178,3259.237,0,0,100,1946
1787418357.8712919,3260.269,0,0,100,1946
1787418358.9074173,3261.306,0,0,100,1946
1787418359.9373214,3262.335,0,0,99,1946
1787418360.9647114,3263.363,0,0,100,1946
1787418361.993663,3264.392,0,0,100,1946
1787418363.021532,3265.42,0,0,100,1946
1787418364.0503225,3266.448,0,0,100,1946
1787418365.0772777,3267.475,0,0,100,1946
1787418366.1066778,3268.505,0,0,100,1946
1787418367.1353102,3269.533,0,0,100,1946
1787418368.167626,3270.566,0,0,100,1946
1787418369.19335,3271.591,0,0,99,1946
1787418370.2226362,3272.621,0,0,100,1946
1787418371.2565362,3273.655,0,0,100,1946
1787418372.283057,3274.681,0,0,100,1946
1787418373.3104715,3275.709,0,0,100,1946
1787418374.3372474,3276.735,0,0,100,1946
1787418375.3678799,3277.766,0,0,100,1946
1787418376.399357,3278.797,0,0,100,1946
1787418377.4301991,3279.828,0,0,100,1946
1787418378.4605553,3280.859,0,0,100,1946
1787418379.4876454,3281.886,0,0,100,1946
1787418380.5206316,3282.919,0,0,100,1946
1787418381.5515692,3283.95,0,0,100,1946
1787418382.5858939,3284.984,0,0,100,1946
1787418383.6188872,3286.017,0,0,100,1946
1787418384.6523936,3287.05,0,0,100,1946
1787418385.6791954,3288.077,0,0,100,1946
1787418386.7096634,3289.108,0,0,100,1946
1787418387.7382934,3290.136,0,0,100,1946
1787418388.769883,3291.168,0,0,99,1946
1787418389.8019204,3292.2,0,0,100,1946
1787418390.8282692,3293.226,0,0,100,1946
1787418391.8665378,3294.265,0,0,100,1946
1787418392.902903,3295.301,0,0,100,1946
1787418393.932891,3296.331,0,0,100,1946
1787418394.9639215,3297.362,0,0,100,1946
1787418395.994808,3298.393,0,0,100,1946
1787418397.02267,3299.421,0,0,100,1946
1787418398.0565312,3300.455,0,0,99,1946
1787418399.083509,3301.482,0,0,100,1946
1787418400.1105993,3302.509,0,0,100,1946
1787418401.1409297,3303.539,0,0,100,1946
1787418402.1692262,3304.567,0,0,100,1946
1787418403.1990535,3305.597,0,0,100,1946
1787418404.229413,3306.627,0,0,100,1946
1787418405.261769,3307.66,0,0,100,1946
1787418406.2949927,3308.693,0,0,100,1946
1787418407.3226383,3309.721,0,0,100,1946
1787418408.348976,3310.747,0,0,99,1946
1787418409.377493,3311.776,0,0,100,1946
1787418410.4079769,3312.806,0,0,100,1946
1787418411.4385045,3313.837,0,0,100,1946
1787418412.4668,3314.865,0,0,100,1946
1787418413.496707,3315.895,0,0,100,1946
1787418414.525862,3316.924,0,0,100,1946
1787418415.5556679,3317.954,0,0,100,1946
1787418416.5883427,3318.986,0,0,100,1946
1787418417.6153073,3320.013,0,0,99,1946
1787418418.6452,3321.043,0,0,100,1946
1787418419.6713128,3322.069,0,0,100,1946
1787418420.6980526,3323.096,0,0,100,1946
1787418421.7266822,3324.125,0,0,100,1946
1787418422.7564933,3325.155,0,0,100,1946
1787418423.7841601,3326.182,0,0,100,1946
1787418424.810169,3327.208,0,0,100,1946
1787418425.836314,3328.234,0,0,100,1946
1787418426.867046,3329.265,0,0,99,1946
1787418427.8928087,3330.291,0,0,100,1946
1787418428.922711,3331.321,0,0,100,1946
1787418429.9526422,3332.351,0,0,100,1946
1787418430.981801,3333.38,0,0,100,1946
1787418432.0149856,3334.413,0,0,100,1946
1787418433.0428085,3335.441,0,0,100,1946
1787418434.070516,3336.469,0,0,100,1946
1787418435.0990639,3337.497,0,0,100,1946
1787418436.127136,3338.525,0,0,100,1946
1787418437.1548395,3339.553,0,0,99,1946
1787418438.1831746,3340.581,0,0,100,1946
1787418439.2095995,3341.608,0,0,94,1946
1787418440.2390387,3342.637,0,0,92,1946
1787418441.2680993,3343.666,0,0,100,1946
1787418442.300912,3344.699,0,0,100,1946
1787418443.3341715,3345.732,0,0,100,1946
1787418444.3626225,3346.761,0,0,100,1946
1787418445.3893068,3347.787,0,0,100,1946
1787418446.4173787,3348.815,0,0,100,1946
1787418447.445604,3349.844,0,0,99,1946
1787418448.4750576,3350.873,0,0,100,1946
1787418449.5033844,3351.901,0,0,100,1946
1787418450.5316205,3352.93,0,0,100,1946
1787418451.559119,3353.957,0,0,100,1946
1787418452.5885932,3354.987,0,0,99,1946
1787418453.614934,3356.013,0,0,100,1946
1787418454.6416595,3357.04,0,0,100,1946
1787418455.6740072,3358.072,0,0,100,1946
1787418456.7039604,3359.102,0,0,99,1946
1787418457.7311609,3360.129,0,0,100,1946
1787418458.7633896,3361.161,0,0,100,1946
1787418459.7941837,3362.192,0,0,100,1946
1787418460.8249571,3363.223,0,0,100,1946
1787418461.851811,3364.25,0,0,100,1946
1787418462.8817856,3365.28,0,0,100,1946
1787418463.9128785,3366.311,0,0,100,1946
1787418464.9442887,3367.342,0,0,100,1946
1787418465.971913,3368.37,0,0,99,1946
1787418467.0001593,3369.398,0,0,100,1946
1787418468.0307,3370.429,0,0,100,1946
1787418469.059765,3371.458,0,0,100,1946
1787418470.0894482,3372.488,0,0,100,1946
1787418471.1161625,3373.514,0,0,100,1946
1787418472.1441312,3374.542,0,0,100,1946
1787418473.1727908,3375.571,0,0,100,1946
1787418474.2013812,3376.599,0,0,100,1946
1787418475.229193,3377.627,0,0,100,1946
1787418476.256172,3378.654,0,0,99,1946
1787418477.286199,3379.684,0,0,100,1946
1787418478.3143938,3380.712,0,0,100,1946
1787418479.344027,3381.742,0,0,100,1946
1787418480.3745086,3382.773,0,0,100,1946
1787418481.4070008,3383.805,0,0,100,1946
1787418482.438413,3384.836,0,0,100,1946
1787418483.46775,3385.866,0,0,100,1946
1787418484.4936433,3386.892,0,0,100,1946
1787418485.5230308,3387.921,0,0,100,1946
1787418486.54966,3388.948,0,0,99,1946
1787418487.5776856,3389.976,0,0,100,1946
1787418488.604018,3391.002,0,0,100,1946
1787418489.6304502,3392.029,0,0,100,1946
1787418490.6591642,3393.057,0,0,100,1946
1787418491.6926157,3394.091,0,0,100,1946
1787418492.7195344,3395.118,0,0,100,1946
1787418493.7462413,3396.144,0,0,100,1946
1787418494.7734873,3397.172,0,0,100,1946
1787418495.802755,3398.201,0,0,99,1946
1787418496.8329349,3399.231,0,0,100,1946
1787418497.8647118,3400.263,0,0,100,1946
1787418498.8921864,3401.29,0,0,100,1946
1787418499.9281123,3402.326,0,0,100,1946
1787418500.959691,3403.358,0,0,100,1946
1787418501.9901197,3404.388,0,0,100,1946
1787418503.0230398,3405.421,0,0,100,1946
1787418504.05007,3406.448,0,0,100,1946
1787418505.076579,3407.475,0,0,99,1946
1787418506.1031957,3408.501,0,0,100,1946
1787418507.131319,3409.529,0,0,100,1946
1787418508.1611388,3410.559,0,0,100,1946
1787418509.1915126,3411.59,0,0,100,1946
1787418510.2185318,3412.617,0,0,100,1946
1787418511.2486799,3413.647,0,0,100,1946
1787418512.2775633,3414.676,0,0,100,1946
1787418513.306789,3415.705,0,0,100,1946
1787418514.3356712,3416.734,0,0,100,1946
1787418515.368459,3417.767,0,0,99,1946
1787418516.3980787,3418.796,0,0,100,1946
1787418517.427892,3419.826,0,0,100,1946
1787418518.4592223,3420.857,0,0,100,1946
1787418519.4888604,3421.887,0,0,100,1946
1787418520.5166366,3422.915,0,0,100,1946
1787418521.5452595,3423.943,0,0,100,1946
1787418522.5767481,3424.975,0,0,100,1946
1787418523.60661,3426.005,0,0,100,1946
1787418524.6336386,3427.032,0,0,99,1946
1787418525.662525,3428.061,0,0,100,1946
1787418526.692621,3429.091,0,0,100,1946
1787418527.7194319,3430.118,0,0,100,1946
1787418528.7469738,3431.145,0,0,100,1946
1787418529.774832,3432.173,0,0,100,1946
1787418530.8029234,3433.201,0,0,100,1946
1787418531.8316185,3434.23,0,0,100,1946
1787418532.861397,3435.259,0,0,100,1946
1787418533.8913834,3436.289,0,0,100,1946
1787418534.9212923,3437.319,0,0,99,1946
1787418535.951551,3438.35,0,0,100,1946
1787418536.9777765,3439.376,0,0,100,1946
1787418538.0044725,3440.403,0,0,100,1946
1787418539.0320346,3441.43,0,0,100,1946
1787418540.0627272,3442.461,0,0,100,1946
1787418541.092622,3443.491,0,0,100,1946
1787418542.119305,3444.517,0,0,100,1946
1787418543.149239,3445.547,0,0,100,1946
1787418544.176687,3446.575,0,0,99,1946
1787418545.2040231,3447.602,0,0,100,1946
1787418546.2325146,3448.631,0,0,100,1946
1787418547.2600305,3449.658,0,0,100,1946
1787418548.2862656,3450.684,0,0,100,1946
1787418549.3165236,3451.715,0,0,100,1946
1787418550.3435776,3452.742,0,0,100,1946
1787418551.3744066,3453.772,0,0,100,1946
1787418552.4072845,3454.805,0,0,100,1946
1787418553.4359074,3455.834,0,0,99,1946
1787418554.463627,3456.862,0,0,100,1946
1787418555.4927359,3457.891,0,0,100,1946
1787418556.5222661,3458.92,0,0,100,1946
1787418557.5549138,3459.953,0,0,100,1946
1787418558.5812128,3460.979,0,0,100,1946
1787418559.611657,3462.01,0,0,100,1946
1787418560.6386356,3463.037,0,0,100,1946
1787418561.6700592,3464.068,0,0,100,1946
1787418562.6963432,3465.094,0,0,100,1946
1787418563.723589,3466.122,0,0,100,1946
1787418564.7528625,3467.151,0,0,100,1946
1787418565.7835634,3468.182,0,0,100,1946
1787418566.813301,3469.211,0,0,100,1946
1787418567.8435607,3470.242,0,0,100,1946
1787418568.874615,3471.273,0,0,100,1946
1787418569.905824,3472.304,0,0,100,1946
1787418570.9371417,3473.335,0,0,100,1946
1787418571.9716408,3474.37,0,0,100,1946
1787418573.0049014,3475.403,0,0,100,1946
1787418574.032472,3476.431,0,0,100,1946
1787418575.0596983,3477.458,0,0,100,1946
1787418576.093202,3478.491,0,0,100,1946
1787418577.1211338,3479.519,0,0,100,1946
1787418578.1543841,3480.552,0,0,100,1946
1787418579.1848748,3481.583,0,0,100,1946
1787418580.2139883,3482.612,0,0,100,1946
1787418581.2440262,3483.642,0,0,100,1946
1787418582.2744856,3484.673,0,0,100,1946
1787418583.305894,3485.704,0,0,100,1946
1787418584.3327909,3486.731,0,0,100,1946
1787418585.3670244,3487.765,0,0,100,1946
1787418586.3978531,3488.796,0,0,100,1946
1787418587.4252396,3489.823,0,0,100,1946
1787418588.4551568,3490.853,0,0,100,1946
1787418589.4836829,3491.882,0,0,100,1946
1787418590.5146985,3492.913,0,0,100,1946
1787418591.544337,3493.942,0,0,100,1946
1787418592.5746605,3494.973,0,0,100,1946
1787418593.6078227,3496.006,0,0,100,1946
1787418594.637651,3497.036,0,0,100,1946
1787418595.6681736,3498.066,0,0,100,1946
1787418596.7007785,3499.099,0,0,100,1946
1787418597.7303402,3500.128,0,0,100,1946
1787418598.7613323,3501.159,0,0,100,1946
1787418599.789941,3502.188,0,0,100,1946
1787418600.8177652,3503.216,0,0,100,1946
1787418601.8468971,3504.245,0,0,100,1946
1787418602.878981,3505.277,0,0,100,1946
1787418603.905444,3506.304,0,0,100,1946
1787418604.9375648,3507.336,0,0,100,1946
1787418605.9676924,3508.366,0,0,100,1946
1787418606.9996843,3509.398,0,0,100,1946
1787418608.0276713,3510.426,0,0,100,1946
1787418609.0573266,3511.455,0,0,100,1946
1787418610.0877142,3512.486,0,0,100,1946
1787418611.1148944,3513.513,0,0,100,1946
1787418612.1442473,3514.542,0,0,100,1946
1787418613.1770842,3515.575,0,0,100,1946
1787418614.2040977,3516.602,0,0,100,1946
1787418615.2335188,3517.632,0,0,100,1946
1787418616.2614567,3518.66,0,0,100,1946
1787418617.2890055,3519.687,0,0,100,1946
1787418618.3153417,3520.713,0,0,100,1946
1787418619.3448853,3521.743,0,0,100,1946
1787418620.3720329,3522.77,0,0,100,1946
1787418621.4013562,3523.799,0,0,100,1946
1787418622.4298937,3524.828,0,0,100,1946
1787418623.4585052,3525.857,0,0,100,1946
1787418624.4851618,3526.883,0,0,100,1946
1787418625.519201,3527.917,0,0,100,1946
1787418626.5501058,3528.948,0,0,100,1946
1787418627.5798397,3529.978,0,0,100,1946
1787418628.6111016,3531.009,0,0,100,1946
1787418629.637629,3532.036,0,0,100,1946
1787418630.6652267,3533.063,0,0,100,1946
1787418631.6934378,3534.092,0,0,100,1946
1787418632.7201765,3535.118,0,0,100,1946
1787418633.7572076,3536.155,0,0,100,1946
1787418634.7847989,3537.183,0,0,100,1946
1787418635.8150527,3538.213,0,0,100,1946
1787418636.843872,3539.242,0,0,100,1946
1787418637.8718479,3540.27,0,0,100,1946
1787418638.90542,3541.304,0,0,99,1946
1787418639.9381955,3542.336,0,0,100,1946
1787418640.9681065,3543.366,0,0,100,1946
1787418641.9960551,3544.394,0,0,100,1946
1787418643.0249152,3545.423,0,0,100,1946
1787418644.0512168,3546.449,0,0,100,1946
1787418645.077293,3547.475,0,0,100,1946
1787418646.1069899,3548.505,0,0,100,1946
1787418647.1351728,3549.533,0,0,100,1946
1787418648.1686554,3550.567,0,0,100,1946
1787418649.1988268,3551.597,0,0,99,1946
1787418650.2272615,3552.625,0,0,100,1946
1787418651.2585495,3553.657,0,0,100,1946
1787418652.2867863,3554.685,0,0,100,1946
1787418653.313302,3555.711,0,0,100,1946
1787418654.3434541,3556.742,0,0,100,1946
1787418655.3708048,3557.769,0,0,100,1946
1787418656.403884,3558.802,0,0,100,1946
1787418657.4316766,3559.83,0,0,100,1946
1787418658.4611976,3560.859,0,0,100,1946
1787418659.493376,3561.891,0,0,100,1946
1787418660.5206523,3562.919,0,0,100,1946
1787418661.5496757,3563.948,0,0,100,1946
1787418662.587618,3564.986,0,0,100,1946
1787418663.6171713,3566.015,0,0,100,1946
1787418664.646512,3567.045,0,0,100,1946
1787418665.6792397,3568.077,0,0,100,1946
1787418666.7089171,3569.107,0,0,100,1946
1787418667.7373812,3570.135,0,0,99,1946
1787418668.7674186,3571.166,0,0,100,1946
1787418669.794664,3572.193,0,0,100,1946
1787418670.8232179,3573.221,0,0,100,1946
1787418671.850977,3574.249,0,0,100,1946
1787418672.8774705,3575.276,0,0,100,1946
1787418673.9056158,3576.304,0,0,100,1946
1787418674.9352133,3577.333,0,0,100,1946
1787418675.9639666,3578.362,0,0,100,1946
1787418676.992192,3579.39,0,0,100,1946
1787418678.020969,3580.419,0,0,99,1946
1787418679.0552251,3581.453,0,0,100,1946
1787418680.085948,3582.484,0,0,100,1946
1787418681.1121833,3583.51,0,0,100,1946
1787418682.1396227,3584.538,0,0,100,1946
1787418683.1669226,3585.565,0,0,100,1946
1787418684.1958358,3586.594,0,0,100,1946
1787418685.2240288,3587.622,0,0,100,1946
1787418686.2508683,3588.649,0,0,100,1946
1787418687.2778184,3589.676,0,0,100,1946
1787418688.3056383,3590.704,0,0,99,1946
1787418689.3338888,3591.732,0,0,100,1946
1787418690.3618371,3592.76,0,0,100,1946
1787418691.3905063,3593.789,0,0,100,1946
1787418692.4160132,3594.814,0,0,100,1946
1787418693.4422917,3595.84,0,0,100,1946
1787418694.469006,3596.867,0,0,100,1946
1787418695.4984994,3597.897,0,0,100,1946
1787418696.5280645,3598.926,0,0,100,1946
1787418697.557583,3599.956,0,0,99,1946
1787418698.5841298,3600.982,0,0,100,1946
1787418699.6127002,3602.011,0,0,100,1946
1787418700.639101,3603.037,0,0,100,1946
1787418701.665032,3604.063,0,0,100,1946
1787418702.6918688,3605.09,0,0,100,1946
1787418703.7186732,3606.117,0,0,100,1946
1787418704.7475336,3607.146,0,0,100,1946
1787418705.780953,3608.179,0,0,100,1946
1787418706.8089044,3609.207,0,0,99,1946
1787418707.8362617,3610.234,0,0,100,1946
1787418708.866497,3611.265,0,0,100,1946
1787418709.8959131,3612.294,0,0,100,1946
1787418710.922348,3613.32,0,0,100,1946
1787418711.9586437,3614.357,0,0,100,1946
1787418712.9860055,3615.384,0,0,100,1946
1787418714.0140018,3616.412,0,0,100,1946
1787418715.0413043,3617.439,0,0,100,1946
1787418716.07117,3618.469,0,0,100,1946
1787418717.0992374,3619.497,0,0,99,1946
1787418718.1263652,3620.524,0,0,100,1946
1787418719.1534874,3621.552,0,0,100,1946
1787418720.1837666,3622.582,0,0,100,1946
1787418721.2117844,3623.61,0,0,100,1946
1787418722.2406197,3624.639,0,0,100,1946
1787418723.2679996,3625.666,0,0,100,1946
1787418724.2971132,3626.695,0,0,100,1946
1787418725.3297389,3627.728,0,0,100,1946
1787418726.3587935,3628.757,0,0,99,1946
1787418727.3852844,3629.783,0,0,100,1946
1787418728.4150136,3630.813,0,0,100,1946
1787418729.4417663,3631.84,0,0,100,1946
1787418730.4717178,3632.87,0,0,100,1946
1787418731.4980175,3633.896,0,0,100,1946
1787418732.5272663,3634.925,0,0,100,1946
1787418733.5573409,3635.955,0,0,100,1946
1787418734.5862007,3636.984,0,0,100,1946
1787418735.6160455,3638.014,0,0,100,1946
1787418736.6426957,3639.041,0,0,99,1946
1787418737.6688716,3640.067,0,0,100,1946
1787418738.696791,3641.095,0,0,100,1946
1787418739.7229683,3642.121,0,0,100,1946
1787418740.7544718,3643.153,0,0,100,1946
1787418741.7859786,3644.184,0,0,100,1946
1787418742.8124776,3645.211,0,0,100,1946
1787418743.8422008,3646.24,0,0,100,1946
1787418744.8689814,3647.267,0,0,100,1946
1787418745.8978817,3648.296,0,0,99,1946
1787418746.927835,3649.326,0,0,100,1946
1787418747.9565601,3650.355,0,0,100,1946
1787418748.9873693,3651.385,0,0,100,1946
1787418750.0203037,3652.418,0,0,100,1946
1787418751.050636,3653.449,0,0,100,1946
1787418752.0787106,3654.477,0,0,100,1946
1787418753.1062245,3655.504,0,0,100,1946
1787418754.1358368,3656.534,0,0,100,1946
1787418755.1638856,3657.562,0,0,99,1946
1787418756.1942587,3658.592,0,0,100,1946
1787418757.224377,3659.622,0,0,100,1946
1787418758.2548187,3660.653,0,0,100,1946
1787418759.2882645,3661.686,0,0,100,1946
1787418760.3180223,3662.716,0,0,100,1946
1787418761.3443568,3663.742,0,0,100,1946
1787418762.373455,3664.772,0,0,100,1946
1787418763.4020562,3665.8,0,0,100,1946
1787418764.4284513,3666.827,0,0,100,1946
1787418765.4574115,3667.855,0,0,99,1946
1787418766.4869418,3668.885,0,0,100,1946
1787418767.513878,3669.912,0,0,100,1946
1787418768.542002,3670.94,0,0,100,1946
1787418769.5706995,3671.969,0,0,100,1946
1787418770.6029093,3673.001,0,0,100,1946
1787418771.630523,3674.029,0,0,100,1946
1787418772.6576157,3675.056,0,0,100,1946
1787418773.6859763,3676.084,0,0,100,1946
1787418774.713921,3677.112,0,0,100,1946
1787418775.7407513,3678.139,0,0,99,1946
1787418776.7710845,3679.169,0,0,100,1946
1787418777.7981806,3680.196,0,0,100,1946
1787418778.8282306,3681.226,0,0,100,1946
1787418779.8612838,3682.259,0,0,100,1946
1787418780.8914251,3683.29,0,0,100,1946
1787418781.9188075,3684.317,0,0,100,1946
1787418782.9524937,3685.351,0,0,100,1946
1787418783.9828281,3686.381,0,0,99,1946
1787418785.009654,3687.408,0,0,100,1946
1787418786.0369043,3688.435,0,0,100,1946
1787418787.0670712,3689.465,0,0,100,1946
1787418788.0978754,3690.496,0,0,100,1946
1787418789.1264968,3691.525,0,0,100,1946
1787418790.1540463,3692.552,0,0,100,1946
1787418791.183996,3693.582,0,0,100,1946
1787418792.2138383,3694.612,0,0,100,1946
1787418793.239893,3695.638,0,0,100,1946
1787418794.266353,3696.664,0,0,99,1946
1787418795.2936983,3697.692,0,0,100,1946
1787418796.3223698,3698.72,0,0,100,1946
1787418797.3514943,3699.75,0,0,100,1946
1787418798.3852584,3700.783,0,0,100,1946
1787418799.4153063,3701.813,0,0,100,1946
1787418800.445576,3702.844,0,0,100,1946
1787418801.4725032,3703.871,0,0,100,1946
1787418802.5006273,3704.899,0,0,100,1946
1787418803.5276818,3705.926,0,0,100,1946
1787418804.5579443,3706.956,0,0,99,1946
1787418805.584753,3707.983,0,0,100,1946
1787418806.6193004,3709.017,0,0,100,1946
1787418807.6494174,3710.048,0,0,100,1946
1787418808.6769247,3711.075,0,0,100,1946
1787418809.7032628,3712.101,0,0,100,1946
1787418810.729884,3713.128,0,0,100,1946
1787418811.758629,3714.157,0,0,100,1946
1787418812.786922,3715.185,0,0,100,1946
1787418813.8157218,3716.214,0,0,99,1946
1787418814.8445947,3717.243,0,0,100,1946
1787418815.8721006,3718.27,0,0,100,1946
1787418816.903853,3719.302,0,0,100,1946
1787418817.9360938,3720.334,0,0,100,1946
1787418818.9654431,3721.364,0,0,100,1946
1787418819.9921653,3722.39,0,0,100,1946
1787418821.019034,3723.417,0,0,100,1946
1787418822.0488508,3724.447,0,0,100,1946
1787418823.0778143,3725.476,0,0,99,1946
1787418824.1071985,3726.505,0,0,100,1946
1787418825.1396775,3727.538,0,0,100,1946
1787418826.1656911,3728.564,0,0,100,1946
1787418827.1931393,3729.591,0,0,100,1946
1787418828.2205164,3730.619,0,0,100,1946
1787418829.2501729,3731.648,0,0,100,1946
1787418830.277501,3732.676,0,0,100,1946
1787418831.3087156,3733.707,0,0,100,1946
1787418832.3373349,3734.735,0,0,100,1946
1787418833.3703754,3735.768,0,0,99,1946
1787418834.3969927,3736.795,0,0,100,1946
1787418835.427249,3737.825,0,0,100,1946
1787418836.4549465,3738.853,0,0,100,1946
1787418837.483534,3739.882,0,0,100,1946
1787418838.5128524,3740.911,0,0,100,1946
1787418839.5427413,3741.941,0,0,100,1946
1787418840.5702615,3742.968,0,0,100,1946
1787418841.5971792,3743.995,0,0,100,1946
1787418842.6316042,3745.03,0,0,100,1946
1787418843.6579897,3746.056,0,0,99,1946
1787418844.6914709,3747.09,0,0,100,1946
1787418845.7182438,3748.116,0,0,100,1946
1787418846.7483153,3749.146,0,0,100,1946
1787418847.7760885,3750.174,0,0,100,1946
1787418848.802812,3751.201,0,0,100,1946
1787418849.831428,3752.23,0,0,100,1946
1787418850.8586054,3753.257,0,0,100,1946
1787418851.8884783,3754.287,0,0,100,1946
1787418852.9172595,3755.315,0,0,99,1946
1787418853.9476235,3756.346,0,0,100,1946
1787418854.9770336,3757.375,0,0,100,1946
1787418856.0038,3758.402,0,0,100,1946
1787418857.032939,3759.431,0,0,100,1946
1787418858.059868,3760.458,0,0,100,1946
1787418859.0898056,3761.488,0,0,100,1946
1787418860.118029,3762.516,0,0,100,1946
1787418861.144318,3763.542,0,0,100,1946
1787418862.1736069,3764.572,0,0,100,1946
1787418863.2010505,3765.599,0,0,99,1946
1787418864.2277355,3766.626,0,0,100,1946
1787418865.260846,3767.659,0,0,100,1946
1787418866.2926426,3768.691,0,0,100,1946
1787418867.3219717,3769.72,0,0,100,1946
1787418868.3501344,3770.748,0,0,100,1946
1787418869.3803153,3771.778,0,0,100,1946
1787418870.4133773,3772.811,0,0,100,1946
1787418871.4439638,3773.842,0,0,100,1946
1787418872.4729307,3774.871,0,0,100,1946
1787418873.5073729,3775.905,0,0,100,1946
1787418874.5376744,3776.936,0,0,100,1946
1787418875.5673647,3777.965,0,0,100,1946
1787418876.597819,3778.996,0,0,100,1946
1787418877.6257734,3780.024,0,0,100,1946
1787418878.6548314,3781.053,0,0,100,1946
1787418879.6827414,3782.081,0,0,100,1946
1787418880.7125127,3783.111,0,0,100,1946
1787418881.7430253,3784.141,0,0,99,1946
1787418882.7703652,3785.168,0,0,100,1946
1787418883.8003323,3786.198,0,0,100,1946
1787418884.8271337,3787.225,0,0,100,1946
1787418885.860367,3788.258,0,0,100,1946
1787418886.892938,3789.291,0,0,100,1946
1787418887.9227931,3790.321,0,0,100,1946
1787418888.9496636,3791.348,0,0,100,1946
1787418889.9820306,3792.38,0,0,100,1946
1787418891.0083382,3793.406,0,0,100,1946
1787418892.036169,3794.434,0,0,99,1946
1787418893.0622869,3795.46,0,0,100,1946
1787418894.0923774,3796.49,0,0,100,1946
1787418895.1230638,3797.521,0,0,100,1946
1787418896.1493223,3798.547,0,0,100,1946
1787418897.1786914,3799.577,0,0,100,1946
1787418898.2084816,3800.607,0,0,100,1946
1787418899.2386255,3801.637,0,0,100,1946
1787418900.2659705,3802.664,0,0,100,1946
1787418901.2923121,3803.69,0,0,100,1946
1787418902.322492,3804.721,0,0,99,1946
1787418903.3551648,3805.753,0,0,100,1946
1787418904.3845782,3806.783,0,0,100,1946
1787418905.4182918,3807.816,0,0,100,1946
1787418906.4484131,3808.846,0,0,100,1946
1787418907.4774232,3809.876,0,0,100,1946
1787418908.506645,3810.905,0,0,100,1946
1787418909.5398772,3811.938,0,0,100,1946
1787418910.5723553,3812.97,0,0,99,1946
1787418911.6000361,3813.998,0,0,100,1946
1787418912.6298041,3815.028,0,0,100,1946
1787418913.6594005,3816.057,0,0,100,1946
1787418914.6888716,3817.087,0,0,100,1946
1787418915.7183022,3818.116,0,0,100,1946
1787418916.7472565,3819.145,0,0,100,1946
1787418917.7760942,3820.174,0,0,100,1946
1787418918.807475,3821.206,0,0,100,1946
1787418919.8348124,3822.233,0,0,100,1946
1787418920.8623312,3823.26,0,0,99,1946
1787418921.8908699,3824.289,0,0,100,1946
1787418922.9182396,3825.316,0,0,100,1946
1787418923.9484189,3826.347,0,0,100,1946
1787418924.979018,3827.377,0,0,100,1946
1787418926.0056753,3828.404,0,0,100,1946
1787418927.0349548,3829.433,0,0,100,1946
1787418928.0611029,3830.459,0,0,100,1946
1787418929.0903373,3831.488,0,0,100,1946
1787418930.118652,3832.517,0,0,100,1946
1787418931.145506,3833.544,0,0,99,1946
1787418932.1743286,3834.572,0,0,100,1946
1787418933.207271,3835.605,0,0,100,1946
1787418934.2384334,3836.637,0,0,100,1946
1787418935.2658937,3837.664,0,0,100,1946
1787418936.2920358,3838.69,0,0,100,1946
1787418937.3192484,3839.717,0,0,100,1946
1787418938.3491747,3840.747,0,0,100,1946
1787418939.3772092,3841.775,0,0,100,1946
1787418940.4083745,3842.806,0,0,99,1946
1787418941.4349394,3843.833,0,0,100,1946
1787418942.461573,3844.86,0,0,100,1946
1787418943.488235,3845.886,0,0,100,1946
1787418944.5159707,3846.914,0,0,100,1946
1787418945.5430884,3847.941,0,0,100,1946
1787418946.569692,3848.968,0,0,100,1946
1787418947.6010027,3849.999,0,0,100,1946
1787418948.6341596,3851.032,0,0,100,1946
1787418949.6608725,3852.059,0,0,99,1946
1787418950.6931612,3853.091,0,0,100,1946
1787418951.719438,3854.118,0,0,100,1946
1787418952.7473428,3855.145,0,0,100,1946
1787418953.7768502,3856.175,0,0,100,1946
1787418954.805918,3857.204,0,0,100,1946
1787418955.8366332,3858.235,0,0,100,1946
1787418956.8681798,3859.266,0,0,100,1946
1787418957.9016063,3860.3,0,0,100,1946
1787418958.9319592,3861.33,0,0,100,1946
1787418959.9603758,3862.358,0,0,99,1946
1787418960.994514,3863.393,0,0,100,1946
1787418962.0259974,3864.424,0,0,100,1946
1787418963.0527241,3865.451,0,0,100,1946
1787418964.082742,3866.481,0,0,100,1946
1787418965.1098037,3867.508,0,0,100,1946
1787418966.1375191,3868.536,0,0,100,1946
1787418967.1666489,3869.565,0,0,100,1946
1787418968.1930065,3870.591,0,0,100,1946
1787418969.220367,3871.618,0,0,99,1946
1787418970.2506573,3872.649,0,0,100,1946
1787418971.284702,3873.683,0,0,100,1946
1787418972.311907,3874.71,0,0,100,1946
1787418973.3407269,3875.739,0,0,100,1946
1787418974.3728907,3876.771,0,0,100,1946
1787418975.400125,3877.798,0,0,100,1946
1787418976.4290078,3878.827,0,0,100,1946
1787418977.4559839,3879.854,0,0,100,1946
1787418978.4857826,3880.884,0,0,100,1946
1787418979.5114422,3881.91,0,0,99,1946
1787418980.5400283,3882.938,0,0,100,1946
1787418981.572756,3883.971,0,0,100,1946
1787418982.6007605,3884.999,0,0,100,1946
1787418983.6282468,3886.026,0,0,100,1946
1787418984.6540241,3887.052,0,0,100,1946
1787418985.6834524,3888.082,0,0,100,1946
1787418986.7116733,3889.11,0,0,100,1946
1787418987.7390883,3890.137,0,0,100,1946
1787418988.7658992,3891.164,0,0,99,1946
1787418989.7959738,3892.194,0,0,100,1946
1787418990.8281577,3893.226,0,0,100,1946
1787418991.8543591,3894.252,0,0,100,1946
1787418992.8899188,3895.288,0,0,100,1946
1787418993.9238436,3896.322,0,0,100,1946
1787418994.949993,3897.348,0,0,100,1946
1787418995.976206,3898.374,0,0,100,1946
1787418997.0073183,3899.405,0,0,100,1946
1787418998.0399683,3900.438,0,0,99,1946
1787418999.0702286,3901.468,0,0,100,1946
1787419000.0997171,3902.498,0,0,100,1946
1787419001.1294897,3903.528,0,0,100,1946
1787419002.1591098,3904.557,0,0,100,1946
1787419003.1876564,3905.586,0,0,100,1946
1787419004.2200484,3906.618,0,0,100,1946
1787419005.2498345,3907.648,0,0,100,1946
1787419006.2793665,3908.677,0,0,100,1946
1787419007.3125665,3909.711,0,0,100,1946
1787419008.33919,3910.737,0,0,99,1946
1787419009.365487,3911.764,0,0,100,1946
1787419010.399234,3912.797,0,0,100,1946
1787419011.4293962,3913.827,0,0,100,1946
1787419012.4585602,3914.857,0,0,100,1946
1787419013.4868147,3915.885,0,0,100,1946
1787419014.5145738,3916.913,0,0,100,1946
1787419015.54336,3917.941,0,0,100,1946
1787419016.5731852,3918.971,0,0,100,1946
1787419017.605977,3920.004,0,0,100,1946
1787419018.6326334,3921.031,0,0,99,1946
1787419019.6592584,3922.057,0,0,100,1946
1787419020.689418,3923.088,0,0,100,1946
1787419021.7185702,3924.117,0,0,100,1946
1787419022.745248,3925.143,0,0,100,1946
1787419023.773831,3926.172,0,0,100,1946
1787419024.80259,3927.201,0,0,100,1946
1787419025.8296592,3928.228,0,0,100,1946
1787419026.8609123,3929.259,0,0,99,1946
1787419027.8874073,3930.285,0,0,100,1946
1787419028.9171126,3931.315,0,0,100,1946
1787419029.947566,3932.346,0,0,100,1946
1787419030.980004,3933.378,0,0,100,1946
1787419032.0103972,3934.408,0,0,100,1946
1787419033.038272,3935.436,0,0,100,1946
1787419034.0686097,3936.467,0,0,100,1946
1787419035.0981035,3937.496,0,0,100,1946
1787419036.1239219,3938.522,0,0,100,1946
1787419037.1531358,3939.551,0,0,99,1946
1787419038.1804612,3940.579,0,0,100,1946
1787419039.2107217,3941.609,0,0,100,1946
1787419040.2433918,3942.641,0,0,100,1946
1787419041.2714164,3943.67,0,0,100,1946
1787419042.3006227,3944.699,0,0,100,1946
1787419043.3318412,3945.73,0,0,100,1946
1787419044.3594594,3946.758,0,0,100,1946
1787419045.3907635,3947.789,0,0,100,1946
1787419046.4208844,3948.819,0,0,100,1946
1787419047.447083,3949.845,0,0,99,1946
1787419048.475999,3950.874,0,0,100,1946
1787419049.501816,3951.9,0,0,100,1946
1787419050.5354028,3952.933,0,0,100,1946
1787419051.565256,3953.963,0,0,100,1946
1787419052.594871,3954.993,0,0,100,1946
1787419053.6251245,3956.023,0,0,100,1946
1787419054.6550567,3957.053,0,0,100,1946
1787419055.6812854,3958.079,0,0,100,1946
1787419056.7116578,3959.11,0,0,99,1946
1787419057.7384634,3960.137,0,0,100,1946
1787419058.7712603,3961.169,0,0,100,1946
1787419059.7993615,3962.197,0,0,100,1946
1787419060.8298004,3963.228,0,0,100,1946
1787419061.8622413,3964.26,0,0,100,1946
1787419062.8947043,3965.293,0,0,100,1946
1787419063.9209502,3966.319,0,0,100,1946
1787419064.9494133,3967.347,0,0,100,1946
1787419065.9765005,3968.375,0,0,99,1946
1787419067.0083363,3969.406,0,0,100,1946
1787419068.0364656,3970.435,0,0,100,1946
1787419069.0659332,3971.464,0,0,100,1946
1787419070.094596,3972.493,0,0,100,1946
1787419071.122382,3973.52,0,0,100,1946
1787419072.152417,3974.551,0,0,100,1946
1787419073.1820443,3975.58,0,0,100,1946
1787419074.2099433,3976.608,0,0,100,1946
1787419075.2380328,3977.636,0,0,100,1946
1787419076.2649128,3978.663,0,0,99,1946
1787419077.2965672,3979.695,0,0,100,1946
1787419078.3246112,3980.723,0,0,100,1946
1787419079.357481,3981.756,0,0,100,1946
1787419080.3925853,3982.791,0,0,100,1946
1787419081.4225807,3983.821,0,0,100,1946
1787419082.4538844,3984.852,0,0,100,1946
1787419083.4887257,3985.887,0,0,100,1946
1787419084.517171,3986.915,0,0,100,1946
1787419085.5500708,3987.948,0,0,100,1946
1787419086.576676,3988.975,0,0,99,1946
1787419087.6056578,3990.004,0,0,100,1946
1787419088.6356285,3991.034,0,0,100,1946
1787419089.6619744,3992.06,0,0,100,1946
1787419090.6918216,3993.09,0,0,100,1946
1787419091.7209337,3994.119,0,0,100,1946
1787419092.7474775,3995.146,0,0,100,1946
1787419093.7813623,3996.179,0,0,100,1946
1787419094.8114462,3997.21,0,0,100,1946
1787419095.8492339,3998.247,0,0,99,1946
1787419096.876083,3999.274,0,0,100,1946
1787419097.9022005,4000.3,0,0,100,1946
1787419098.9334486,4001.332,0,0,100,1946
1787419099.966411,4002.364,0,0,100,1946
1787419100.9968588,4003.395,0,0,100,1946
1787419102.0236273,4004.422,0,0,100,1946
1787419103.05251,4005.451,0,0,100,1946
1787419104.081915,4006.48,0,0,100,1946
1787419105.1089418,4007.507,0,0,99,1946
1787419106.1365774,4008.535,0,0,100,1946
1787419107.1718338,4009.57,0,0,100,1946
1787419108.1991224,4010.597,0,0,100,1946
1787419109.225205,4011.623,0,0,100,1946
1787419110.2534995,4012.652,0,0,100,1946
1787419111.2834926,4013.682,0,0,100,1946
1787419112.3101661,4014.708,0,0,100,1946
1787419113.3360229,4015.734,0,0,100,1946
1787419114.3628135,4016.761,0,0,100,1946
1787419115.3910608,4017.789,0,0,99,1946
1787419116.418192,4018.816,0,0,100,1946
1787419117.4480023,4019.846,0,0,85,1946
1787419118.4742792,4020.872,0,0,100,1946
1787419119.5015814,4021.9,0,0,100,1946
1787419120.5356948,4022.934,0,0,100,1946
1787419121.5651379,4023.963,0,0,100,1946
1787419122.5941336,4024.992,0,0,100,1946
1787419123.6226137,4026.021,0,0,100,1946
1787419124.651188,4027.049,0,0,99,1946
1787419125.677617,4028.076,0,0,100,1946
1787419126.708673,4029.107,0,0,100,1946
1787419127.7414136,4030.139,0,0,100,1946
1787419128.768923,4031.167,0,0,100,1946
1787419129.7994218,4032.198,0,0,100,1946
1787419130.829512,4033.228,0,0,100,1946
1787419131.8593082,4034.257,0,0,100,1946
1787419132.8883216,4035.286,0,0,100,1946
1787419133.9150083,4036.313,0,0,100,1946
1787419134.9445457,4037.343,0,0,99,1946
1787419135.97245,4038.371,0,0,100,1946
1787419137.0098267,4039.408,0,0,100,1946
1787419138.037487,4040.436,0,0,100,1946
1787419139.0663583,4041.464,0,0,100,1946
1787419140.0984411,4042.497,0,0,100,1946
1787419141.128224,4043.526,0,0,100,1946
1787419142.1582973,4044.556,0,0,100,1946
1787419143.1848948,4045.583,0,0,100,1946
1787419144.211329,4046.609,0,0,100,1946
1787419145.241809,4047.64,0,0,100,1946
1787419146.271459,4048.67,0,0,100,1946
1787419147.3003476,4049.698,0,0,100,1946
1787419148.3297856,4050.728,0,0,100,1946
1787419149.3570037,4051.755,0,0,100,1946
1787419150.3885684,4052.787,0,0,100,1946
1787419151.4184804,4053.817,0,0,100,1946
1787419152.4520056,4054.85,0,0,100,1946
1787419153.4785001,4055.877,0,0,99,1946
1787419154.5114114,4056.909,0,0,100,1946
1787419155.539077,4057.937,0,0,100,1946
1787419156.567838,4058.966,0,0,100,1946
1787419157.5972009,4059.995,0,0,100,1946
1787419158.6276603,4061.026,0,0,100,1946
1787419159.6571724,4062.055,0,0,100,1946
1787419160.6870692,4063.085,0,0,100,1946
1787419161.7139919,4064.112,0,0,100,1946
1787419162.7440224,4065.142,0,0,100,1946
1787419163.7707157,4066.169,0,0,99,1946
1787419164.79913,4067.197,0,0,100,1946
1787419165.8273962,4068.225,0,0,100,1946
1787419166.8560977,4069.254,0,0,100,1946
1787419167.8833869,4070.281,0,0,100,1946
1787419168.9128911,4071.311,0,0,100,1946
1787419169.9412425,4072.339,0,0,100,1946
1787419170.968674,4073.367,0,0,100,1946
1787419171.9975283,4074.396,0,0,100,1946
1787419173.0268722,4075.425,0,0,100,1946
1787419174.0607345,4076.459,0,0,99,1946
1787419175.090234,4077.488,0,0,100,1946
1787419176.1205266,4078.519,0,0,100,1946
1787419177.1502264,4079.548,0,0,100,1946
1787419178.177756,4080.576,0,0,100,1946
1787419179.2052464,4081.603,0,0,100,1946
1787419180.235901,4082.634,0,0,100,1946
1787419181.267168,4083.665,0,0,100,1946
1787419182.2978392,4084.696,0,0,100,1946
1787419183.330028,4085.728,0,0,99,1946
1787419184.356912,4086.755,0,0,100,1946
1787419185.3847475,4087.783,0,0,100,1946
1787419186.4111078,4088.809,0,0,100,1946
1787419187.4375484,4089.836,0,0,100,1946
1787419188.4648461,4090.863,0,0,100,1946
1787419189.491675,4091.89,0,0,100,1946
1787419190.5196025,4092.918,0,0,100,1946
1787419191.550223,4093.948,0,0,100,1946
1787419192.580294,4094.978,0,0,99,1946
1787419193.6129558,4096.011,0,0,100,1946
1787419194.6438158,4097.042,0,0,100,1946
1787419195.67155,4098.07,0,0,100,1946
1787419196.700848,4099.099,0,0,100,1946
1787419197.729682,4100.128,0,0,100,1946
1787419198.759427,4101.158,0,0,100,1946
1787419199.7924824,4102.191,0,0,100,1946
1787419200.8226342,4103.221,0,0,100,1946
1787419201.8524082,4104.25,0,0,100,1946
1787419202.8806098,4105.279,0,0,100,1946
1787419203.9067006,4106.305,0,0,100,1946
1787419204.9344,4107.332,0,0,100,1946
1787419205.9629672,4108.361,0,0,100,1946
1787419206.989926,4109.388,0,0,100,1946
1787419208.0244634,4110.423,0,0,100,1946
1787419209.0574968,4111.456,0,0,100,1946
1787419210.086635,4112.485,0,0,100,1946
1787419211.1133177,4113.511,0,0,100,1946
1787419212.1405196,4114.539,0,0,100,1946
1787419213.1685903,4115.567,0,0,100,1946
1787419214.1967478,4116.595,0,0,100,1946
1787419215.225189,4117.623,0,0,100,1946
1787419216.2530358,4118.651,0,0,100,1946
1787419217.282254,4119.68,0,0,100,1946
1787419218.311652,4120.71,0,0,100,1946
1787419219.3438878,4121.742,0,0,100,1946
1787419220.3748312,4122.773,0,0,100,1946
1787419221.4044693,4123.803,0,0,100,1946
1787419222.4342818,4124.832,0,0,99,1946
1787419223.4608226,4125.859,0,0,100,1946
1787419224.487329,4126.885,0,0,100,1946
1787419225.5169544,4127.915,0,0,100,1946
1787419226.543212,4128.941,0,0,100,1946
1787419227.5709693,4129.969,0,0,100,1946
1787419228.5966744,4130.995,0,0,100,1946
1787419229.630575,4132.029,0,0,100,1946
1787419230.662112,4133.06,0,0,100,1946
1787419231.693237,4134.091,0,0,99,1946
1787419232.7257912,4135.124,0,0,100,1946
1787419233.7549615,4136.153,0,0,100,1946
1787419234.7822049,4137.18,0,0,100,1946
1787419235.812261,4138.21,0,0,100,1946
1787419236.838917,4139.237,0,0,100,1946
1787419237.870341,4140.268,0,0,100,1946
1787419238.8990226,4141.297,0,0,100,1946
1787419239.9285865,4142.327,0,0,100,1946
1787419240.9554472,4143.354,0,0,100,1946
1787419241.9836342,4144.382,0,0,99,1946
1787419243.0104232,4145.409,0,0,100,1946
1787419244.0370286,4146.435,0,0,100,1946
1787419245.0639563,4147.462,0,0,100,1946
1787419246.0904336,4148.489,0,0,100,1946
1787419247.1214135,4149.519,0,0,100,1946
1787419248.1539032,4150.552,0,0,100,1946
1787419249.1805642,4151.579,0,0,100,1946
1787419250.2105691,4152.609,0,0,100,1946
1787419251.2366328,4153.635,0,0,99,1946
1787419252.265844,4154.664,0,0,100,1946
1787419253.294051,4155.692,0,0,100,1946
1787419254.3205218,4156.719,0,0,100,1946
1787419255.3479476,4157.746,0,0,100,1946
1787419256.37506,4158.773,0,0,100,1946
1787419257.4038486,4159.802,0,0,100,1946
1787419258.4337668,4160.832,0,0,100,1946
1787419259.4625823,4161.861,0,0,100,1946
1787419260.4911025,4162.889,0,0,100,1946
1787419261.5184271,4163.917,0,0,99,1946
1787419262.5462325,4164.944,0,0,100,1946
1787419263.5727303,4165.971,0,0,100,1946
1787419264.6015396,4167.0,0,0,100,1946
1787419265.6320176,4168.03,0,0,100,1946
1787419266.6601617,4169.058,0,0,86,1946
1787419267.6878643,4170.086,0,0,100,1946
1787419268.7212298,4171.119,0,0,100,1946
1787419269.7497225,4172.148,0,0,100,1946
1787419270.7760015,4173.174,0,0,99,1946
1787419271.804501,4174.203,0,0,100,1946
1787419272.8339932,4175.232,0,0,100,1946
1787419273.861878,4176.26,0,0,100,1946
1787419274.8891833,4177.287,0,0,100,1946
1787419275.9191082,4178.317,0,0,100,1946
1787419276.9497476,4179.348,0,0,100,1946
1787419277.9788098,4180.377,0,0,100,1946
1787419279.005467,4181.404,0,0,100,1946
1787419280.0387492,4182.437,0,0,99,1946
1787419281.0698586,4183.468,0,0,100,1946
1787419282.0959063,4184.494,0,0,100,1946
1787419283.1240928,4185.522,0,0,100,1946
1787419284.157453,4186.556,0,0,100,1946
1787419285.1859758,4187.584,0,0,100,1946
1787419286.2133782,4188.611,0,0,100,1946
1787419287.2460747,4189.644,0,0,100,1946
1787419288.273073,4190.671,0,0,100,1946
1787419289.3085024,4191.707,0,0,100,1946
1787419290.3380225,4192.736,0,0,99,1946
1787419291.3636575,4193.762,0,0,100,1946
1787419292.391621,4194.79,0,0,100,1946
1787419293.4231904,4195.821,0,0,100,1946
1787419294.449751,4196.848,0,0,100,1946
1787419295.4797583,4197.878,0,0,100,1946
1787419296.5074167,4198.906,0,0,100,1946
1787419297.5375667,4199.936,0,0,100,1946
1787419298.5667324,4200.965,0,0,100,1946
1787419299.5934696,4201.992,0,0,100,1946
1787419300.6239216,4203.022,0,0,99,1946
1787419301.6519926,4204.05,0,0,100,1946
1787419302.6784346,4205.077,0,0,100,1946
1787419303.7057505,4206.104,0,0,100,1946
1787419304.7367404,4207.135,0,0,100,1946
1787419305.7670863,4208.165,0,0,100,1946
1787419306.8003848,4209.198,0,0,100,1946
1787419307.8273664,4210.225,0,0,100,1946
1787419308.857113,4211.255,0,0,99,1946
1787419309.883331,4212.281,0,0,100,1946
1787419310.909912,4213.308,0,0,100,1946
1787419311.938441,4214.337,0,0,100,1946
1787419312.965027,4215.363,0,0,100,1946
1787419313.9918835,4216.39,0,0,100,1946
1787419315.0183263,4217.416,0,0,100,1946
1787419316.0481737,4218.446,0,0,100,1946
1787419317.0755422,4219.474,0,0,100,1946
1787419318.1062834,4220.504,0,0,100,1946
1787419319.136964,4221.535,0,0,99,1946
1787419320.163822,4222.562,0,0,100,1946
1787419321.1936665,4223.592,0,0,100,1946
1787419322.222707,4224.621,0,0,100,1946
1787419323.255559,4225.654,0,0,100,1946
1787419324.2859106,4226.684,0,0,100,1946
1787419325.312206,4227.71,0,0,100,1946
1787419326.3394551,4228.738,0,0,100,1946
1787419327.3722348,4229.77,0,0,100,1946
1787419328.399712,4230.798,0,0,100,1946
1787419329.429604,4231.828,0,0,99,1946
1787419330.46024,4232.858,0,0,100,1946
1787419331.4940429,4233.892,0,0,100,1946
1787419332.5209177,4234.919,0,0,100,1946
1787419333.5506725,4235.949,0,0,100,1946
1787419334.5810437,4236.979,0,0,100,1946
1787419335.6133816,4238.011,0,0,100,1946
1787419336.643078,4239.041,0,0,100,1946
1787419337.6746197,4240.073,0,0,100,1946
1787419338.7042813,4241.102,0,0,99,1946
1787419339.7331274,4242.131,0,0,100,1946
1787419340.7591798,4243.157,0,0,100,1946
1787419341.7870646,4244.185,0,0,100,1946
1787419342.8139634,4245.212,0,0,100,1946
1787419343.8453188,4246.243,0,0,100,1946
1787419344.8731725,4247.271,0,0,100,1946
1787419345.901419,4248.3,0,0,100,1946
1787419346.929096,4249.327,0,0,100,1946
1787419347.9570162,4250.355,0,0,100,1946
1787419348.983245,4251.381,0,0,100,1946
1787419350.0164762,4252.415,0,0,100,1946
1787419351.0443902,4253.442,0,0,100,1946
1787419352.075419,4254.474,0,0,100,1946
1787419353.1083562,4255.506,0,0,100,1946
1787419354.1395977,4256.538,0,0,100,1946
1787419355.1681228,4257.566,0,0,100,1946
1787419356.1981022,4258.596,0,0,100,1946
1787419357.2274294,4259.626,0,0,100,1946
1787419358.2583008,4260.656,0,0,99,1946
1787419359.2850215,4261.683,0,0,100,1946
1787419360.3131034,4262.711,0,0,100,1946
1787419361.3430777,4263.741,0,0,100,1946
1787419362.3710423,4264.769,0,0,100,1946
1787419363.3984373,4265.797,0,0,100,1946
1787419364.4280238,4266.826,0,0,100,1946
1787419365.4542522,4267.852,0,0,100,1946
1787419366.4821324,4268.88,0,0,100,1946
1787419367.5115042,4269.91,0,0,99,1946
1787419368.5420814,4270.94,0,0,100,1946
1787419369.5686824,4271.967,0,0,100,1946
1787419370.5990455,4272.997,0,0,100,1946
1787419371.6256242,4274.024,0,0,100,1946
1787419372.6598942,4275.058,0,0,100,1946
1787419373.6893072,4276.087,0,0,100,1946
1787419374.7193482,4277.117,0,0,100,1946
1787419375.745812,4278.144,0,0,100,1946
1787419376.7741992,4279.172,0,0,100,1946
1787419377.8014283,4280.2,0,0,99,1946
1787419378.8315628,4281.23,0,0,100,1946
1787419379.8581266,4282.256,0,0,100,1946
1787419380.8884153,4283.286,0,0,100,1946
1787419381.9187853,4284.317,0,0,100,1946
1787419382.9463713,4285.344,0,0,100,1946
1787419383.9805126,4286.379,0,0,100,1946
1787419385.0136302,4287.412,0,0,100,1946
1787419386.043241,4288.441,0,0,100,1946
1787419387.0741625,4289.472,0,0,100,1946
1787419388.1005387,4290.499,0,0,99,1946
1787419389.1293542,4291.527,0,0,100,1946
1787419390.1598935,4292.558,0,0,100,1946
1787419391.1877112,4293.586,0,0,100,1946
1787419392.21731,4294.615,0,0,100,1946
1787419393.2504137,4295.648,0,0,100,1946
1787419394.280478,4296.679,0,0,100,1946
1787419395.3088925,4297.707,0,0,100,1946
1787419396.336372,4298.734,0,0,99,1946
1787419397.371075,4299.769,0,0,100,1946
1787419398.4018486,4300.8,0,0,100,1946
1787419399.4307966,4301.829,0,0,100,1946
1787419400.4628205,4302.861,0,0,100,1946
1787419401.4955046,4303.894,0,0,100,1946
1787419402.5223799,4304.92,0,0,100,1946
1787419403.549674,4305.948,0,0,100,1946
1787419404.5821097,4306.98,0,0,100,1946
1787419405.6171136,4308.015,0,0,100,1946
1787419406.6484756,4309.047,0,0,99,1946
1787419407.6778193,4310.076,0,0,100,1946
1787419408.7048466,4311.103,0,0,100,1946
1787419409.733824,4312.132,0,0,100,1946
1787419410.762598,4313.161,0,0,100,1946
1787419411.7892118,4314.187,0,0,100,1946
1787419412.8206336,4315.219,0,0,100,1946
1787419413.8481266,4316.246,0,0,88,1946
1787419414.874381,4317.272,0,0,97,1946
1787419415.903118,4318.301,0,0,100,1946
1787419416.9329371,4319.331,0,0,99,1946
1787419417.9613636,4320.359,0,0,100,1946
1787419418.9890063,4321.387,0,0,100,1946
1787419420.0179994,4322.416,0,0,100,1946
1787419421.0495749,4323.448,0,0,100,1946
1787419422.0768282,4324.475,0,0,100,1946
1787419423.1064286,4325.505,0,0,100,1946
1787419424.133116,4326.531,0,0,100,1946
1787419425.1609607,4327.559,0,0,100,1946
1787419426.1904464,4328.589,0,0,100,1946
1787419427.2206912,4329.619,0,0,99,1946
1787419428.2487133,4330.647,0,0,100,1946
1787419429.2767751,4331.675,0,0,100,1946
1787419430.3085535,4332.707,0,0,100,1946
1787419431.3362548,4333.734,0,0,100,1946
1787419432.3627343,4334.761,0,0,100,1946
1787419433.392183,4335.79,0,0,100,1946
1787419434.422255,4336.82,0,0,100,1946
1787419435.4518595,4337.85,0,0,99,1946
1787419436.4789507,4338.877,0,0,100,1946
1787419437.5080209,4339.906,0,0,100,1946
1787419438.5407598,4340.939,0,0,100,1946
1787419439.5715442,4341.97,0,0,100,1946
1787419440.6006505,4342.999,0,0,100,1946
1787419441.628107,4344.026,0,0,100,1946
1787419442.6569386,4345.055,0,0,100,1946
1787419443.6843753,4346.082,0,0,100,1946
1787419444.7148843,4347.113,0,0,100,1946
1787419445.7425086,4348.141,0,0,100,1946
1787419446.7689645,4349.167,0,0,100,1946
1787419447.7977808,4350.196,0,0,100,1946
1787419448.8266783,4351.225,0,0,100,1946
1787419449.8539104,4352.252,0,0,100,1946
1787419450.8825438,4353.281,0,0,100,1946
1787419451.9138937,4354.312,0,0,100,1946
1787419452.9464378,4355.345,0,0,100,1946
1787419453.9728403,4356.371,0,0,100,1946
1787419454.9990036,4357.397,0,0,100,1946
1787419456.0263803,4358.424,0,0,100,1946
1787419457.0582912,4359.456,0,0,100,1946
1787419458.0856225,4360.484,0,0,100,1946
1787419459.115451,4361.514,0,0,100,1946
1787419460.1471367,4362.545,0,0,100,1946
1787419461.1728978,4363.571,0,0,100,1946
1787419462.2029922,4364.601,0,0,100,1946
1787419463.2292688,4365.627,0,0,100,1946
1787419464.257908,4366.656,0,0,100,1946
1787419465.285845,4367.684,0,0,100,1946
1787419466.3169546,4368.715,0,0,100,1946
1787419467.3457706,4369.744,0,0,100,1946
1787419468.3754117,4370.773,0,0,100,1946
1787419469.4065099,4371.805,0,0,100,1946
1787419470.4355788,4372.834,0,0,100,1946
1787419471.4648657,4373.863,0,0,100,1946
1787419472.4926188,4374.891,0,0,100,1946
1787419473.5217175,4375.92,0,0,100,1946
1787419474.550552,4376.949,0,0,100,1946
1787419475.5801356,4377.978,0,0,100,1946
1787419476.6085918,4379.007,0,0,100,1946
1787419477.6417897,4380.04,0,0,100,1946
1787419478.675456,4381.074,0,0,100,1946
1787419479.705454,4382.104,0,0,100,1946
1787419480.7305448,4383.129,0,0,100,1946
1787419481.7585914,4384.157,0,0,100,1946
1787419482.7884245,4385.187,0,0,100,1946
1787419483.8190804,4386.217,0,0,100,1946
1787419484.8483005,4387.246,0,0,100,1946
1787419485.8783302,4388.276,0,0,100,1946
1787419486.9083333,4389.306,0,0,100,1946
1787419487.9362688,4390.334,0,0,100,1946
1787419488.964141,4391.362,0,0,100,1946
1787419489.9957027,4392.394,0,0,100,1946
1787419491.022989,4393.421,0,0,100,1946
1787419492.0589192,4394.457,0,0,100,1946
1787419493.0869935,4395.485,0,0,100,1946
1787419494.1150177,4396.513,0,0,100,1946
1787419495.1430302,4397.541,0,0,100,1946
1787419496.1711562,4398.569,0,0,100,1946
1787419497.1969311,4399.595,0,0,100,1946
1787419498.2298727,4400.628,0,0,100,1946
1787419499.2563016,4401.654,0,0,100,1946
1787419500.286911,4402.685,0,0,100,1946
1787419501.3145096,4403.713,0,0,100,1946
1787419502.3427386,4404.741,0,0,100,1946
1787419503.370066,4405.768,0,0,100,1946
1787419504.401471,4406.8,0,0,100,1946
1787419505.42836,4407.826,0,0,100,1946
1787419506.4566212,4408.855,0,0,100,1946
1787419507.487844,4409.886,0,0,100,1946
1787419508.5165668,4410.915,0,0,100,1946
1787419509.5434802,4411.942,0,0,100,1946
1787419510.5719998,4412.97,0,0,100,1946
1787419511.6017287,4414.0,0,0,100,1946
1787419512.6280432,4415.026,0,0,100,1946
1787419513.657428,4416.056,0,0,100,1946
1787419514.686661,4417.085,0,0,100,1946
1787419515.7162988,4418.114,0,0,100,1946
1787419516.74569,4419.144,0,0,100,1946
1787419517.7779624,4420.176,0,0,100,1946
1787419518.8039243,4421.202,0,0,100,1946
1787419519.8364475,4422.235,0,0,100,1946
1787419520.863229,4423.261,0,0,99,1946
1787419521.8900464,4424.288,0,0,100,1946
1787419522.916656,4425.315,0,0,100,1946
1787419523.944428,4426.343,0,0,100,1946
1787419524.9718657,4427.37,0,0,100,1946
1787419525.9996562,4428.398,0,0,100,1946
1787419527.0288913,4429.427,0,0,100,1946
1787419528.0568671,4430.455,0,0,100,1946
1787419529.0852478,4431.483,0,0,100,1946
1787419530.1147413,4432.513,0,0,100,1946
1787419531.1428783,4433.541,0,0,99,1946
1787419532.1704102,4434.568,0,0,100,1946
1787419533.1996348,4435.598,0,0,100,1946
1787419534.2281284,4436.626,0,0,100,1946
1787419535.2562988,4437.654,0,0,100,1946
1787419536.285732,4438.684,0,0,100,1946
1787419537.314089,4439.712,0,0,100,1946
1787419538.3439455,4440.742,0,0,100,1946
1787419539.3729608,4441.771,0,0,100,1946
1787419540.4008827,4442.799,0,0,100,1946
1787419541.4325922,4443.831,0,0,99,1946
1787419542.4627035,4444.861,0,0,100,1946
1787419543.4950976,4445.893,0,0,100,1946
1787419544.521719,4446.92,0,0,100,1946
1787419545.5484416,4447.947,0,0,100,1946
1787419546.5781906,4448.976,0,0,100,1946
1787419547.6061385,4450.004,0,0,100,1946
1787419548.6338665,4451.032,0,0,100,1946
1787419549.6640024,4452.062,0,0,100,1946
1787419550.6943598,4453.092,0,0,100,1946
1787419551.7210684,4454.119,0,0,100,1946
1787419552.7504754,4455.149,0,0,100,1946
1787419553.7809603,4456.179,0,0,100,1946
1787419554.8089652,4457.207,0,0,100,1946
1787419555.8391097,4458.237,0,0,100,1946
1787419556.8698251,4459.268,0,0,100,1946
1787419557.8993616,4460.297,0,0,100,1946
1787419558.9277506,4461.326,0,0,100,1946
1787419559.957489,4462.356,0,0,99,1946
1787419560.9885225,4463.387,0,0,100,1946
1787419562.0186787,4464.417,0,0,100,1946
1787419563.049261,4465.447,0,0,100,1946
1787419564.0782242,4466.476,0,0,100,1946
1787419565.1049883,4467.503,0,0,100,1946
1787419566.137178,4468.535,0,0,100,1946
1787419567.1648746,4469.563,0,0,100,1946
1787419568.1998065,4470.598,0,0,100,1946
1787419569.2297487,4471.628,0,0,100,1946
1787419570.2618096,4472.66,0,0,99,1946
1787419571.2892013,4473.687,0,0,100,1946
1787419572.3221986,4474.72,0,0,100,1946
1787419573.3550203,4475.753,0,0,100,1946
1787419574.385408,4476.783,0,0,100,1946
1787419575.4157093,4477.814,0,0,100,1946
1787419576.4449348,4478.843,0,0,100,1946
1787419577.4714253,4479.87,0,0,100,1946
1787419578.5038903,4480.902,0,0,100,1946
1787419579.5312328,4481.929,0,0,99,1946
1787419580.557311,4482.955,0,0,100,1946
1787419581.5852666,4483.983,0,0,100,1946
1787419582.6123257,4485.01,0,0,100,1946
1787419583.6417215,4486.04,0,0,100,1946
1787419584.6715662,4487.07,0,0,100,1946
1787419585.698445,4488.097,0,0,100,1946
1787419586.7270365,4489.125,0,0,100,1946
1787419587.753926,4490.152,0,0,100,1946
1787419588.7857306,4491.184,0,0,100,1946
1787419589.81841,4492.216,0,0,99,1946
1787419590.8482535,4493.246,0,0,100,1946
1787419591.8812177,4494.279,0,0,100,1946
1787419592.9107194,4495.309,0,0,100,1946
1787419593.9398792,4496.338,0,0,100,1946
1787419594.9675868,4497.366,0,0,100,1946
1787419595.997586,4498.396,0,0,100,1946
1787419597.026123,4499.424,0,0,100,1946
1787419598.0527241,4500.451,0,0,100,1946
1787419599.082024,4501.48,0,0,99,1946
1787419600.1086972,4502.507,0,0,100,1946
1787419601.136355,4503.534,0,0,100,1946
1787419602.1678436,4504.566,0,0,100,1946
1787419603.1945965,4505.593,0,0,100,1946
1787419604.2212806,4506.619,0,0,100,1946
1787419605.2505288,4507.649,0,0,100,1946
1787419606.2782109,4508.676,0,0,100,1946
1787419607.3047628,4509.703,0,0,100,1946
1787419608.3340533,4510.732,0,0,99,1946
1787419609.362236,4511.76,0,0,100,1946
1787419610.3917098,4512.79,0,0,100,1946
1787419611.42452,4513.823,0,0,100,1946
1787419612.4536455,4514.852,0,0,100,1946
1787419613.486415,4515.884,0,0,100,1946
1787419614.5180168,4516.916,0,0,100,1946
1787419615.5476644,4517.946,0,0,100,1946
1787419616.5750654,4518.973,0,0,100,1946
1787419617.6024253,4520.001,0,0,100,1946
1787419618.6349287,4521.033,0,0,99,1946
1787419619.6612628,4522.059,0,0,100,1946
1787419620.6922324,4523.09,0,0,100,1946
1787419621.7218816,4524.12,0,0,100,1946
1787419622.7486424,4525.147,0,0,100,1946
1787419623.77609,4526.174,0,0,100,1946
1787419624.806487,4527.205,0,0,100,1946
1787419625.8368294,4528.235,0,0,100,1946
1787419626.8670814,4529.265,0,0,100,1946
1787419627.8953748,4530.293,0,0,100,1946
1787419628.9269075,4531.325,0,0,99,1946
1787419629.9599025,4532.358,0,0,100,1946
1787419630.9893582,4533.387,0,0,100,1946
1787419632.017201,4534.415,0,0,100,1946
1787419633.0506597,4535.449,0,0,100,1946
1787419634.0816097,4536.48,0,0,100,1946
1787419635.1157086,4537.514,0,0,100,1946
1787419636.1450722,4538.543,0,0,100,1946
1787419637.1718874,4539.57,0,0,99,1946
1787419638.2003329,4540.598,0,0,100,1946
1787419639.2287579,4541.627,0,0,100,1946
1787419640.2557223,4542.654,0,0,100,1946
1787419641.2833865,4543.681,0,0,100,1946
1787419642.3128483,4544.711,0,0,100,1946
1787419643.3456683,4545.744,0,0,100,1946
1787419644.3755276,4546.774,0,0,100,1946
1787419645.4048865,4547.803,0,0,100,1946
1787419646.4341543,4548.832,0,0,100,1946
1787419647.4612193,4549.859,0,0,99,1946
1787419648.4913423,4550.889,0,0,100,1946
1787419649.5206618,4551.919,0,0,100,1946
1787419650.54823,4552.946,0,0,100,1946
1787419651.5769563,4553.975,0,0,100,1946
1787419652.6028488,4555.001,0,0,100,1946
1787419653.6330767,4556.031,0,0,100,1946
1787419654.6605709,4557.059,0,0,100,1946
1787419655.6915996,4558.09,0,0,100,1946
1787419656.7217908,4559.12,0,0,100,1946
1787419657.7498877,4560.148,0,0,99,1946
1787419658.779551,4561.178,0,0,100,1946
1787419659.8073807,4562.205,0,0,100,1946
1787419660.8371294,4563.235,0,0,100,1946
1787419661.8646066,4564.263,0,0,100,1946
1787419662.8936334,4565.292,0,0,100,1946
1787419663.922029,4566.32,0,0,100,1946
1787419664.9488256,4567.347,0,0,100,1946
1787419665.9752502,4568.373,0,0,100,1946
1787419667.009233,4569.407,0,0,100,1946
1787419668.0372472,4570.435,0,0,99,1946
1787419669.0703597,4571.468,0,0,100,1946
1787419670.1005034,4572.499,0,0,100,1946
1787419671.1289268,4573.527,0,0,100,1946
1787419672.158714,4574.557,0,0,100,1946
1787419673.1856358,4575.584,0,0,100,1946
1787419674.214704,4576.613,0,0,100,1946
1787419675.2453816,4577.643,0,0,100,1946
1787419676.276973,4578.675,0,0,99,1946
1787419677.3050585,4579.703,0,0,100,1946
1787419678.3328536,4580.731,0,0,100,1946
1787419679.3617125,4581.76,0,0,100,1946
1787419680.3884437,4582.787,0,0,100,1946
1787419681.4179626,4583.816,0,0,100,1946
1787419682.4443638,4584.842,0,0,100,1946
1787419683.474021,4585.872,0,0,100,1946
1787419684.5039613,4586.902,0,0,100,1946
1787419685.5349953,4587.933,0,0,100,1946
1787419686.5616803,4588.96,0,0,99,1946
1787419687.593874,4589.992,0,0,100,1946
1787419688.6213598,4591.019,0,0,100,1946
1787419689.6508873,4592.049,0,0,100,1946
1787419690.6782956,4593.076,0,0,100,1946
1787419691.7096226,4594.108,0,0,100,1946
1787419692.7411165,4595.139,0,0,100,1946
1787419693.7732413,4596.171,0,0,100,1946
1787419694.8034463,4597.202,0,0,100,1946
1787419695.8312628,4598.229,0,0,100,1946
1787419696.8593526,4599.257,0,0,99,1946
1787419697.888838,4600.287,0,0,100,1946
1787419698.9147735,4601.313,0,0,100,1946
1787419699.9414515,4602.34,0,0,100,1946
1787419700.9698331,4603.368,0,0,100,1946
1787419701.9972725,4604.395,0,0,100,1946
1787419703.0264053,4605.424,0,0,100,1946
1787419704.059094,4606.457,0,0,100,1946
1787419705.089857,4607.488,0,0,100,1946
1787419706.1168616,4608.515,0,0,99,1946
1787419707.1452472,4609.543,0,0,100,1946
1787419708.174393,4610.572,0,0,100,1946
1787419709.2007942,4611.599,0,0,100,1946
1787419710.2319765,4612.63,0,0,100,1946
1787419711.2654102,4613.663,0,0,100,1946
1787419712.2921145,4614.69,0,0,100,1946
1787419713.318596,4615.717,0,0,100,1946
1787419714.3468735,4616.745,0,0,100,1946
1787419715.3728166,4617.771,0,0,99,1946
1787419716.403224,4618.801,0,0,100,1946
1787419717.4339213,4619.832,0,0,100,1946
1787419718.4634671,4620.862,0,0,100,1946
1787419719.492857,4621.891,0,0,100,1946
1787419720.5222397,4622.92,0,0,100,1946
1787419721.551572,4623.95,0,0,100,1946
1787419722.5787222,4624.977,0,0,100,1946
1787419723.6088126,4626.007,0,0,100,1946
1787419724.6362112,4627.034,0,0,100,1946
1787419725.6669297,4628.065,0,0,99,1946
1787419726.694332,4629.092,0,0,100,1946
1787419727.7266579,4630.125,0,0,100,1946
1787419728.7578664,4631.156,0,0,100,1946
1787419729.787665,4632.186,0,0,100,1946
1787419730.8139143,4633.212,0,0,100,1946
1787419731.8428483,4634.241,0,0,100,1946
1787419732.8704166,4635.269,0,0,100,1946
1787419733.9006286,4636.299,0,0,100,1946
1787419734.9331846,4637.331,0,0,99,1946
1787419735.9659,4638.364,0,0,100,1946
1787419736.9932308,4639.391,0,0,100,1946
1787419738.024169,4640.422,0,0,100,1946
1787419739.0505354,4641.449,0,0,100,1946
1787419740.0795174,4642.478,0,0,100,1946
1787419741.113247,4643.511,0,0,100,1946
1787419742.1420434,4644.54,0,0,100,1946
1787419743.1685884,4645.567,0,0,100,1946
1787419744.1953444,4646.593,0,0,100,1946
1787419745.226731,4647.625,0,0,99,1946
1787419746.2527244,4648.651,0,0,100,1946
1787419747.2846634,4649.683,0,0,100,1946
1787419748.3139794,4650.712,0,0,100,1946
1787419749.3411193,4651.739,0,0,100,1946
1787419750.3675709,4652.766,0,0,100,1946
1787419751.39588,4653.794,0,0,100,1946
1787419752.4225504,4654.821,0,0,100,1946
1787419753.4533892,4655.851,0,0,100,1946
1787419754.4827137,4656.881,0,0,99,1946
1787419755.514979,4657.913,0,0,100,1946
1787419756.5415046,4658.94,0,0,100,1946
1787419757.5727508,4659.971,0,0,100,1946
1787419758.6062963,4661.004,0,0,100,1946
1787419759.6364958,4662.035,0,0,100,1946
1787419760.6663716,4663.064,0,0,100,1946
1787419761.6972206,4664.095,0,0,100,1946
1787419762.7236006,4665.122,0,0,100,1946
1787419763.7507112,4666.149,0,0,99,1946
1787419764.7776654,4667.176,0,0,100,1946
1787419765.805688,4668.204,0,0,100,1946
1787419766.8381975,4669.236,0,0,100,1946
1787419767.868899,4670.267,0,0,100,1946
1787419768.8953993,4671.293,0,0,100,1946
1787419769.9261932,4672.324,0,0,100,1946
1787419770.9538612,4673.352,0,0,100,1946
1787419771.986469,4674.385,0,0,100,1946
1787419773.01438,4675.412,0,0,100,1946
1787419774.049358,4676.447,0,0,99,1946
1787419775.07865,4677.477,0,0,100,1946
1787419776.1086676,4678.507,0,0,100,1946
1787419777.1419454,4679.54,0,0,100,1946
1787419778.1706858,4680.569,0,0,100,1946
1787419779.199254,4681.597,0,0,100,1946
1787419780.2266653,4682.625,0,0,100,1946
1787419781.2558541,4683.654,0,0,100,1946
1787419782.2817893,4684.68,0,0,100,1946
1787419783.3142524,4685.712,0,0,100,1946
1787419784.3452594,4686.743,0,0,99,1946
1787419785.3752036,4687.773,0,0,100,1946
1787419786.4031184,4688.801,0,0,100,1946
1787419787.4326656,4689.831,0,0,100,1946
1787419788.4662075,4690.864,0,0,100,1946
1787419789.4995058,4691.898,0,0,100,1946
1787419790.5300183,4692.928,0,0,100,1946
1787419791.5563114,4693.954,0,0,84,1946
1787419792.5892186,4694.987,0,0,99,1946
1787419793.6157906,4696.014,0,0,100,1946
1787419794.6461058,4697.044,0,0,100,1946
1787419795.6744797,4698.073,0,0,100,1946
1787419796.7050095,4699.103,0,0,100,1946
1787419797.7342863,4700.132,0,0,100,1946
1787419798.764815,4701.163,0,0,100,1946
1787419799.791829,4702.19,0,0,100,1946
1787419800.8207245,4703.219,0,0,100,1946
1787419801.8470585,4704.245,0,0,100,1946
1787419802.874378,4705.272,0,0,99,1946
1787419803.9077806,4706.306,0,0,100,1946
1787419804.93743,4707.336,0,0,100,1946
1787419805.9720912,4708.37,0,0,100,1946
1787419806.9986022,4709.397,0,0,100,1946
1787419808.0276372,4710.426,0,0,100,1946
1787419809.0596237,4711.458,0,0,100,1946
1787419810.0899591,4712.488,0,0,100,1946
1787419811.120451,4713.519,0,0,100,1946
1787419812.1469226,4714.545,0,0,100,1946
1787419813.1736817,4715.572,0,0,99,1946
1787419814.2047434,4716.603,0,0,100,1946
1787419815.2342021,4717.632,0,0,100,1946
1787419816.2631872,4718.661,0,0,100,1946
1787419817.2961092,4719.694,0,0,100,1946
1787419818.3221834,4720.72,0,0,100,1946
1787419819.3500807,4721.748,0,0,100,1946
1787419820.3779528,4722.776,0,0,100,1946
1787419821.4076462,4723.806,0,0,100,1946
1787419822.4368725,4724.835,0,0,99,1946
1787419823.4657643,4725.864,0,0,100,1946
1787419824.4922245,4726.89,0,0,100,1946
1787419825.520663,4727.919,0,0,100,1946
1787419826.5523198,4728.95,0,0,100,1946
1787419827.5842679,4729.982,0,0,100,1946
1787419828.6112597,4731.009,0,0,100,1946
1787419829.6414366,4732.04,0,0,100,1946
1787419830.668022,4733.066,0,0,100,1946
1787419831.694072,4734.092,0,0,100,1946
1787419832.7221127,4735.12,0,0,100,1946
1787419833.751966,4736.15,0,0,100,1946
1787419834.7823658,4737.18,0,0,100,1946
1787419835.811104,4738.209,0,0,100,1946
1787419836.8377175,4739.236,0,0,100,1946
1787419837.8649592,4740.263,0,0,100,1946
1787419838.8932323,4741.291,0,0,100,1946
1787419839.9235013,4742.322,0,0,100,1946
1787419840.952916,4743.351,0,0,100,1946
1787419841.9802408,4744.378,0,0,99,1946
1787419843.0110774,4745.409,0,0,100,1946
1787419844.0389473,4746.437,0,0,100,1946
1787419845.0651832,4747.463,0,0,100,1946
1787419846.0912929,4748.489,0,0,100,1946
1787419847.1220186,4749.52,0,0,100,1946
1787419848.149092,4750.547,0,0,100,1946
1787419849.1756442,4751.574,0,0,100,1946
1787419850.2027402,4752.601,0,0,100,1946
1787419851.2302337,4753.628,0,0,100,1946
1787419852.2569566,4754.655,0,0,99,1946
1787419853.285185,4755.683,0,0,100,1946
1787419854.315131,4756.713,0,0,100,1946
1787419855.343435,4757.742,0,0,100,1946
1787419856.3712645,4758.769,0,0,100,1946
1787419857.4035947,4759.802,0,0,100,1946
1787419858.4628115,4760.861,0,0,100,1946
1787419859.491101,4761.889,0,0,100,1946
1787419860.5201886,4762.918,0,0,100,1946
1787419861.5500264,4763.948,0,0,99,1946
1787419862.583679,4764.982,0,0,100,1946
1787419863.6138933,4766.012,0,0,100,1946
1787419864.6419914,4767.04,0,0,100,1946
1787419865.6712234,4768.069,0,0,100,1946
1787419866.6983116,4769.096,0,0,100,1946
1787419867.7298393,4770.128,0,0,100,1946
1787419868.761291,4771.159,0,0,100,1946
1787419869.7896519,4772.188,0,0,100,1946
1787419870.8176637,4773.216,0,0,100,1946
1787419871.8506517,4774.249,0,0,99,1946
1787419872.877678,4775.276,0,0,100,1946
1787419873.905201,4776.303,0,0,100,1946
1787419874.9333687,4777.331,0,0,100,1946
1787419875.966105,4778.364,0,0,100,1946
1787419876.9989097,4779.397,0,0,100,1946
1787419878.0264056,4780.424,0,0,100,1946
1787419879.0555837,4781.454,0,0,100,1946
1787419880.0831296,4782.481,0,0,100,1946
1787419881.1238158,4783.522,0,0,99,1946
1787419882.1522467,4784.55,0,0,100,1946
1787419883.181811,4785.58,0,0,100,1946
1787419884.2072203,4786.605,0,0,100,1946
1787419885.2353106,4787.633,0,0,100,1946
1787419886.2629666,4788.661,0,0,100,1946
1787419887.2934484,4789.692,0,0,100,1946
1787419888.321647,4790.72,0,0,100,1946
1787419889.350214,4791.748,0,0,100,1946
1787419890.3798707,4792.778,0,0,99,1946
1787419891.4120672,4793.81,0,0,100,1946
1787419892.4423385,4794.84,0,0,100,1946
1787419893.470393,4795.868,0,0,100,1946
1787419894.4978142,4796.896,0,0,100,1946
1787419895.5313976,4797.929,0,0,100,1946
1787419896.5606449,4798.959,0,0,100,1946
1787419897.5896893,4799.988,0,0,100,1946
1787419898.6223533,4801.02,0,0,100,1946
1787419899.650042,4802.048,0,0,100,1946
1787419900.6787422,4803.077,0,0,99,1946
1787419901.7096727,4804.108,0,0,100,1946
1787419902.7378137,4805.136,0,0,100,1946
1787419903.767958,4806.166,0,0,100,1946
1787419904.7958696,4807.194,0,0,100,1946
1787419905.8221316,4808.22,0,0,100,1946
1787419906.848639,4809.247,0,0,100,1946
1787419907.8815782,4810.28,0,0,100,1946
1787419908.9157875,4811.314,0,0,100,1946
1787419909.944031,4812.342,0,0,100,1946
1787419910.9779766,4813.376,0,0,99,1946
1787419912.0036314,4814.402,0,0,100,1946
1787419913.0306761,4815.429,0,0,100,1946
1787419914.0571349,4816.455,0,0,100,1946
1787419915.0847335,4817.483,0,0,100,1946
1787419916.1207228,4818.519,0,0,100,1946
1787419917.14763,4819.546,0,0,100,1946
1787419918.1765723,4820.575,0,0,100,1946
1787419919.2036805,4821.602,0,0,99,1946
1787419920.2344112,4822.632,0,0,100,1946
1787419921.261935,4823.66,0,0,100,1946
1787419922.2887182,4824.687,0,0,100,1946
1787419923.321598,4825.72,0,0,100,1946
1787419924.3502622,4826.748,0,0,100,1946
1787419925.381562,4827.78,0,0,100,1946
1787419926.4115727,4828.81,0,0,100,1946
1787419927.4460726,4829.844,0,0,100,1946
1787419928.472644,4830.871,0,0,100,1946
1787419929.5054808,4831.904,0,0,99,1946
1787419930.5314665,4832.93,0,0,100,1946
1787419931.558194,4833.956,0,0,100,1946
1787419932.5881958,4834.986,0,0,100,1946
1787419933.6183393,4836.016,0,0,100,1946
1787419934.648675,4837.047,0,0,100,1946
1787419935.6750634,4838.073,0,0,100,1946
1787419936.704012,4839.102,0,0,100,1946
1787419937.7301233,4840.128,0,0,100,1946
1787419938.7562234,4841.154,0,0,100,1946
1787419939.7865005,4842.185,0,0,99,1946
1787419940.8126776,4843.211,0,0,100,1946
1787419941.840928,4844.239,0,0,100,1946
1787419942.8713114,4845.269,0,0,100,1946
1787419943.89886,4846.297,0,0,100,1946
1787419944.9249756,4847.323,0,0,100,1946
1787419945.9544535,4848.353,0,0,100,1946
1787419946.985073,4849.383,0,0,100,1946
1787419948.0151231,4850.413,0,0,100,1946
1787419949.043412,4851.441,0,0,99,1946
1787419950.076047,4852.474,0,0,100,1946
1787419951.1066792,4853.505,0,0,100,1946
1787419952.1398466,4854.538,0,0,100,1946
1787419953.165921,4855.564,0,0,100,1946
1787419954.194169,4856.592,0,0,100,1946
1787419955.2270513,4857.625,0,0,100,1946
1787419956.2536385,4858.652,0,0,100,1946
1787419957.2810256,4859.679,0,0,100,1946
1787419958.3071954,4860.705,0,0,99,1946
1787419959.335455,4861.734,0,0,100,1946
1787419960.3640082,4862.762,0,0,100,1946
1787419961.3904624,4863.789,0,0,100,1946
1787419962.4193063,4864.817,0,0,100,1946
1787419963.4495099,4865.848,0,0,100,1946
1787419964.4829485,4866.881,0,0,100,1946
1787419965.5094764,4867.908,0,0,100,1946
1787419966.5358136,4868.934,0,0,100,1946
1787419967.5651374,4869.963,0,0,100,1946
1787419968.596599,4870.995,0,0,99,1946
1787419969.6245356,4872.023,0,0,100,1946
1787419970.6543832,4873.052,0,0,100,1946
1787419971.6845937,4874.083,0,0,100,1946
1787419972.7172494,4875.115,0,0,100,1946
1787419973.7474747,4876.146,0,0,100,1946
1787419974.779157,4877.177,0,0,100,1946
1787419975.8078916,4878.206,0,0,100,1946
1787419976.8352544,4879.233,0,0,100,1946
1787419977.8636055,4880.262,0,0,99,1946
1787419978.8923988,4881.29,0,0,100,1946
1787419979.9200544,4882.318,0,0,100,1946
1787419980.953866,4883.352,0,0,100,1946
1787419981.9837058,4884.382,0,0,100,1946
1787419983.0164788,4885.415,0,0,100,1946
1787419984.0458524,4886.444,0,0,100,1946
1787419985.0721684,4887.47,0,0,100,1946
1787419986.100525,4888.499,0,0,100,1946
1787419987.1354609,4889.534,0,0,100,1946
1787419988.1658192,4890.564,0,0,99,1946
1787419989.1941073,4891.592,0,0,100,1946
1787419990.2218184,4892.62,0,0,100,1946
1787419991.2510643,4893.649,0,0,100,1946
1787419992.277575,4894.676,0,0,100,1946
1787419993.3057632,4895.704,0,0,100,1946
1787419994.339932,4896.738,0,0,100,1946
1787419995.3690076,4897.767,0,0,100,1946
1787419996.4007213,4898.799,0,0,100,1946
1787419997.4317377,4899.83,0,0,99,1946
1787419998.4642208,4900.862,0,0,100,1946
1787419999.4944038,4901.892,0,0,100,1946
1787420000.5250409,4902.923,0,0,100,1946
1787420001.553255,4903.951,0,0,100,1946
1787420002.5811749,4904.979,0,0,100,1946
1787420003.6156852,4906.014,0,0,100,1946
1787420004.6447535,4907.043,0,0,100,1946
1787420005.6713092,4908.069,0,0,100,1946
1787420006.7020457,4909.1,0,0,99,1946
1787420007.7318861,4910.13,0,0,100,1946
1787420008.7588408,4911.157,0,0,100,1946
1787420009.7919476,4912.19,0,0,100,1946
1787420010.821066,4913.219,0,0,100,1946
1787420011.8538594,4914.252,0,0,100,1946
1787420012.8811953,4915.279,0,0,100,1946
1787420013.90866,4916.307,0,0,100,1946
1787420014.9386168,4917.337,0,0,100,1946
1787420015.9659648,4918.364,0,0,100,1946
1787420016.9925199,4919.391,0,0,99,1946
1787420018.0204794,4920.419,0,0,100,1946
1787420019.049784,4921.448,0,0,100,1946
1787420020.0816865,4922.48,0,0,100,1946
1787420021.1132145,4923.511,0,0,100,1946
1787420022.1415157,4924.54,0,0,100,1946
1787420023.1731987,4925.571,0,0,100,1946
1787420024.202472,4926.601,0,0,100,1946
1787420025.230522,4927.629,0,0,100,1946
1787420026.2602115,4928.658,0,0,100,1946
1787420027.290032,4929.688,0,0,99,1946
1787420028.3187666,4930.717,0,0,100,1946
1787420029.3514776,4931.75,0,0,99,1946
1787420030.3834722,4932.782,0,0,100,1946
1787420031.417157,4933.815,0,0,100,1946
1787420032.4441392,4934.842,0,0,100,1946
1787420033.4755774,4935.874,0,0,100,1946
1787420034.505645,4936.904,0,0,100,1946
1787420035.5354705,4937.934,0,0,99,1946
1787420036.5625432,4938.961,0,0,100,1946
1787420037.5922923,4939.99,0,0,100,1946
1787420038.6249616,4941.023,0,0,100,1946
1787420039.6513062,4942.049,0,0,100,1946
1787420040.6825573,4943.081,0,0,100,1946
1787420041.7138813,4944.112,0,0,100,1946
1787420042.7402124,4945.138,0,0,100,1946
1787420043.7672875,4946.165,0,0,100,1946
1787420044.7997358,4947.198,0,0,100,1946
1787420045.8290453,4948.227,0,0,99,1946
1787420046.8593738,4949.257,0,0,100,1946
1787420047.8889403,4950.287,0,0,100,1946
1787420048.921794,4951.32,0,0,100,1946
1787420049.9517095,4952.35,0,0,100,1946
1787420050.9836838,4953.382,0,0,100,1946
1787420052.0124729,4954.411,0,0,100,1946
1787420053.0416942,4955.44,0,0,100,1946
1787420054.0697565,4956.468,0,0,100,1946
1787420055.0986683,4957.497,0,0,100,1946
1787420056.1276612,4958.526,0,0,99,1946
1787420057.159773,4959.558,0,0,100,1946
1787420058.1900568,4960.588,0,0,100,1946
1787420059.2163794,4961.614,0,0,100,1946
1787420060.2453883,4962.643,0,0,100,1946
1787420061.273644,4963.672,0,0,100,1946
1787420062.299838,4964.698,0,0,100,1946
1787420063.3277407,4965.726,0,0,100,1946
1787420064.3587217,4966.757,0,0,100,1946
1787420065.391565,4967.79,0,0,99,1946
1787420066.425202,4968.823,0,0,100,1946
1787420067.4551024,4969.853,0,0,100,1946
1787420068.4824066,4970.88,0,0,100,1946
1787420069.5107932,4971.909,0,0,100,1946
1787420070.5379095,4972.936,0,0,100,1946
1787420071.5675695,4973.966,0,0,100,1946
1787420072.5973365,4974.995,0,0,100,1946
1787420073.626598,4976.025,0,0,100,1946
1787420074.6547406,4977.053,0,0,99,1946
1787420075.6849673,4978.083,0,0,100,1946
1787420076.7116203,4979.11,0,0,100,1946
1787420077.7410707,4980.139,0,0,100,1946
1787420078.7685459,4981.167,0,0,100,1946
1787420079.7985559,4982.197,0,0,100,1946
1787420080.8249125,4983.223,0,0,100,1946
1787420081.853206,4984.251,0,0,100,1946
1787420082.9032204,4985.301,0,0,100,1946
1787420083.9389725,4986.337,0,0,100,1946
1787420084.9724333,4987.371,0,0,99,1946
1787420086.0024657,4988.401,0,0,100,1946
1787420087.0348444,4989.433,0,0,100,1946
1787420088.0673227,4990.465,0,0,100,1946
1787420089.0953372,4991.493,0,0,100,1946
1787420090.1249483,4992.523,0,0,100,1946
1787420091.1530275,4993.551,0,0,100,1946
1787420092.1790764,4994.577,0,0,100,1946
1787420093.2071137,4995.605,0,0,100,1946
1787420094.2360048,4996.634,0,0,99,1946
1787420095.2627668,4997.661,0,0,100,1946
1787420096.2898982,4998.688,0,0,100,1946
1787420097.315967,4999.714,0,0,100,1946
1787420098.3421314,5000.74,0,0,100,1946
1787420099.370828,5001.769,0,0,100,1946
1787420100.398067,5002.796,0,0,100,1946
1787420101.42825,5003.826,0,0,100,1946
1787420102.460478,5004.859,0,0,100,1946
1787420103.4873564,5005.885,0,0,100,1946
1787420104.5167377,5006.915,0,0,99,1946
1787420105.5437336,5007.942,0,0,100,1946
1787420106.5728273,5008.971,0,0,100,1946
1787420107.6002743,5009.998,0,0,100,1946
1787420108.6307378,5011.029,0,0,100,1946
1787420109.658108,5012.056,0,0,100,1946
1787420110.685334,5013.083,0,0,100,1946
1787420111.7128754,5014.111,0,0,100,1946
1787420112.7426364,5015.141,0,0,100,1946
1787420113.769658,5016.168,0,0,99,1946
1787420114.7958992,5017.194,0,0,100,1946
1787420115.8249817,5018.223,0,0,100,1946
1787420116.8539116,5019.252,0,0,100,1946
1787420117.8812745,5020.279,0,0,100,1946
1787420118.9076674,5021.306,0,0,100,1946
1787420119.9352632,5022.333,0,0,100,1946
1787420120.964282,5023.362,0,0,100,1946
1787420121.9948342,5024.393,0,0,100,1946
1787420123.025383,5025.423,0,0,100,1946
1787420124.052447,5026.451,0,0,100,1946
1787420125.082117,5027.48,0,0,100,1946
1787420126.108025,5028.506,0,0,100,1946
1787420127.137192,5029.535,0,0,100,1946
1787420128.1668742,5030.565,0,0,100,1946
1787420129.1967814,5031.595,0,0,100,1946
1787420130.2265983,5032.625,0,0,100,1946
1787420131.2535145,5033.652,0,0,100,1946
1787420132.2812872,5034.679,0,0,100,1946
1787420133.3084173,5035.707,0,0,99,1946
1787420134.3381011,5036.736,0,0,100,1946
1787420135.365124,5037.763,0,0,100,1946
1787420136.3931396,5038.791,0,0,100,1946
1787420137.419996,5039.818,0,0,100,1946
1787420138.4472194,5040.845,0,0,100,1946
1787420139.4737735,5041.872,0,0,100,1946
1787420140.5015602,5042.9,0,0,100,1946
1787420141.5335414,5043.932,0,0,100,1946
1787420142.5595505,5044.958,0,0,100,1946
1787420143.5894668,5045.988,0,0,99,1946
1787420144.62194,5047.02,0,0,100,1946
1787420145.6527634,5048.051,0,0,100,1946
1787420146.679418,5049.078,0,0,100,1946
1787420147.7087395,5050.107,0,0,100,1946
1787420148.735932,5051.134,0,0,100,1946
1787420149.7621076,5052.16,0,0,100,1946
1787420150.7950838,5053.193,0,0,100,1946
1787420151.8229249,5054.221,0,0,100,1946
1787420152.8524995,5055.251,0,0,100,1946
1787420153.8815079,5056.28,0,0,100,1946
1787420154.9112418,5057.309,0,0,100,1946
1787420155.9399052,5058.338,0,0,100,1946
1787420156.9699264,5059.368,0,0,100,1946
1787420157.996263,5060.394,0,0,100,1946
1787420159.0283968,5061.426,0,0,100,1946
1787420160.0585103,5062.457,0,0,99,1946
1787420161.0873032,5063.485,0,0,100,1946
1787420162.1171145,5064.515,0,0,99,1946
1787420163.1451318,5065.543,0,0,100,1946
1787420164.1792812,5066.577,0,0,100,1946
1787420165.208932,5067.607,0,0,100,1946
1787420166.2354996,5068.634,0,0,100,1946
1787420167.2649734,5069.663,0,0,100,1946
1787420168.29543,5070.694,0,0,100,1946
1787420169.3240063,5071.722,0,0,100,1946
1787420170.3514216,5072.75,0,0,100,1946
1787420171.384628,5073.783,0,0,100,1946
1787420172.4106376,5074.809,0,0,99,1946
1787420173.4374876,5075.836,0,0,100,1946
1787420174.4674578,5076.866,0,0,100,1946
1787420175.4976969,5077.896,0,0,100,1946
1787420176.526545,5078.925,0,0,100,1946
1787420177.5585034,5079.957,0,0,100,1946
1787420178.5871673,5080.985,0,0,100,1946
1787420179.613209,5082.011,0,0,100,1946
1787420180.6410382,5083.039,0,0,100,1946
1787420181.6708984,5084.069,0,0,100,1946
1787420182.6964412,5085.095,0,0,99,1946
1787420183.7229,5086.121,0,0,100,1946
1787420184.7500932,5087.148,0,0,100,1946
1787420185.7776756,5088.176,0,0,100,1946
1787420186.8040602,5089.202,0,0,100,1946
1787420187.8307137,5090.229,0,0,100,1946
1787420188.8592575,5091.257,0,0,100,1946
1787420189.8895319,5092.288,0,0,100,1946
1787420190.9156795,5093.314,0,0,100,1946
1787420191.9435446,5094.342,0,0,99,1946
1787420192.971965,5095.37,0,0,100,1946
1787420194.0020633,5096.4,0,0,100,1946
1787420195.028857,5097.427,0,0,100,1946
1787420196.0549965,5098.453,0,0,100,1946
1787420197.0858064,5099.484,0,0,100,1946
1787420198.1122558,5100.51,0,0,100,1946
1787420199.1479526,5101.546,0,0,100,1946
1787420200.1747878,5102.573,0,0,100,1946
1787420201.200435,5103.599,0,0,99,1946
1787420202.2286239,5104.627,0,0,100,1946
1787420203.2566824,5105.655,0,0,100,1946
1787420204.2841625,5106.682,0,0,100,1946
1787420205.3104274,5107.709,0,0,100,1946
1787420206.347227,5108.745,0,0,100,1946
1787420207.3750966,5109.773,0,0,100,1946
1787420208.4053273,5110.803,0,0,100,1946
1787420209.4349744,5111.833,0,0,100,1946
1787420210.4628398,5112.861,0,0,100,1946
1787420211.495775,5113.894,0,0,99,1946
1787420212.5262144,5114.924,0,0,100,1946
1787420213.5568206,5115.955,0,0,100,1946
1787420214.584305,5116.982,0,0,100,1946
1787420215.6144054,5118.012,0,0,100,1946
1787420216.644446,5119.043,0,0,100,1946
1787420217.6755893,5120.074,0,0,100,1946
1787420218.7052581,5121.103,0,0,100,1946
1787420219.7355602,5122.134,0,0,100,1946
1787420220.7654011,5123.163,0,0,99,1946
1787420221.7950432,5124.193,0,0,100,1946
1787420222.8225334,5125.221,0,0,100,1946
1787420223.8554633,5126.254,0,0,100,1946
1787420224.8853006,5127.283,0,0,100,1946
1787420225.913259,5128.311,0,0,100,1946
1787420226.9428988,5129.341,0,0,100,1946
1787420227.97156,5130.37,0,0,100,1946
1787420228.9984195,5131.397,0,0,100,1946
1787420230.0257936,5132.424,0,0,100,1946
1787420231.0528889,5133.451,0,0,99,1946
1787420232.0799692,5134.478,0,0,100,1946
1787420233.106507,5135.505,0,0,99,1946
1787420234.1346366,5136.533,0,0,100,1946
1787420235.1650355,5137.563,0,0,85,1946
1787420236.193716,5138.592,0,0,100,1946
1787420237.227112,5139.625,0,0,100,1946
1787420238.2597399,5140.658,0,0,100,1946
1787420239.2915359,5141.69,0,0,100,1946
1787420240.321821,5142.72,0,0,99,1946
1787420241.3551104,5143.753,0,0,100,1946
1787420242.3828838,5144.781,0,0,100,1946
1787420243.4102838,5145.808,0,0,100,1946
1787420244.4409935,5146.839,0,0,100,1946
1787420245.4707026,5147.869,0,0,100,1946
1787420246.5006862,5148.899,0,0,100,1946
1787420247.527933,5149.926,0,0,100,1946
1787420248.55631,5150.954,0,0,100,1946
1787420249.587684,5151.986,0,0,100,1946
1787420250.615517,5153.014,0,0,99,1946
1787420251.6443338,5154.042,0,0,100,1946
1787420252.6761315,5155.074,0,0,100,1946
1787420253.7040596,5156.102,0,0,100,1946
1787420254.7355182,5157.134,0,0,100,1946
1787420255.7649193,5158.163,0,0,100,1946
1787420256.7918475,5159.19,0,0,100,1946
1787420257.8186138,5160.217,0,0,100,1946
1787420258.8471751,5161.245,0,0,100,1946
1787420259.8787081,5162.277,0,0,99,1946
1787420260.9087343,5163.307,0,0,100,1946
1787420261.9381013,5164.336,0,0,100,1946
1787420262.9659576,5165.364,0,0,100,1946
1787420263.9937825,5166.392,0,0,100,1946
1787420265.0237036,5167.422,0,0,100,1946
1787420266.050703,5168.449,0,0,100,1946
1787420267.0851645,5169.483,0,0,100,1946
1787420268.1167502,5170.515,0,0,100,1946
1787420269.1466925,5171.545,0,0,100,1946
1787420270.1763654,5172.574,0,0,99,1946
1787420271.2040172,5173.602,0,0,100,1946
1787420272.237123,5174.635,0,0,100,1946
1787420273.2660556,5175.664,0,0,100,1946
1787420274.2942395,5176.692,0,0,100,1946
1787420275.3260164,5177.724,0,0,100,1946
1787420276.352436,5178.751,0,0,100,1946
1787420277.3816273,5179.78,0,0,100,1946
1787420278.4120483,5180.81,0,0,100,1946
1787420279.439255,5181.837,0,0,99,1946
1787420280.469498,5182.868,0,0,100,1946
1787420281.5010574,5183.899,0,0,100,1946
1787420282.5275526,5184.926,0,0,100,1946
1787420283.553999,5185.952,0,0,100,1946
1787420284.5806017,5186.979,0,0,100,1946
1787420285.6146448,5188.013,0,0,100,1946
1787420286.6433764,5189.041,0,0,100,1946
1787420287.6767004,5190.075,0,0,100,1946
1787420288.7063737,5191.104,0,0,99,1946
1787420289.734993,5192.133,0,0,100,1946
1787420290.7624054,5193.16,0,0,100,1946
1787420291.7925513,5194.191,0,0,100,1946
1787420292.8201098,5195.218,0,0,100,1946
1787420293.8487387,5196.247,0,0,100,1946
1787420294.8741055,5197.272,0,0,100,1946
1787420295.9031672,5198.301,0,0,100,1946
1787420296.9298472,5199.328,0,0,100,1946
1787420297.959182,5200.357,0,0,100,1946
1787420298.9864538,5201.385,0,0,99,1946
1787420300.0148084,5202.413,0,0,100,1946
1787420301.0457275,5203.444,0,0,100,1946
1787420302.0726945,5204.471,0,0,100,1946
1787420303.1013415,5205.499,0,0,100,1946
1787420304.1306882,5206.529,0,0,100,1946
1787420305.1618974,5207.56,0,0,100,1946
1787420306.1930366,5208.591,0,0,100,1946
1787420307.222655,5209.621,0,0,100,1946
1787420308.2549877,5210.653,0,0,100,1946
1787420309.289402,5211.687,0,0,99,1946
1787420310.3192377,5212.717,0,0,100,1946
1787420311.3481593,5213.746,0,0,100,1946
1787420312.3749082,5214.773,0,0,100,1946
1787420313.4030857,5215.801,0,0,100,1946
1787420314.4332464,5216.831,0,0,100,1946
1787420315.4595087,5217.858,0,0,100,1946
1787420316.487654,5218.886,0,0,100,1946
1787420317.5166316,5219.915,0,0,99,1946
1787420318.5473213,5220.945,0,0,100,1946
1787420319.5770922,5221.975,0,0,100,1946
1787420320.609997,5223.008,0,0,100,1946
1787420321.637043,5224.035,0,0,100,1946
1787420322.6637812,5225.062,0,0,100,1946
1787420323.693939,5226.092,0,0,100,1946
1787420324.7275457,5227.126,0,0,100,1946
1787420325.7556305,5228.154,0,0,100,1946
1787420326.7862186,5229.184,0,0,100,1946
1787420327.8198328,5230.218,0,0,100,1946
1787420328.846399,5231.244,0,0,100,1946
1787420329.8730557,5232.271,0,0,100,1946
1787420330.8997405,5233.298,0,0,100,1946
1787420331.9288094,5234.327,0,0,100,1946
1787420332.9608474,5235.359,0,0,100,1946
1787420333.9906187,5236.389,0,0,100,1946
1787420335.0168872,5237.415,0,0,100,1946
1787420336.0444748,5238.443,0,0,100,1946
1787420337.0759451,5239.474,0,0,100,1946
1787420338.1019127,5240.5,0,0,100,1946
1787420339.1309552,5241.529,0,0,100,1946
1787420340.160511,5242.559,0,0,100,1946
1787420341.1942763,5243.592,0,0,100,1946
1787420342.2221155,5244.62,0,0,100,1946
1787420343.2484426,5245.647,0,0,100,1946
1787420344.2767909,5246.675,0,0,100,1946
1787420345.3053277,5247.703,0,0,100,1946
1787420346.3327096,5248.731,0,0,100,1946
1787420347.361998,5249.76,0,0,100,1946
1787420348.388525,5250.787,0,0,100,1946
1787420349.4182274,5251.816,0,0,100,1946
1787420350.446382,5252.844,0,0,100,1946
1787420351.4752932,5253.873,0,0,100,1946
1787420352.5083911,5254.906,0,0,100,1946
1787420353.5363767,5255.934,0,0,100,1946
1787420354.5645046,5256.963,0,0,100,1946
1787420355.5954394,5257.994,0,0,100,1946
1787420356.625265,5259.023,0,0,100,1946
1787420357.6552517,5260.053,0,0,100,1946
1787420358.6849554,5261.083,0,0,100,1946
1787420359.7114928,5262.11,0,0,100,1946
1787420360.7402308,5263.138,0,0,100,1946
1787420361.7682412,5264.166,0,0,100,1946
1787420362.795813,5265.194,0,0,100,1946
1787420363.8252342,5266.223,0,0,100,1946
1787420364.8537374,5267.252,0,0,100,1946
1787420365.8830009,5268.281,0,0,100,1946
1787420366.909393,5269.307,0,0,100,1946
1787420367.941571,5270.34,0,0,100,1946
1787420368.974354,5271.372,0,0,100,1946
1787420370.0040734,5272.402,0,0,100,1946
1787420371.0309875,5273.429,0,0,100,1946
1787420372.0621302,5274.46,0,0,100,1946
1787420373.0938017,5275.492,0,0,100,1946
1787420374.1238875,5276.522,0,0,100,1946
1787420375.1517062,5277.55,0,0,100,1946
1787420376.186186,5278.584,0,0,100,1946
1787420377.2139735,5279.612,0,0,100,1946
1787420378.2403078,5280.638,0,0,100,1946
1787420379.2726634,5281.671,0,0,100,1946
1787420380.3003333,5282.698,0,0,100,1946
1787420381.3372016,5283.735,0,0,100,1946
1787420382.369961,5284.768,0,0,100,1946
1787420383.3962178,5285.794,0,0,100,1946
1787420384.4255242,5286.824,0,0,100,1946
1787420385.4518034,5287.85,0,0,100,1946
1787420386.479736,5288.878,0,0,100,1946
1787420387.5063863,5289.904,0,0,100,1946
1787420388.5357678,5290.934,0,0,100,1946
1787420389.5662818,5291.964,0,0,100,1946
1787420390.596848,5292.995,0,0,100,1946
1787420391.6255012,5294.024,0,0,100,1946
1787420392.6549537,5295.053,0,0,100,1946
1787420393.6856253,5296.084,0,0,100,1946
1787420394.7108288,5297.109,0,0,100,1946
1787420395.7386384,5298.137,0,0,100,1946
1787420396.7700222,5299.168,0,0,100,1946
1787420397.7975833,5300.196,0,0,100,1946
1787420398.824746,5301.223,0,0,100,1946
1787420399.8508937,5302.249,0,0,100,1946
1787420400.8773475,5303.275,0,0,100,1946
1787420401.9034598,5304.302,0,0,100,1946
1787420402.931635,5305.33,0,0,99,1946
1787420403.9585416,5306.357,0,0,100,1946
1787420404.9944534,5307.393,0,0,100,1946
1787420406.0246706,5308.423,0,0,100,1946
1787420407.0571122,5309.455,0,0,100,1946
1787420408.0868602,5310.485,0,0,100,1946
1787420409.1208792,5311.519,0,0,100,1946
1787420410.1504393,5312.549,0,0,100,1946
1787420411.1804976,5313.579,0,0,100,1946
1787420412.2122934,5314.61,0,0,100,1946
1787420413.2418659,5315.64,0,0,99,1946
1787420414.2685437,5316.667,0,0,100,1946
1787420415.2949097,5317.693,0,0,100,1946
1787420416.322982,5318.721,0,0,100,1946
1787420417.3528547,5319.751,0,0,100,1946
1787420418.3830092,5320.781,0,0,100,1946
1787420419.4101162,5321.808,0,0,100,1946
1787420420.4398537,5322.838,0,0,100,1946
1787420421.4688919,5323.867,0,0,100,1946
1787420422.5014722,5324.9,0,0,100,1946
1787420423.5322406,5325.93,0,0,99,1946
1787420424.5611224,5326.959,0,0,100,1946
1787420425.5942488,5327.992,0,0,100,1946
1787420426.6317117,5329.03,0,0,100,1946
1787420427.663211,5330.061,0,0,100,1946
1787420428.6918223,5331.09,0,0,100,1946
1787420429.7213051,5332.119,0,0,100,1946
1787420430.7492316,5333.147,0,0,99,1946
1787420431.7821784,5334.18,0,0,100,1946
1787420432.811187,5335.209,0,0,99,1946
1787420433.845192,5336.243,0,0,100,1946
1787420434.8749053,5337.273,0,0,100,1946
1787420435.902603,5338.301,0,0,100,1946
1787420436.9331124,5339.331,0,0,100,1946
1787420437.962757,5340.361,0,0,100,1946
1787420438.9900312,5341.388,0,0,100,1946
1787420440.016572,5342.415,0,0,100,1946
1787420441.0434377,5343.442,0,0,100,1946
1787420442.0733829,5344.471,0,0,99,1946
1787420443.1013422,5345.499,0,0,100,1946
1787420444.128671,5346.527,0,0,100,1946
1787420445.1579163,5347.556,0,0,100,1946
1787420446.1860828,5348.584,0,0,100,1946
1787420447.2135992,5349.612,0,0,99,1946
1787420448.2400465,5350.638,0,0,100,1946
1787420449.2678154,5351.666,0,0,100,1946
1787420450.2979538,5352.696,0,0,100,1946
1787420451.3277583,5353.726,0,0,100,1946
1787420452.3564734,5354.755,0,0,99,1946
1787420453.3858352,5355.784,0,0,100,1946
1787420454.4138608,5356.812,0,0,99,1946
1787420455.4437609,5357.842,0,0,100,1946
1787420456.4723332,5358.87,0,0,100,1946
1787420457.5053225,5359.903,0,0,100,1946
1787420458.535969,5360.934,0,0,100,1946
1787420459.562082,5361.96,0,0,100,1946
1787420460.588156,5362.986,0,0,100,1946
1787420461.6173267,5364.015,0,0,99,1946
1787420462.647903,5365.046,0,0,100,1946
1787420463.7532475,5366.151,0,0,100,1946
1787420464.7790678,5367.177,0,0,100,1946
1787420465.8080225,5368.206,0,0,100,1946
1787420466.8371012,5369.235,0,0,100,1946
1787420467.8651319,5370.263,0,0,100,1946
1787420468.8914106,5371.289,0,0,100,1946
1787420469.9224486,5372.321,0,0,100,1946
1787420470.957005,5373.355,0,0,100,1946
1787420471.9904706,5374.389,0,0,99,1946
1787420473.0191052,5375.417,0,0,100,1946
1787420474.046976,5376.445,0,0,100,1946
1787420475.0807948,5377.479,0,0,100,1946
1787420476.1102989,5378.508,0,0,100,1946
1787420477.1409461,5379.539,0,0,100,1946
1787420478.1705694,5380.569,0,0,100,1946
1787420479.2083511,5381.606,0,0,100,1946
1787420480.2370481,5382.635,0,0,100,1946
1787420481.2632895,5383.661,0,0,99,1946
1787420482.2933452,5384.691,0,0,100,1946
1787420483.3230495,5385.721,0,0,100,1946
1787420484.3493464,5386.747,0,0,100,1946
1787420485.3770702,5387.775,0,0,100,1946
1787420486.4046185,5388.803,0,0,100,1946
1787420487.4337971,5389.832,0,0,100,1946
1787420488.464819,5390.863,0,0,100,1946
1787420489.4980414,5391.896,0,0,100,1946
1787420490.52698,5392.925,0,0,99,1946
1787420491.55343,5393.952,0,0,100,1946
1787420492.584294,5394.982,0,0,100,1946
1787420493.6139324,5396.012,0,0,100,1946
1787420494.6428332,5397.041,0,0,100,1946
1787420495.672623,5398.071,0,0,100,1946
1787420496.6992648,5399.097,0,0,100,1946
1787420497.7294497,5400.128,0,0,100,1946
1787420498.7607777,5401.159,0,0,100,1946
1787420499.790175,5402.188,0,0,100,1946
1787420500.8168597,5403.215,0,0,99,1946
1787420501.8496275,5404.248,0,0,100,1946
1787420502.8776128,5405.276,0,0,100,1946
1787420503.9042342,5406.302,0,0,100,1946
1787420504.935081,5407.333,0,0,100,1946
1787420505.9627528,5408.361,0,0,100,1946
1787420506.9913025,5409.389,0,0,100,1946
1787420508.0215929,5410.42,0,0,100,1946
1787420509.0482764,5411.446,0,0,100,1946
1787420510.075309,5412.473,0,0,100,1946
1787420511.1056654,5413.504,0,0,99,1946
1787420512.1363819,5414.534,0,0,100,1946
1787420513.1668198,5415.565,0,0,100,1946
1787420514.1953347,5416.593,0,0,100,1946
1787420515.2235143,5417.622,0,0,100,1946
1787420516.2540202,5418.652,0,0,100,1946
1787420517.279801,5419.678,0,0,100,1946
1787420518.3092344,5420.707,0,0,100,1946
1787420519.3366601,5421.735,0,0,99,1946
1787420520.3675065,5422.766,0,0,100,1946
1787420521.3940046,5423.792,0,0,100,1946
1787420522.4235947,5424.822,0,0,100,1946
1787420523.45727,5425.855,0,0,100,1946
1787420524.4896846,5426.888,0,0,100,1946
1787420525.516805,5427.915,0,0,100,1946
1787420526.5454538,5428.944,0,0,100,1946
1787420527.5780938,5429.976,0,0,100,1946
1787420528.6096253,5431.008,0,0,100,1946
1787420529.6404757,5432.039,0,0,99,1946
1787420530.6704469,5433.069,0,0,100,1946
1787420531.6973376,5434.095,0,0,100,1946
1787420532.7277975,5435.126,0,0,100,1946
1787420533.7544498,5436.153,0,0,100,1946
1787420534.7844303,5437.183,0,0,100,1946
1787420535.811789,5438.21,0,0,100,1946
1787420536.8424773,5439.241,0,0,100,1946
1787420537.8720815,5440.27,0,0,100,1946
1787420538.9024665,5441.301,0,0,100,1946
1787420539.92982,5442.328,0,0,99,1946
1787420540.963101,5443.361,0,0,100,1946
1787420541.9904845,5444.389,0,0,100,1946
1787420543.0210974,5445.419,0,0,100,1946
1787420544.0532742,5446.451,0,0,100,1946
1787420545.0827556,5447.481,0,0,100,1946
1787420546.1101778,5448.508,0,0,100,1946
1787420547.140233,5449.538,0,0,100,1946
1787420548.1717296,5450.57,0,0,100,1946
1787420549.2042015,5451.602,0,0,99,1946
1787420550.2328694,5452.631,0,0,100,1946
1787420551.2587113,5453.657,0,0,100,1946
1787420552.2888072,5454.687,0,0,100,1946
1787420553.31783,5455.716,0,0,100,1946
1787420554.3477094,5456.746,0,0,100,1946
1787420555.3850152,5457.783,0,0,100,1946
1787420556.4116166,5458.81,0,0,100,1946
1787420557.4376633,5459.836,0,0,100,1946
1787420558.4651563,5460.863,0,0,99,1946
1787420559.4935653,5461.892,0,0,100,1946
1787420560.5213637,5462.919,0,0,100,1946
1787420561.5499153,5463.948,0,0,100,1946
1787420562.5796947,5464.978,0,0,100,1946
1787420563.6077414,5466.006,0,0,100,1946
1787420564.6374974,5467.036,0,0,100,1946
1787420565.6658642,5468.064,0,0,100,1946
1787420566.7001913,5469.098,0,0,100,1946
1787420567.7308183,5470.129,0,0,100,1946
1787420568.7627509,5471.161,0,0,99,1946
1787420569.7967992,5472.195,0,0,100,1946
1787420570.8259504,5473.224,0,0,100,1946
1787420571.8555112,5474.254,0,0,100,1946
1787420572.8890543,5475.287,0,0,100,1946
1787420573.9222589,5476.32,0,0,100,1946
1787420574.9526312,5477.351,0,0,100,1946
1787420575.9807022,5478.379,0,0,100,1946
1787420577.009895,5479.408,0,0,100,1946
1787420578.038184,5480.436,0,0,99,1946
1787420579.0670302,5481.465,0,0,100,1946
1787420580.094869,5482.493,0,0,100,1946
1787420581.1271122,5483.525,0,0,100,1946
1787420582.1541262,5484.552,0,0,100,1946
1787420583.1819854,5485.58,0,0,100,1946
1787420584.2091067,5486.607,0,0,100,1946
1787420585.2369916,5487.635,0,0,100,1946
1787420586.269807,5488.668,0,0,100,1946
1787420587.3010345,5489.699,0,0,100,1946
1787420588.3334334,5490.732,0,0,99,1946
1787420589.3675237,5491.766,0,0,100,1946
1787420590.3944879,5492.793,0,0,100,1946
1787420591.4245973,5493.823,0,0,100,1946
1787420592.4532607,5494.851,0,0,100,1946
1787420593.485494,5495.884,0,0,100,1946
1787420594.5157776,5496.914,0,0,100,1946
1787420595.54462,5497.943,0,0,100,1946
1787420596.5715172,5498.97,0,0,100,1946
1787420597.6032407,5500.001,0,0,99,1946
1787420598.6365402,5501.035,0,0,100,1946
1787420599.6668365,5502.065,0,0,100,1946
1787420600.7015288,5503.1,0,0,100,1946
1787420601.7305126,5504.129,0,0,100,1946
1787420602.7641776,5505.162,0,0,100,1946
1787420603.7911928,5506.189,0,0,100,1946
1787420604.8196352,5507.218,0,0,100,1946
1787420605.8479536,5508.246,0,0,100,1946
1787420606.8785594,5509.277,0,0,99,1946
1787420607.9055414,5510.304,0,0,100,1946
1787420608.9344902,5511.333,0,0,100,1946
1787420609.96749,5512.366,0,0,100,1946
1787420610.9967563,5513.395,0,0,100,1946
1787420612.0234566,5514.422,0,0,100,1946
1787420613.053514,5515.452,0,0,100,1946
1787420614.23816,5516.636,0,0,100,1946
1787420615.2658324,5517.664,0,0,100,1946
1787420616.2920399,5518.69,0,0,100,1946
1787420617.3220937,5519.72,0,0,99,1946
1787420618.3549333,5520.753,0,0,100,1946
1787420619.3808494,5521.779,0,0,100,1946
1787420620.4101126,5522.808,0,0,100,1946
1787420621.4388099,5523.837,0,0,100,1946
1787420622.4678924,5524.866,0,0,100,1946
1787420623.4963665,5525.894,0,0,100,1946
1787420624.5254667,5526.924,0,0,100,1946
1787420625.5549386,5527.953,0,0,100,1946
1787420626.583458,5528.982,0,0,99,1946
1787420627.6130817,5530.011,0,0,100,1946
1787420628.6402063,5531.038,0,0,100,1946
1787420629.6662328,5532.064,0,0,100,1946
1787420630.6947956,5533.093,0,0,100,1946
1787420631.7249992,5534.123,0,0,100,1946
1787420632.7534366,5535.152,0,0,100,1946
1787420633.7799256,5536.178,0,0,100,1946
1787420634.8061097,5537.204,0,0,100,1946
1787420635.839402,5538.237,0,0,100,1946
1787420636.8671126,5539.265,0,0,100,1946
1787420637.893316,5540.291,0,0,100,1946
1787420638.9237447,5541.322,0,0,100,1946
1787420639.9534523,5542.352,0,0,100,1946
1787420640.9817362,5543.38,0,0,100,1946
1787420642.009104,5544.407,0,0,100,1946
1787420643.038031,5545.436,0,0,100,1946
1787420644.0711558,5546.469,0,0,100,1946
1787420645.1022956,5547.5,0,0,100,1946
1787420646.1287117,5548.527,0,0,99,1946
1787420647.1569881,5549.555,0,0,100,1946
1787420648.18389,5550.582,0,0,100,1946
1787420649.2124577,5551.611,0,0,100,1946
1787420650.2463949,5552.644,0,0,100,1946
1787420651.2763925,5553.674,0,0,100,1946
1787420652.3075688,5554.706,0,0,100,1946
1787420653.3379202,5555.736,0,0,100,1946
1787420654.3642478,5556.762,0,0,100,1946
1787420655.3943274,5557.792,0,0,100,1946
1787420656.426047,5558.824,0,0,99,1946
1787420657.457212,5559.855,0,0,100,1946
1787420658.4849606,5560.883,0,0,100,1946
1787420659.5109673,5561.909,0,0,100,1946
1787420660.5369754,5562.935,0,0,100,1946
1787420661.5691843,5563.967,0,0,100,1946
1787420662.5971727,5564.995,0,0,100,1946
1787420663.6269243,5566.025,0,0,100,1946
1787420664.655105,5567.053,0,0,100,1946
1787420665.6862974,5568.084,0,0,100,1946
1787420666.7140505,5569.112,0,0,100,1946
1787420667.740844,5570.139,0,0,100,1946
1787420668.76722,5571.165,0,0,100,1946
1787420669.7958062,5572.194,0,0,100,1946
1787420670.8257031,5573.224,0,0,100,1946
1787420671.8549926,5574.253,0,0,100,1946
1787420672.8836854,5575.282,0,0,100,1946
1787420673.913002,5576.311,0,0,100,1946
1787420674.9406044,5577.339,0,0,99,1946
1787420675.9694393,5578.368,0,0,100,1946
1787420677.0004954,5579.399,0,0,100,1946
1787420678.0288541,5580.427,0,0,100,1946
1787420679.0639694,5581.462,0,0,100,1946
1787420680.0931687,5582.491,0,0,100,1946
1787420681.1237764,5583.522,0,0,100,1946
1787420682.1523373,5584.55,0,0,100,1946
1787420683.183352,5585.581,0,0,100,1946
1787420684.212313,5586.61,0,0,100,1946
1787420685.2429924,5587.641,0,0,99,1946
1787420686.2694361,5588.668,0,0,100,1946
1787420687.2967699,5589.695,0,0,100,1946
1787420688.3293152,5590.727,0,0,100,1946
1787420689.3581095,5591.756,0,0,100,1946
1787420690.391857,5592.79,0,0,100,1946
1787420691.421337,5593.819,0,0,100,1946
1787420692.4508839,5594.849,0,0,100,1946
1787420693.4820929,5595.88,0,0,100,1946
1787420694.5107708,5596.909,0,0,100,1946
1787420695.5400019,5597.938,0,0,99,1946
1787420696.5683763,5598.966,0,0,100,1946
1787420697.5985715,5599.997,0,0,100,1946
1787420698.6308458,5601.029,0,0,100,1946
1787420699.6588306,5602.057,0,0,100,1946
1787420700.6883035,5603.086,0,0,100,1946
1787420701.7169838,5604.115,0,0,100,1946
1787420702.7453482,5605.143,0,0,100,1946
1787420703.7727315,5606.171,0,0,100,1946
1787420704.7992418,5607.197,0,0,99,1946
1787420705.8280919,5608.226,0,0,100,1946
1787420706.857118,5609.255,0,0,100,1946
1787420707.8856056,5610.284,0,0,100,1946
1787420708.9120467,5611.31,0,0,100,1946
1787420709.938011,5612.336,0,0,100,1946
1787420710.972947,5613.371,0,0,100,1946
1787420712.0018597,5614.4,0,0,100,1946
1787420713.0304658,5615.429,0,0,100,1946
1787420714.0614996,5616.46,0,0,99,1946
1787420715.0926478,5617.491,0,0,100,1946
1787420716.1262007,5618.524,0,0,100,1946
1787420717.1527424,5619.551,0,0,100,1946
1787420718.1859515,5620.584,0,0,100,1946
1787420719.2157714,5621.614,0,0,100,1946
1787420720.245892,5622.644,0,0,100,1946
1787420721.27384,5623.672,0,0,100,1946
1787420722.3013372,5624.699,0,0,100,1946
1787420723.3314495,5625.73,0,0,100,1946
1787420724.3591058,5626.757,0,0,99,1946
1787420725.3930264,5627.791,0,0,100,1946
1787420726.4218807,5628.82,0,0,100,1946
1787420727.4510348,5629.849,0,0,100,1946
1787420728.480187,5630.878,0,0,100,1946
1787420729.5068672,5631.905,0,0,100,1946
1787420730.5413938,5632.939,0,0,100,1946
1787420731.5705998,5633.969,0,0,100,1946
1787420732.601407,5634.999,0,0,100,1946
1787420733.6308687,5636.029,0,0,99,1946
1787420734.660046,5637.058,0,0,100,1946
1787420735.6928883,5638.091,0,0,100,1946
1787420736.7203557,5639.118,0,0,100,1946
1787420737.7486587,5640.147,0,0,100,1946
1787420738.7782192,5641.176,0,0,100,1946
1787420739.809265,5642.207,0,0,100,1946
1787420740.8374796,5643.236,0,0,100,1946
1787420741.8707757,5644.269,0,0,100,1946
1787420742.8998258,5645.298,0,0,100,1946
1787420743.933486,5646.332,0,0,99,1946
1787420744.9637315,5647.362,0,0,100,1946
1787420745.9939392,5648.392,0,0,100,1946
1787420747.0209165,5649.419,0,0,100,1946
1787420748.0494316,5650.448,0,0,100,1946
1787420749.078399,5651.476,0,0,100,1946
1787420750.1064022,5652.504,0,0,100,1946
1787420751.144133,5653.542,0,0,100,1946
1787420752.170252,5654.568,0,0,100,1946
1787420753.200474,5655.599,0,0,99,1946
1787420754.2293673,5656.627,0,0,100,1946
1787420755.2577395,5657.656,0,0,100,1946
1787420756.2875097,5658.686,0,0,100,1946
1787420757.3152401,5659.713,0,0,100,1946
1787420758.3438358,5660.742,0,0,100,1946
1787420759.3755999,5661.774,0,0,100,1946
1787420760.4034154,5662.801,0,0,100,1946
1787420761.433216,5663.831,0,0,100,1946
1787420762.4619317,5664.86,0,0,99,1946
1787420763.4895058,5665.888,0,0,100,1946
1787420764.521118,5666.919,0,0,100,1946
1787420765.5540063,5667.952,0,0,100,1946
1787420766.583947,5668.982,0,0,100,1946
1787420767.6128037,5670.011,0,0,100,1946
1787420768.6414065,5671.039,0,0,100,1946
1787420769.6735685,5672.072,0,0,100,1946
1787420770.7055907,5673.104,0,0,100,1946
1787420771.734997,5674.133,0,0,100,1946
1787420772.7609558,5675.159,0,0,99,1946
1787420773.7884064,5676.186,0,0,100,1946
1787420774.8158967,5677.214,0,0,100,1946
1787420775.8468404,5678.245,0,0,100,1946
1787420776.8760242,5679.274,0,0,100,1946
1787420777.902495,5680.301,0,0,100,1946
1787420778.9300752,5681.328,0,0,100,1946
1787420779.956847,5682.355,0,0,100,1946
1787420780.9850743,5683.383,0,0,100,1946
1787420782.014768,5684.413,0,0,100,1946
1787420783.0420284,5685.44,0,0,99,1946
1787420784.071198,5686.469,0,0,100,1946
1787420785.0972483,5687.495,0,0,100,1946
1787420786.126101,5688.524,0,0,100,1946
1787420787.153137,5689.551,0,0,100,1946
1787420788.180929,5690.579,0,0,100,1946
1787420789.2105913,5691.609,0,0,100,1946
1787420790.2444935,5692.643,0,0,100,1946
1787420791.2744932,5693.673,0,0,99,1946
1787420792.3041272,5694.702,0,0,100,1946
1787420793.336306,5695.734,0,0,100,1946
1787420794.3660734,5696.764,0,0,100,1946
1787420795.3947866,5697.793,0,0,100,1946
1787420796.4244032,5698.822,0,0,100,1946
1787420797.4549031,5699.853,0,0,100,1946
1787420798.4815288,5700.88,0,0,100,1946
1787420799.5082524,5701.906,0,0,100,1946
1787420800.540186,5702.938,0,0,100,1946
1787420801.5662696,5703.964,0,0,99,1946
1787420802.594509,5704.993,0,0,100,1946
1787420803.6213255,5706.019,0,0,100,1946
1787420804.6508183,5707.049,0,0,100,1946
1787420805.677898,5708.076,0,0,100,1946
1787420806.7045481,5709.103,0,0,100,1946
1787420807.734592,5710.133,0,0,100,1946
1787420808.7652078,5711.163,0,0,100,1946
1787420809.7965255,5712.195,0,0,100,1946
1787420810.825985,5713.224,0,0,100,1946
1787420811.8534138,5714.251,0,0,99,1946
1787420812.8840153,5715.282,0,0,100,1946
1787420813.912224,5716.31,0,0,100,1946
1787420814.9403307,5717.338,0,0,100,1946
1787420815.9707942,5718.369,0,0,100,1946
1787420817.000237,5719.398,0,0,100,1946
1787420818.030011,5720.428,0,0,100,1946
1787420819.0603673,5721.458,0,0,100,1946
1787420820.0891967,5722.487,0,0,100,1946
1787420821.1184711,5723.517,0,0,99,1946
1787420822.1479015,5724.546,0,0,100,1946
1787420823.175404,5725.573,0,0,100,1946
1787420824.2011755,5726.599,0,0,100,1946
1787420825.229381,5727.627,0,0,100,1946
1787420826.2596455,5728.658,0,0,100,1946
1787420827.2874758,5729.686,0,0,100,1946
1787420828.317938,5730.716,0,0,100,1946
1787420829.3442059,5731.742,0,0,100,1946
1787420830.3715794,5732.77,0,0,99,1946
1787420831.4039948,5733.802,0,0,100,1946
1787420832.4309752,5734.829,0,0,100,1946
1787420833.4616482,5735.86,0,0,100,1946
1787420834.4879675,5736.886,0,0,100,1946
1787420835.5149367,5737.913,0,0,100,1946
1787420836.5415018,5738.94,0,0,100,1946
1787420837.5694752,5739.968,0,0,100,1946
1787420838.6001918,5740.998,0,0,100,1946
1787420839.632366,5742.03,0,0,100,1946
1787420840.661686,5743.06,0,0,99,1946
1787420841.69435,5744.092,0,0,100,1946
1787420842.72255,5745.121,0,0,100,1946
1787420843.7522023,5746.15,0,0,100,1946
1787420844.7818131,5747.18,0,0,100,1946
1787420845.8121266,5748.21,0,0,100,1946
1787420846.8413942,5749.239,0,0,100,1946
1787420847.8740132,5750.272,0,0,100,1946
1787420848.904014,5751.302,0,0,100,1946
1787420849.9333453,5752.331,0,0,100,1946
1787420850.9628494,5753.361,0,0,99,1946
1787420851.9927073,5754.391,0,0,100,1946
1787420853.0201008,5755.418,0,0,100,1946
1787420854.05208,5756.45,0,0,100,1946
1787420855.0795398,5757.478,0,0,100,1946
1787420856.1064546,5758.505,0,0,100,1946
1787420857.1360886,5759.534,0,0,100,1946
1787420858.163933,5760.562,0,0,100,1946
1787420859.1939857,5761.592,0,0,100,1946
1787420860.2211566,5762.619,0,0,99,1946
1787420861.2568934,5763.655,0,0,100,1946
1787420862.28353,5764.682,0,0,100,1946
1787420863.3132327,5765.711,0,0,100,1946
1787420864.3414834,5766.74,0,0,100,1946
1787420865.3708582,5767.769,0,0,100,1946
1787420866.4031785,5768.801,0,0,100,1946
1787420867.4327917,5769.831,0,0,100,1946
1787420868.4605756,5770.859,0,0,100,1946
1787420869.493093,5771.891,0,0,99,1946
1787420870.5246572,5772.923,0,0,100,1946
1787420871.5556808,5773.954,0,0,100,1946
1787420872.5855143,5774.984,0,0,100,1946
1787420873.6136086,5776.012,0,0,100,1946
1787420874.6395543,5777.038,0,0,100,1946
1787420875.6666367,5778.065,0,0,100,1946
1787420876.6984787,5779.097,0,0,100,1946
1787420877.726221,5780.124,0,0,100,1946
1787420878.7555745,5781.154,0,0,100,1946
1787420879.7830338,5782.181,0,0,99,1946
1787420880.8094707,5783.208,0,0,100,1946
1787420881.8391402,5784.237,0,0,100,1946
1787420882.8688893,5785.267,0,0,100,1946
1787420883.8959105,5786.294,0,0,100,1946
1787420884.922616,5787.321,0,0,100,1946
1787420885.9542816,5788.352,0,0,100,1946
1787420886.9876328,5789.386,0,0,100,1946
1787420888.0160477,5790.414,0,0,100,1946
1787420889.0448575,5791.443,0,0,99,1946
1787420890.072955,5792.471,0,0,100,1946
1787420891.1077416,5793.506,0,0,100,1946
1787420892.1351652,5794.533,0,0,100,1946
1787420893.164928,5795.563,0,0,100,1946
1787420894.194951,5796.593,0,0,100,1946
1787420895.2270646,5797.625,0,0,100,1946
1787420896.2652833,5798.663,0,0,100,1946
1787420897.2945356,5799.693,0,0,100,1946
1787420898.3250053,5800.723,0,0,100,1946
1787420899.3539848,5801.752,0,0,99,1946
1787420900.3804388,5802.779,0,0,100,1946
1787420901.4102345,5803.808,0,0,100,1946
1787420902.4419706,5804.84,0,0,100,1946
1787420903.468404,5805.866,0,0,100,1946
1787420904.5007784,5806.899,0,0,100,1946
1787420905.5274303,5807.926,0,0,100,1946
1787420906.5541365,5808.952,0,0,100,1946
1787420907.580415,5809.978,0,0,100,1946
1787420908.6096416,5811.008,0,0,99,1946
1787420909.6396418,5812.038,0,0,100,1946
1787420910.67042,5813.069,0,0,100,1946
1787420911.69858,5814.097,0,0,100,1946
1787420912.7276232,5815.126,0,0,100,1946
1787420913.7578444,5816.156,0,0,100,1946
1787420914.786636,5817.185,0,0,100,1946
1787420915.816142,5818.214,0,0,100,1946
1787420916.8431208,5819.241,0,0,100,1946
1787420917.8766701,5820.275,0,0,99,1946
1787420918.9064271,5821.305,0,0,100,1946
1787420919.9367018,5822.335,0,0,100,1946
1787420920.9636703,5823.362,0,0,100,1946
1787420921.992094,5824.39,0,0,100,1946
1787420923.02917,5825.427,0,0,100,1946
1787420924.0553863,5826.453,0,0,100,1946
1787420925.0861917,5827.484,0,0,100,1946
1787420926.1125212,5828.511,0,0,100,1946
1787420927.1404746,5829.539,0,0,100,1946
1787420928.1694126,5830.567,0,0,99,1946
1787420929.1992981,5831.597,0,0,100,1946
1787420930.23163,5832.63,0,0,100,1946
1787420931.2711277,5833.669,0,0,100,1946
1787420932.3007324,5834.699,0,0,100,1946
1787420933.3273628,5835.725,0,0,100,1946
1787420934.356436,5836.755,0,0,100,1946
1787420935.3866694,5837.785,0,0,100,1946
1787420936.4164314,5838.815,0,0,100,1946
1787420937.4487216,5839.847,0,0,100,1946
1787420938.475547,5840.874,0,0,99,1946
1787420939.5080056,5841.906,0,0,100,1946
1787420940.5346303,5842.933,0,0,100,1946
1787420941.5638833,5843.962,0,0,100,1946
1787420942.5968337,5844.995,0,0,100,1946
1787420943.6241572,5846.022,0,0,100,1946
1787420944.6533856,5847.051,0,0,100,1946
1787420945.6823165,5848.08,0,0,100,1946
1787420946.7119992,5849.11,0,0,99,1946
1787420947.7407272,5850.139,0,0,100,1946
1787420948.767916,5851.166,0,0,100,1946
1787420949.8023152,5852.2,0,0,100,1946
1787420950.8309424,5853.229,0,0,100,1946
1787420951.8574543,5854.256,0,0,100,1946
1787420952.8878257,5855.286,0,0,100,1946
1787420953.9151683,5856.313,0,0,100,1946
1787420954.9414232,5857.34,0,0,100,1946
1787420955.971677,5858.37,0,0,100,1946
1787420957.0017345,5859.4,0,0,99,1946
1787420958.035018,5860.433,0,0,100,1946
1787420959.0631576,5861.461,0,0,99,1946
1787420960.0927455,5862.491,0,0,100,1946
1787420961.12543,5863.524,0,0,100,1946
1787420962.1550233,5864.553,0,0,100,1946
1787420963.1865578,5865.585,0,0,100,1946
1787420964.2194607,5866.618,0,0,100,1946
1787420965.248686,5867.647,0,0,100,1946
1787420966.2863963,5868.684,0,0,100,1946
1787420967.3153372,5869.713,0,0,99,1946
1787420968.3416035,5870.74,0,0,100,1946
1787420969.3700104,5871.768,0,0,100,1946
1787420970.4006157,5872.799,0,0,100,1946
1787420971.4313297,5873.829,0,0,100,1946
1787420972.4662037,5874.864,0,0,100,1946
1787420973.4966078,5875.895,0,0,100,1946
1787420974.5242481,5876.922,0,0,100,1946
1787420975.557817,5877.956,0,0,100,1946
1787420976.587852,5878.986,0,0,99,1946
1787420977.6170452,5880.015,0,0,100,1946
1787420978.6437495,5881.042,0,0,100,1946
1787420979.670189,5882.068,0,0,100,1946
1787420980.6989625,5883.097,0,0,100,1946
1787420981.7330453,5884.131,0,0,100,1946
1787420982.7625356,5885.161,0,0,100,1946
1787420983.7904675,5886.189,0,0,100,1946
1787420984.8202887,5887.218,0,0,100,1946
1787420985.8522515,5888.25,0,0,99,1946
1787420986.882041,5889.28,0,0,100,1946
1787420988.036233,5890.434,0,0,100,1946
1787420989.0657644,5891.464,0,0,100,1946
1787420990.0925164,5892.491,0,0,100,1946
1787420991.1232476,5893.521,0,0,100,1946
1787420992.1536155,5894.552,0,0,100,1946
1787420993.180271,5895.578,0,0,100,1946
1787420994.2102923,5896.608,0,0,100,1946
1787420995.2395322,5897.638,0,0,100,1946
1787420996.2771084,5898.675,0,0,99,1946
1787420997.3069782,5899.705,0,0,100,1946
1787420998.3402936,5900.738,0,0,100,1946
1787420999.3685257,5901.767,0,0,100,1946
1787421000.3955913,5902.794,0,0,100,1946
1787421001.4278493,5903.826,0,0,100,1946
1787421002.456375,5904.854,0,0,100,1946
1787421003.4857886,5905.884,0,0,100,1946
1787421004.513437,5906.912,0,0,100,1946
1787421005.5422766,5907.94,0,0,99,1946
1787421006.5733202,5908.971,0,0,100,1946
1787421007.6005023,5909.999,0,0,100,1946
1787421008.6304054,5911.028,0,0,100,1946
1787421009.660683,5912.059,0,0,100,1946
1787421010.6882627,5913.086,0,0,100,1946
1787421011.7150574,5914.113,0,0,100,1946
1787421012.7409787,5915.139,0,0,100,1946
1787421013.7683952,5916.166,0,0,100,1946
1787421014.7966883,5917.195,0,0,100,1946
1787421015.8284588,5918.227,0,0,99,1946
1787421016.8551707,5919.253,0,0,100,1946
1787421017.8851285,5920.283,0,0,100,1946
1787421018.9119034,5921.31,0,0,100,1946
1787421019.939009,5922.337,0,0,100,1946
1787421020.9661222,5923.364,0,0,100,1946
1787421021.9936628,5924.392,0,0,100,1946
1787421023.0265322,5925.425,0,0,100,1946
1787421024.0546763,5926.453,0,0,100,1946
1787421025.0824442,5927.481,0,0,99,1946
1787421026.1107523,5928.509,0,0,100,1946
1787421027.1369076,5929.535,0,0,100,1946
1787421028.16404,5930.562,0,0,100,1946
1787421029.1971128,5931.595,0,0,100,1946
1787421030.2239335,5932.622,0,0,100,1946
1787421031.2500262,5933.648,0,0,100,1946
1787421032.281917,5934.68,0,0,100,1946
1787421033.3122292,5935.71,0,0,100,1946
1787421034.3391306,5936.737,0,0,99,1946
1787421035.3667521,5937.765,0,0,100,1946
1787421036.399883,5938.798,0,0,100,1946
1787421037.4295573,5939.828,0,0,100,1946
1787421038.4563887,5940.854,0,0,100,1946
1787421039.483244,5941.881,0,0,100,1946
1787421040.5127037,5942.911,0,0,100,1946
1787421041.5407913,5943.939,0,0,100,1946
1787421042.5693939,5944.967,0,0,100,1946
1787421043.5991921,5945.997,0,0,100,1946
1787421044.6257753,5947.024,0,0,99,1946
1787421045.6521997,5948.05,0,0,100,1946
1787421046.6846418,5949.083,0,0,100,1946
1787421047.713257,5950.111,0,0,100,1946
1787421048.7426937,5951.141,0,0,100,1946
1787421049.7757783,5952.174,0,0,100,1946
1787421050.8047678,5953.203,0,0,100,1946
1787421051.8337789,5954.232,0,0,100,1946
1787421052.86051,5955.259,0,0,100,1946
1787421053.8884416,5956.287,0,0,100,1946
1787421054.9150898,5957.313,0,0,99,1946
1787421055.9417799,5958.34,0,0,100,1946
1787421056.9742918,5959.372,0,0,100,1946
1787421058.007205,5960.405,0,0,100,1946
1787421059.0385106,5961.437,0,0,100,1946
1787421060.0697622,5962.468,0,0,100,1946
1787421061.0989609,5963.497,0,0,100,1946
1787421062.1252227,5964.523,0,0,100,1946
1787421063.1524584,5965.551,0,0,99,1946
1787421064.1823585,5966.58,0,0,100,1946
1787421065.21203,5967.61,0,0,100,1946
1787421066.2404478,5968.639,0,0,100,1946
1787421067.2698011,5969.668,0,0,100,1946
1787421068.298902,5970.697,0,0,100,1946
1787421069.3279316,5971.726,0,0,100,1946
1787421070.3558366,5972.754,0,0,100,1946
1787421071.3860104,5973.784,0,0,100,1946
1787421072.412163,5974.81,0,0,100,1946
1787421073.4372818,5975.835,0,0,99,1946
1787421074.4644616,5976.863,0,0,100,1946
1787421075.4966695,5977.895,0,0,100,1946
1787421076.522651,5978.921,0,0,100,1946
1787421077.55171,5979.95,0,0,100,1946
1787421078.580384,5980.978,0,0,100,1946
1787421079.6093202,5982.007,0,0,100,1946
1787421080.638433,5983.037,0,0,100,1946
1787421081.6686816,5984.067,0,0,100,1946
1787421082.6962814,5985.094,0,0,100,1946
1787421083.7237294,5986.122,0,0,99,1946
1787421084.7498226,5987.148,0,0,100,1946
1787421085.7846196,5988.183,0,0,100,1946
1787421086.8171585,5989.215,0,0,100,1946
1787421087.8454938,5990.244,0,0,100,1946
1787421088.8753822,5991.273,0,0,100,1946
1787421089.9046302,5992.303,0,0,100,1946
1787421090.9308372,5993.329,0,0,100,1946
1787421091.956327,5994.354,0,0,100,1946
1787421092.9875684,5995.386,0,0,99,1946
1787421094.0174809,5996.416,0,0,100,1946
1787421095.047646,5997.446,0,0,100,1946
1787421096.080363,5998.478,0,0,100,1946
1787421097.1072986,5999.505,0,0,100,1946
1787421098.1352801,6000.533,0,0,100,1946
1787421099.1649473,6001.563,0,0,100,1946
1787421100.192855,6002.591,0,0,100,1946
1787421101.2202098,6003.618,0,0,100,1946
1787421102.247158,6004.645,0,0,100,1946
1787421103.277308,6005.675,0,0,100,1946
1787421104.307713,6006.706,0,0,100,1946
1787421105.3413196,6007.739,0,0,100,1946
1787421106.3702,6008.768,0,0,100,1946
1787421107.3998175,6009.798,0,0,100,1946
1787421108.4310844,6010.829,0,0,100,1946
1787421109.4583344,6011.856,0,0,100,1946
1787421110.488344,6012.886,0,0,100,1946
1787421111.5179021,6013.916,0,0,100,1946
1787421112.5459106,6014.944,0,0,99,1946
1787421113.5776389,6015.976,0,0,100,1946
1787421114.60982,6017.008,0,0,100,1946
1787421115.6369793,6018.035,0,0,100,1946
1787421116.6632135,6019.061,0,0,100,1946
1787421117.6895416,6020.088,0,0,100,1946
1787421118.7193193,6021.117,0,0,100,1946
1787421119.7494345,6022.148,0,0,100,1946
1787421120.7763097,6023.174,0,0,100,1946
1787421121.8072352,6024.205,0,0,100,1946
1787421122.837346,6025.235,0,0,99,1946
1787421123.8640184,6026.262,0,0,100,1946
1787421124.891468,6027.29,0,0,100,1946
1787421125.9184237,6028.317,0,0,100,1946
1787421126.9478517,6029.346,0,0,100,1946
1787421127.9776044,6030.376,0,0,100,1946
1787421129.0068781,6031.405,0,0,100,1946
1787421130.0353067,6032.433,0,0,100,1946
1787421131.064667,6033.463,0,0,100,1946
1787421132.091039,6034.489,0,0,99,1946
1787421133.1196587,6035.518,0,0,100,1946
1787421134.147025,6036.545,0,0,100,1946
1787421135.177835,6037.576,0,0,100,1946
1787421136.2074215,6038.606,0,0,100,1946
1787421137.2345786,6039.633,0,0,100,1946
1787421138.261001,6040.659,0,0,100,1946
1787421139.2874415,6041.686,0,0,100,1946
1787421140.316939,6042.715,0,0,100,1946
1787421141.3432865,6043.741,0,0,100,1946
1787421142.374091,6044.772,0,0,99,1946
1787421143.4006765,6045.799,0,0,100,1946
1787421144.4307086,6046.829,0,0,100,1946
1787421145.4604692,6047.859,0,0,100,1946
1787421146.4918182,6048.89,0,0,100,1946
1787421147.5214574,6049.92,0,0,100,1946
1787421148.5505233,6050.949,0,0,100,1946
1787421149.5791411,6051.977,0,0,100,1946
1787421150.6064935,6053.005,0,0,100,1946
1787421151.6351655,6054.033,0,0,99,1946
1787421152.6656387,6055.064,0,0,100,1946
1787421153.6950703,6056.093,0,0,100,1946
1787421154.7213209,6057.119,0,0,100,1946
1787421155.7506053,6058.149,0,0,100,1946
1787421156.7776453,6059.176,0,0,100,1946
1787421157.8093023,6060.207,0,0,100,1946
1787421158.8362195,6061.234,0,0,100,1946
1787421159.8626459,6062.261,0,0,100,1946
1787421160.895236,6063.293,0,0,99,1946
1787421161.922033,6064.32,0,0,100,1946
1787421162.9509308,6065.349,0,0,100,1946
1787421163.9808638,6066.379,0,0,100,1946
1787421165.0098927,6067.408,0,0,100,1946
1787421166.0363562,6068.434,0,0,100,1946
1787421167.0659773,6069.464,0,0,100,1946
1787421168.0926826,6070.491,0,0,100,1946
1787421169.1238742,6071.522,0,0,100,1946
1787421170.151224,6072.549,0,0,100,1946
1787421171.1772583,6073.575,0,0,99,1946
1787421172.2065582,6074.605,0,0,100,1946
1787421173.234488,6075.633,0,0,100,1946
1787421174.26135,6076.659,0,0,100,1946
1787421175.2917995,6077.69,0,0,100,1946
1787421176.3193557,6078.717,0,0,100,1946
1787421177.3483574,6079.746,0,0,100,1946
1787421178.379126,6080.777,0,0,100,1946
1787421179.4051352,6081.803,0,0,100,1946
1787421180.432982,6082.831,0,0,100,1946
1787421181.4591389,6083.857,0,0,99,1946
1787421182.4881825,6084.886,0,0,100,1946
1787421183.5189054,6085.917,0,0,100,1946
1787421184.5452979,6086.943,0,0,100,1946
1787421185.576582,6087.975,0,0,100,1946
1787421186.6029558,6089.001,0,0,100,1946
1787421187.6296062,6090.028,0,0,100,1946
1787421188.6568496,6091.055,0,0,100,1946
1787421189.6893232,6092.087,0,0,99,1946
1787421190.7218275,6093.12,0,0,100,1946
1787421191.7555385,6094.154,0,0,100,1946
1787421192.7888818,6095.187,0,0,100,1946
1787421193.820391,6096.218,0,0,100,1946
1787421194.8483622,6097.246,0,0,100,1946
1787421195.8752284,6098.273,0,0,100,1946
1787421196.9082317,6099.306,0,0,100,1946
1787421197.937794,6100.336,0,0,100,1946
1787421198.9717722,6101.37,0,0,100,1946
1787421199.999425,6102.398,0,0,99,1946
1787421201.0290284,6103.427,0,0,100,1946
1787421202.0606887,6104.459,0,0,100,1946
1787421203.0876627,6105.486,0,0,100,1946
1787421204.1145155,6106.513,0,0,100,1946
1787421205.1438668,6107.542,0,0,100,1946
1787421206.17143,6108.57,0,0,100,1946
1787421207.2010915,6109.599,0,0,100,1946
1787421208.229944,6110.628,0,0,100,1946
1787421209.2612665,6111.659,0,0,100,1946
1787421210.2920628,6112.69,0,0,100,1946
1787421211.3188255,6113.717,0,0,100,1946
1787421212.34582,6114.744,0,0,100,1946
1787421213.3761039,6115.774,0,0,100,1946
1787421214.407117,6116.805,0,0,100,1946
1787421215.439555,6117.838,0,0,100,1946
1787421216.4662607,6118.864,0,0,100,1946
1787421217.4932532,6119.891,0,0,100,1946
1787421218.5231593,6120.921,0,0,100,1946
1787421219.552918,6121.951,0,0,100,1946
1787421220.5850155,6122.983,0,0,100,1946
1787421221.6114035,6124.009,0,0,100,1946
1787421222.640919,6125.039,0,0,100,1946
1787421223.6687777,6126.067,0,0,100,1946
1787421224.6990807,6127.097,0,0,100,1946
1787421225.7265544,6128.125,0,0,100,1946
1787421226.7541244,6129.152,0,0,100,1946
1787421227.7822375,6130.18,0,0,100,1946
1787421228.8093822,6131.207,0,0,100,1946
1787421229.8397987,6132.238,0,0,100,1946
1787421230.8695617,6133.268,0,0,100,1946
1787421231.898912,6134.297,0,0,100,1946
1787421232.9305723,6135.329,0,0,100,1946
1787421233.9602656,6136.358,0,0,100,1946
1787421234.9876745,6137.386,0,0,100,1946
1787421236.0184107,6138.416,0,0,100,1946
1787421237.0529945,6139.451,0,0,100,1946
1787421238.080001,6140.478,0,0,100,1946
1787421239.1060958,6141.504,0,0,100,1946
1787421240.138051,6142.536,0,0,100,1946
1787421241.1705618,6143.569,0,0,100,1946
1787421242.200271,6144.598,0,0,100,1946
1787421243.2299151,6145.628,0,0,100,1946
1787421244.2579956,6146.656,0,0,100,1946
1787421245.286393,6147.684,0,0,100,1946
1787421246.3187454,6148.717,0,0,100,1946
1787421247.3470504,6149.745,0,0,100,1946
1787421248.3732178,6150.771,0,0,100,1946
1787421249.40005,6151.798,0,0,100,1946
1787421250.4261613,6152.824,0,0,100,1946
1787421251.453484,6153.852,0,0,100,1946
1787421252.4806247,6154.879,0,0,100,1946
1787421253.5101259,6155.908,0,0,100,1946
1787421254.5387528,6156.937,0,0,100,1946
1787421255.5684686,6157.967,0,0,100,1946
1787421256.5957255,6158.994,0,0,100,1946
1787421257.628427,6160.027,0,0,100,1946
1787421258.6614587,6161.06,0,0,100,1946
1787421259.6894403,6162.088,0,0,100,1946
1787421260.719468,6163.118,0,0,100,1946
1787421261.745957,6164.144,0,0,100,1946
1787421262.7755492,6165.174,0,0,100,1946
1787421263.808364,6166.206,0,0,100,1946
1787421264.83833,6167.236,0,0,100,1946
1787421265.8649569,6168.263,0,0,100,1946
1787421266.892875,6169.291,0,0,100,1946
1787421267.9196172,6170.318,0,0,100,1946
1787421268.9521174,6171.35,0,0,100,1946
1787421269.9819624,6172.38,0,0,100,1946
1787421271.0089657,6173.407,0,0,100,1946
1787421272.0354228,6174.434,0,0,100,1946
1787421273.0623214,6175.46,0,0,100,1946
1787421274.0906038,6176.489,0,0,100,1946
1787421275.120587,6177.519,0,0,100,1946
1787421276.1489155,6178.547,0,0,100,1946
1787421277.1766207,6179.575,0,0,100,1946
1787421278.2053688,6180.603,0,0,100,1946
1787421279.2359695,6181.634,0,0,100,1946
1787421280.2659166,6182.664,0,0,100,1946
1787421281.2961333,6183.694,0,0,100,1946
1787421282.3266346,6184.725,0,0,100,1946
1787421283.355403,6185.753,0,0,100,1946
1787421284.38542,6186.784,0,0,100,1946
1787421285.4151556,6187.813,0,0,99,1946
1787421286.4448435,6188.843,0,0,100,1946
1787421287.4742224,6189.872,0,0,100,1946
1787421288.5011644,6190.899,0,0,100,1946
1787421289.5299678,6191.928,0,0,100,1946
1787421290.5572348,6192.955,0,0,100,1946
1787421291.586136,6193.984,0,0,100,1946
1787421292.6119697,6195.01,0,0,100,1946
1787421293.6439254,6196.042,0,0,100,1946
1787421294.6706078,6197.069,0,0,100,1946
1787421295.6968253,6198.095,0,0,99,1946
1787421296.880137,6199.278,0,0,100,1946
1787421297.908438,6200.307,0,0,100,1946
1787421298.93741,6201.335,0,0,100,1946
1787421299.9667177,6202.365,0,0,100,1946
1787421300.99319,6203.391,0,0,100,1946
1787421302.0206826,6204.419,0,0,100,1946
1787421303.0487483,6205.447,0,0,100,1946
1787421304.0790453,6206.477,0,0,99,1946
1787421305.1087828,6207.507,0,0,100,1946
1787421306.137003,6208.535,0,0,100,1946
1787421307.1632152,6209.561,0,0,100,1946
1787421308.1951957,6210.593,0,0,100,1946
1787421309.2248855,6211.623,0,0,100,1946
1787421310.2515407,6212.65,0,0,100,1946
1787421311.2788808,6213.677,0,0,100,1946
1787421312.3076923,6214.706,0,0,100,1946
1787421313.3356588,6215.734,0,0,100,1946
1787421314.3652055,6216.763,0,0,99,1946
1787421315.3973238,6217.795,0,0,100,1946
1787421316.4245508,6218.823,0,0,100,1946
1787421317.4512854,6219.849,0,0,100,1946
1787421318.4803717,6220.878,0,0,100,1946
1787421319.5065887,6221.905,0,0,100,1946
1787421320.5345407,6222.933,0,0,100,1946
1787421321.5690243,6223.967,0,0,100,1946
1787421322.5950274,6224.993,0,0,100,1946
1787421323.6219602,6226.02,0,0,100,1946
1787421324.648785,6227.047,0,0,99,1946
1787421325.6785157,6228.077,0,0,100,1946
1787421326.707794,6229.106,0,0,100,1946
1787421327.7376153,6230.136,0,0,100,1946
1787421328.7636018,6231.162,0,0,100,1946
1787421329.792065,6232.19,0,0,100,1946
1787421330.820541,6233.219,0,0,100,1946
1787421331.8531065,6234.251,0,0,100,1946
1787421332.8817966,6235.28,0,0,100,1946
1787421333.907868,6236.306,0,0,99,1946
1787421334.9418018,6237.34,0,0,100,1946
1787421335.9722357,6238.37,0,0,100,1946
1787421337.0014262,6239.4,0,0,100,1946
1787421338.031563,6240.43,0,0,100,1946
1787421339.0591655,6241.457,0,0,100,1946
1787421340.0864792,6242.485,0,0,100,1946
1787421341.1164186,6243.515,0,0,100,1946
1787421342.149905,6244.548,0,0,100,1946
1787421343.1760366,6245.574,0,0,99,1946
1787421344.203405,6246.601,0,0,100,1946
1787421345.2306533,6247.629,0,0,100,1946
1787421346.2578363,6248.656,0,0,100,1946
1787421347.2852385,6249.683,0,0,100,1946
1787421348.3182547,6250.716,0,0,100,1946
1787421349.3490279,6251.747,0,0,100,1946
1787421350.375873,6252.774,0,0,100,1946
1787421351.4054925,6253.804,0,0,100,1946
1787421352.4360273,6254.834,0,0,100,1946
1787421353.46273,6255.861,0,0,99,1946
1787421354.4906406,6256.889,0,0,100,1946
1787421355.5175712,6257.916,0,0,100,1946
1787421356.5473263,6258.945,0,0,100,1946
1787421357.576157,6259.974,0,0,100,1946
1787421358.603345,6261.001,0,0,100,1946
1787421359.6305754,6262.029,0,0,100,1946
1787421360.6596782,6263.058,0,0,100,1946
1787421361.6940541,6264.092,0,0,100,1946
1787421362.7222543,6265.12,0,0,99,1946
1787421363.7525997,6266.151,0,0,100,1946
1787421364.7809076,6267.179,0,0,100,1946
1787421365.8145006,6268.213,0,0,100,1946
1787421366.8455517,6269.244,0,0,100,1946
1787421367.8762348,6270.274,0,0,100,1946
1787421368.9063945,6271.304,0,0,100,1946
1787421369.9328055,6272.331,0,0,100,1946
1787421370.9592726,6273.357,0,0,100,1946
1787421371.989567,6274.388,0,0,100,1946
1787421373.0203285,6275.418,0,0,99,1946
1787421374.0488777,6276.447,0,0,100,1946
1787421375.0778353,6277.476,0,0,100,1946
1787421376.105067,6278.503,0,0,100,1946
1787421377.1328447,6279.531,0,0,100,1946
1787421378.1627061,6280.561,0,0,100,1946
1787421379.1898162,6281.588,0,0,100,1946
1787421380.2196734,6282.618,0,0,100,1946
1787421381.2490149,6283.647,0,0,100,1946
1787421382.276342,6284.674,0,0,99,1946
1787421383.3059676,6285.704,0,0,100,1946
1787421384.341563,6286.74,0,0,100,1946
1787421385.371043,6287.769,0,0,100,1946
1787421386.3998728,6288.798,0,0,100,1946
1787421387.427845,6289.826,0,0,100,1946
1787421388.4563682,6290.854,0,0,100,1946
1787421389.4905303,6291.889,0,0,100,1946
1787421390.5194342,6292.918,0,0,100,1946
1787421391.5493996,6293.947,0,0,99,1946
1787421392.5790482,6294.977,0,0,100,1946
1787421393.6054337,6296.004,0,0,100,1946
1787421394.6320455,6297.03,0,0,100,1946
1787421395.6586044,6298.057,0,0,100,1946
1787421396.6853101,6299.083,0,0,100,1946
1787421397.716995,6300.115,0,0,100,1946
1787421398.7474937,6301.146,0,0,100,1946
1787421399.7770677,6302.175,0,0,100,1946
1787421400.8038738,6303.202,0,0,100,1946
1787421401.831701,6304.23,0,0,99,1946
1787421402.861033,6305.259,0,0,100,1946
1787421403.8952296,6306.293,0,0,100,1946
1787421404.925653,6307.324,0,0,100,1946
1787421405.963243,6308.361,0,0,100,1946
1787421406.9928596,6309.391,0,0,100,1946
1787421408.0200942,6310.418,0,0,100,1946
1787421409.0497503,6311.448,0,0,100,1946
1787421410.0794365,6312.478,0,0,100,1946
1787421411.1084685,6313.507,0,0,100,1946
1787421412.1378489,6314.536,0,0,99,1946
1787421413.1691983,6315.567,0,0,100,1946
1787421414.1964564,6316.595,0,0,100,1946
1787421415.229441,6317.628,0,0,100,1946
1787421416.257807,6318.656,0,0,100,1946
1787421417.291295,6319.689,0,0,100,1946
1787421418.3218882,6320.72,0,0,100,1946
1787421419.353392,6321.751,0,0,100,1946
1787421420.3825881,6322.781,0,0,100,1946
1787421421.4155085,6323.814,0,0,100,1946
1787421422.4466288,6324.845,0,0,100,1946
1787421423.4759474,6325.874,0,0,100,1946
1787421424.5068848,6326.905,0,0,100,1946
1787421425.5335152,6327.932,0,0,100,1946
1787421426.5633774,6328.961,0,0,100,1946
1787421427.5936928,6329.992,0,0,100,1946
1787421428.6231046,6331.021,0,0,100,1946
1787421429.6519458,6332.05,0,0,100,1946
1787421430.6791193,6333.077,0,0,99,1946
1787421431.705429,6334.104,0,0,100,1946
1787421432.7348766,6335.133,0,0,100,1946
1787421433.761075,6336.159,0,0,100,1946
1787421434.7885294,6337.187,0,0,100,1946
1787421435.8173285,6338.215,0,0,100,1946
1787421436.8502162,6339.248,0,0,100,1946
1787421437.8795507,6340.278,0,0,100,1946
1787421438.9064996,6341.305,0,0,100,1946
1787421439.9359336,6342.334,0,0,100,1946
1787421440.9628158,6343.361,0,0,99,1946
1787421441.9922183,6344.39,0,0,100,1946
1787421443.0252397,6345.423,0,0,100,1946
1787421444.058762,6346.457,0,0,100,1946
1787421445.0868957,6347.485,0,0,100,1946
1787421446.1160727,6348.514,0,0,100,1946
1787421447.1420293,6349.54,0,0,100,1946
1787421448.1683702,6350.566,0,0,100,1946
1787421449.1978772,6351.596,0,0,100,1946
1787421450.22738,6352.625,0,0,99,1946
1787421451.2604682,6353.659,0,0,100,1946
1787421452.2934375,6354.692,0,0,100,1946
1787421453.3284717,6355.727,0,0,100,1946
1787421454.355171,6356.753,0,0,100,1946
1787421455.382648,6357.781,0,0,100,1946
1787421456.408896,6358.807,0,0,100,1946
1787421457.4363523,6359.834,0,0,100,1946
1787421458.4664218,6360.865,0,0,100,1946
1787421459.4963732,6361.894,0,0,100,1946
1787421460.5265124,6362.925,0,0,99,1946
1787421461.5566132,6363.955,0,0,100,1946
1787421462.5894523,6364.988,0,0,100,1946
1787421463.6199148,6366.018,0,0,100,1946
1787421464.6520936,6367.05,0,0,100,1946
1787421465.6835616,6368.082,0,0,100,1946
1787421466.7106104,6369.109,0,0,100,1946
1787421467.7392225,6370.137,0,0,100,1946
1787421468.7693844,6371.167,0,0,100,1946
1787421469.7995923,6372.198,0,0,99,1946
1787421470.8270576,6373.225,0,0,100,1946
1787421471.8529406,6374.251,0,0,100,1946
1787421472.880163,6375.278,0,0,100,1946
1787421473.9080818,6376.306,0,0,100,1946
1787421474.937614,6377.336,0,0,100,1946
1787421475.9646351,6378.363,0,0,100,1946
1787421476.994168,6379.392,0,0,100,1946
1787421478.0203316,6380.418,0,0,100,1946
1787421479.0533843,6381.451,0,0,99,1946
1787421480.0840209,6382.482,0,0,100,1946
1787421481.1117408,6383.51,0,0,100,1946
1787421482.1449957,6384.543,0,0,100,1946
1787421483.1718276,6385.57,0,0,100,1946
1787421484.2029514,6386.601,0,0,100,1946
1787421485.2288406,6387.627,0,0,100,1946
1787421486.2611372,6388.659,0,0,100,1946
1787421487.2899725,6389.688,0,0,100,1946
1787421488.3187556,6390.717,0,0,100,1946
1787421489.3480053,6391.746,0,0,99,1946
1787421490.3750036,6392.773,0,0,100,1946
1787421491.4104273,6393.809,0,0,100,1946
1787421492.4399948,6394.838,0,0,100,1946
1787421493.4663284,6395.864,0,0,100,1946
1787421494.4968295,6396.895,0,0,100,1946
1787421495.5253124,6397.923,0,0,100,1946
1787421496.5553336,6398.953,0,0,100,1946
1787421497.583219,6399.981,0,0,100,1946
1787421498.6139224,6401.012,0,0,100,1946
1787421499.6402683,6402.038,0,0,99,1946
1787421500.6793122,6403.077,0,0,100,1946
1787421501.7088041,6404.107,0,0,100,1946
1787421502.7387707,6405.137,0,0,100,1946
1787421503.7654688,6406.164,0,0,100,1946
1787421504.7964456,6407.195,0,0,100,1946
1787421505.8261168,6408.224,0,0,100,1946
1787421506.853416,6409.252,0,0,100,1946
1787421507.8869958,6410.285,0,0,99,1946
1787421508.9172385,6411.315,0,0,100,1946
1787421509.9453828,6412.343,0,0,100,1946
1787421510.97471,6413.373,0,0,100,1946
1787421512.0037942,6414.402,0,0,100,1946
1787421513.031557,6415.43,0,0,100,1946
1787421514.0602465,6416.458,0,0,100,1946
1787421515.0883818,6417.486,0,0,100,1946
1787421516.1213536,6418.519,0,0,100,1946
1787421517.15125,6419.549,0,0,100,1946
1787421518.1823645,6420.58,0,0,99,1946
1787421519.2123935,6421.61,0,0,100,1946
1787421520.2393188,6422.637,0,0,100,1946
1787421521.2668881,6423.665,0,0,100,1946
1787421522.3005002,6424.699,0,0,100,1946
1787421523.3329272,6425.731,0,0,100,1946
1787421524.3663938,6426.764,0,0,100,1946
1787421525.3959715,6427.794,0,0,100,1946
1787421526.4261558,6428.824,0,0,100,1946
1787421527.4530785,6429.851,0,0,100,1946
1787421528.4792273,6430.877,0,0,99,1946
1787421529.5065262,6431.905,0,0,100,1946
1787421530.533452,6432.932,0,0,100,1946
1787421531.5616665,6433.96,0,0,100,1946
1787421532.593623,6434.992,0,0,100,1946
1787421533.6235895,6436.022,0,0,100,1946
1787421534.6518695,6437.05,0,0,100,1946
1787421535.682381,6438.08,0,0,100,1946
1787421536.71035,6439.108,0,0,100,1946
1787421537.7446759,6440.143,0,0,99,1946
1787421538.7739196,6441.172,0,0,100,1946
1787421539.8024828,6442.201,0,0,100,1946
1787421540.83256,6443.231,0,0,100,1946
1787421541.8622954,6444.26,0,0,100,1946
1787421542.8917055,6445.29,0,0,100,1946
1787421543.918856,6446.317,0,0,100,1946
1787421544.9508786,6447.349,0,0,100,1946
1787421545.9785535,6448.377,0,0,100,1946
1787421547.0082645,6449.406,0,0,99,1946
1787421548.041859,6450.44,0,0,100,1946
1787421549.071713,6451.47,0,0,100,1946
1787421550.0993326,6452.497,0,0,100,1946
1787421551.1295726,6453.528,0,0,100,1946
1787421552.1560369,6454.554,0,0,100,1946
1787421553.1844788,6455.583,0,0,100,1946
1787421554.2137053,6456.612,0,0,100,1946
1787421555.245091,6457.643,0,0,100,1946
1787421556.275267,6458.673,0,0,100,1946
1787421557.3061123,6459.704,0,0,99,1946
1787421558.337427,6460.736,0,0,100,1946
1787421559.3742278,6461.772,0,0,100,1946
1787421560.4057434,6462.804,0,0,100,1946
1787421561.4346848,6463.833,0,0,100,1946
1787421562.4618165,6464.86,0,0,100,1946
1787421563.488936,6465.887,0,0,100,1946
1787421564.5220087,6466.92,0,0,100,1946
1787421565.550261,6467.948,0,0,100,1946
1787421566.5798538,6468.978,0,0,99,1946
1787421567.6091626,6470.007,0,0,100,1946
1787421568.638502,6471.037,0,0,100,1946
1787421569.668233,6472.066,0,0,100,1946
1787421570.696555,6473.095,0,0,100,1946
1787421571.7259104,6474.124,0,0,100,1946
1787421572.7557552,6475.154,0,0,100,1946
1787421573.7846086,6476.183,0,0,100,1946
1787421574.813019,6477.211,0,0,100,1946
1787421575.839251,6478.237,0,0,100,1946
1787421576.8714194,6479.27,0,0,99,1946
1787421577.8983662,6480.296,0,0,100,1946
1787421578.928138,6481.326,0,0,100,1946
1787421579.957302,6482.355,0,0,100,1946
1787421580.9866736,6483.385,0,0,100,1946
1787421582.0390081,6484.437,0,0,100,1946
1787421583.0666077,6485.465,0,0,100,1946
1787421584.0988815,6486.497,0,0,100,1946
1787421585.1246812,6487.523,0,0,100,1946
1787421586.1546578,6488.553,0,0,99,1946
1787421587.18225,6489.58,0,0,100,1946
1787421588.212457,6490.611,0,0,100,1946
1787421589.2422404,6491.64,0,0,100,1946
1787421590.2725759,6492.671,0,0,100,1946
1787421591.3051512,6493.703,0,0,100,1946
1787421592.334922,6494.733,0,0,100,1946
1787421593.3694682,6495.768,0,0,100,1946
1787421594.3981853,6496.796,0,0,100,1946
1787421595.4248383,6497.823,0,0,99,1946
1787421596.4579215,6498.856,0,0,100,1946
1787421597.484138,6499.882,0,0,100,1946
1787421598.5100405,6500.908,0,0,100,1946
1787421599.5372877,6501.935,0,0,100,1946
1787421600.568278,6502.966,0,0,100,1946
1787421601.5979738,6503.996,0,0,100,1946
1787421602.6298711,6505.028,0,0,100,1946
1787421603.663078,6506.061,0,0,100,1946
1787421604.6955175,6507.094,0,0,100,1946
1787421605.724908,6508.123,0,0,99,1946
1787421606.7537968,6509.152,0,0,100,1946
1787421607.7842202,6510.182,0,0,100,1946
1787421608.8145998,6511.213,0,0,100,1946
1787421609.8444731,6512.243,0,0,100,1946
1787421610.8745782,6513.273,0,0,100,1946
1787421611.9007893,6514.299,0,0,100,1946
1787421612.9299588,6515.328,0,0,100,1946
1787421613.9600677,6516.358,0,0,100,1946
1787421614.99286,6517.391,0,0,100,1946
1787421616.0230465,6518.421,0,0,99,1946
1787421617.0528526,6519.451,0,0,100,1946
1787421618.0868683,6520.485,0,0,100,1946
1787421619.1203847,6521.518,0,0,100,1946
1787421620.1492867,6522.547,0,0,100,1946
1787421621.1774914,6523.576,0,0,100,1946
1787421622.210281,6524.608,0,0,100,1946
1787421623.2384095,6525.636,0,0,100,1946
1787421624.2683396,6526.666,0,0,99,1946
1787421625.2984426,6527.697,0,0,100,1946
1787421626.3291836,6528.727,0,0,100,1946
1787421627.3626354,6529.761,0,0,100,1946
1787421628.3899658,6530.788,0,0,100,1946
1787421629.4163387,6531.814,0,0,100,1946
1787421630.444058,6532.842,0,0,100,1946
1787421631.4721856,6533.87,0,0,100,1946
1787421632.5024917,6534.901,0,0,100,1946
1787421633.5338497,6535.932,0,0,100,1946
1787421634.5655458,6536.964,0,0,99,1946
1787421635.5960212,6537.994,0,0,100,1946
1787421636.6232636,6539.021,0,0,100,1946
1787421637.6564105,6540.054,0,0,100,1946
1787421638.6879973,6541.086,0,0,100,1946
1787421639.7159233,6542.114,0,0,100,1946
1787421640.7457674,6543.144,0,0,100,1946
1787421641.7730558,6544.171,0,0,100,1946
1787421642.800079,6545.198,0,0,100,1946
1787421643.832524,6546.231,0,0,100,1946
1787421644.8619802,6547.26,0,0,99,1946
1787421645.8917437,6548.29,0,0,100,1946
1787421646.9245243,6549.323,0,0,100,1946
1787421647.954704,6550.353,0,0,100,1946
1787421648.982506,6551.381,0,0,100,1946
1787421650.015724,6552.414,0,0,100,1946
1787421651.0479002,6553.446,0,0,100,1946
1787421652.0788667,6554.477,0,0,100,1946
1787421653.1071284,6555.505,0,0,100,1946
1787421654.137878,6556.536,0,0,99,1946
1787421655.1649506,6557.563,0,0,100,1946
1787421656.1918414,6558.59,0,0,100,1946
1787421657.2217295,6559.62,0,0,100,1946
1787421658.2506084,6560.649,0,0,100,1946
1787421659.2786107,6561.677,0,0,100,1946
1787421660.3061273,6562.704,0,0,100,1946
1787421661.34096,6563.739,0,0,100,1946
1787421662.3707194,6564.769,0,0,100,1946
1787421663.4008512,6565.799,0,0,99,1946
1787421664.4275584,6566.826,0,0,100,1946
1787421665.4571538,6567.855,0,0,100,1946
1787421666.4884703,6568.887,0,0,100,1946
1787421667.5162444,6569.914,0,0,100,1946
1787421668.5473976,6570.945,0,0,100,1946
1787421669.5768397,6571.975,0,0,100,1946
1787421670.6039803,6573.002,0,0,100,1946
1787421671.6349812,6574.033,0,0,100,1946
1787421672.6621754,6575.06,0,0,100,1946
1787421673.692953,6576.091,0,0,99,1946
1787421674.7220883,6577.12,0,0,100,1946
1787421675.748021,6578.146,0,0,100,1946
1787421676.7747393,6579.173,0,0,100,1946
1787421677.80382,6580.202,0,0,100,1946
1787421678.8340802,6581.232,0,0,100,1946
1787421679.8601267,6582.258,0,0,100,1946
1787421680.886558,6583.285,0,0,100,1946
1787421681.9163864,6584.314,0,0,100,1946
1787421682.9450686,6585.343,0,0,100,1946
1787421683.977798,6586.376,0,0,99,1946
1787421685.0109522,6587.409,0,0,100,1946
1787421686.04246,6588.441,0,0,100,1946
1787421687.072656,6589.471,0,0,100,1946
1787421688.1002002,6590.498,0,0,100,1946
1787421689.1308122,6591.529,0,0,100,1946
1787421690.1635184,6592.562,0,0,100,1946
1787421691.1917753,6593.59,0,0,100,1946
1787421692.2232409,6594.621,0,0,100,1946
1787421693.2533865,6595.651,0,0,99,1946
1787421694.2838755,6596.682,0,0,100,1946
1787421695.311745,6597.71,0,0,100,1946
1787421696.3386528,6598.737,0,0,100,1946
1787421697.3636646,6599.762,0,0,100,1946
1787421698.3936327,6600.792,0,0,100,1946
1787421699.4222236,6601.82,0,0,100,1946
1787421700.4531255,6602.851,0,0,100,1946
1787421701.4794421,6603.878,0,0,100,1946
1787421702.5093875,6604.907,0,0,99,1946
1787421703.539176,6605.937,0,0,100,1946
1787421704.566211,6606.964,0,0,100,1946
1787421705.596382,6607.994,0,0,100,1946
1787421706.6264358,6609.025,0,0,100,1946
1787421707.6528914,6610.051,0,0,100,1946
1787421708.6789205,6611.077,0,0,100,1946
1787421709.7050889,6612.103,0,0,100,1946
1787421710.7336152,6613.132,0,0,100,1946
1787421711.768646,6614.167,0,0,100,1946
1787421712.7984996,6615.197,0,0,99,1946
1787421713.8282866,6616.226,0,0,100,1946
1787421714.857665,6617.256,0,0,100,1946
1787421715.8866282,6618.285,0,0,100,1946
1787421716.919987,6619.318,0,0,100,1946
1787421717.9508724,6620.349,0,0,100,1946
1787421718.9774,6621.375,0,0,100,1946
1787421720.007746,6622.406,0,0,100,1946
1787421721.0402634,6623.438,0,0,100,1946
1787421722.0728164,6624.471,0,0,99,1946
1787421723.1003382,6625.498,0,0,100,1946
1787421724.1297863,6626.528,0,0,100,1946
1787421725.1557124,6627.554,0,0,100,1946
1787421726.1856716,6628.584,0,0,100,1946
1787421727.2138412,6629.612,0,0,100,1946
1787421728.2417986,6630.64,0,0,100,1946
1787421729.2689764,6631.667,0,0,100,1946
1787421730.2958834,6632.694,0,0,100,1946
1787421731.32232,6633.72,0,0,100,1946
1787421732.3516347,6634.75,0,0,99,1946
1787421733.3877964,6635.786,0,0,100,1946
1787421734.4139729,6636.812,0,0,100,1946
1787421735.4429412,6637.841,0,0,100,1946
1787421736.4693003,6638.867,0,0,100,1946
1787421737.5005214,6639.899,0,0,100,1946
1787421738.5306382,6640.929,0,0,100,1946
1787421739.5602863,6641.958,0,0,100,1946
1787421740.5898373,6642.988,0,0,100,1946
1787421741.6171384,6644.015,0,0,99,1946
1787421742.6500063,6645.048,0,0,100,1946
1787421743.6777456,6646.076,0,0,100,1946
1787421744.7101548,6647.108,0,0,100,1946
1787421745.7436795,6648.142,0,0,100,1946
1787421746.7733023,6649.171,0,0,100,1946
1787421747.803038,6650.201,0,0,100,1946
1787421748.831917,6651.23,0,0,100,1946
1787421749.8601956,6652.258,0,0,100,1946
1787421750.8919141,6653.29,0,0,99,1946
1787421751.921194,6654.319,0,0,100,1946
1787421752.950847,6655.349,0,0,100,1946
1787421753.979442,6656.378,0,0,100,1946
1787421755.0108788,6657.409,0,0,100,1946
1787421756.056653,6658.455,0,0,100,1946
1787421757.090465,6659.489,0,0,100,1946
1787421758.1211429,6660.519,0,0,100,1946
1787421759.1500266,6661.548,0,0,100,1946
1787421760.1837134,6662.582,0,0,100,1946
1787421761.2135463,6663.612,0,0,99,1946
1787421762.2402556,6664.638,0,0,100,1946
1787421763.2702096,6665.668,0,0,100,1946
1787421764.2985523,6666.697,0,0,100,1946
1787421765.3323843,6667.73,0,0,100,1946
1787421766.3630881,6668.761,0,0,100,1946
1787421767.3924165,6669.791,0,0,100,1946
1787421768.4209661,6670.819,0,0,100,1946
1787421769.4508128,6671.849,0,0,100,1946
1787421770.4793253,6672.877,0,0,100,1946
1787421771.512427,6673.911,0,0,99,1946
1787421772.5398533,6674.938,0,0,100,1946
1787421773.5676186,6675.966,0,0,100,1946
1787421774.5978255,6676.996,0,0,100,1946
1787421775.6261873,6678.024,0,0,99,1946
1787421776.6567035,6679.055,0,0,100,1946
1787421777.688956,6680.087,0,0,100,1946
1787421778.716466,6681.115,0,0,100,1946
1787421779.7468133,6682.145,0,0,99,1946
1787421780.7750745,6683.173,0,0,100,1946
1787421781.8034983,6684.202,0,0,100,1946
1787421782.8300042,6685.228,0,0,100,1946
1787421783.8580892,6686.256,0,0,100,1946
1787421784.8874593,6687.286,0,0,100,1946
1787421785.9189177,6688.317,0,0,100,1946
1787421786.946199,6689.344,0,0,100,1946
1787421787.9759114,6690.374,0,0,100,1946
1787421789.0040464,6691.402,0,0,100,1946
1787421790.0313168,6692.429,0,0,99,1946
1787421791.06131,6693.459,0,0,100,1946
1787421792.0950274,6694.493,0,0,100,1946
1787421793.1253536,6695.523,0,0,100,1946
1787421794.1548953,6696.553,0,0,100,1946
1787421795.1850219,6697.583,0,0,100,1946
1787421796.2111974,6698.609,0,0,100,1946
1787421797.242256,6699.64,0,0,100,1946
1787421798.2716684,6700.67,0,0,100,1946
1787421799.2985826,6701.697,0,0,100,1946
1787421800.326536,6702.725,0,0,99,1946
1787421801.3562164,6703.754,0,0,100,1946
1787421802.3834705,6704.782,0,0,100,1946
1787421803.412446,6705.811,0,0,100,1946
1787421804.4416492,6706.84,0,0,100,1946
1787421805.4674828,6707.866,0,0,100,1946
1787421806.497868,6708.896,0,0,100,1946
1787421807.5274866,6709.926,0,0,100,1946
1787421808.5568526,6710.955,0,0,100,1946
1787421809.5864236,6711.985,0,0,99,1946
1787421810.6170206,6713.015,0,0,100,1946
1787421811.6480012,6714.046,0,0,100,1946
1787421812.6747174,6715.073,0,0,100,1946
1787421813.7047994,6716.103,0,0,100,1946
1787421814.7366464,6717.135,0,0,100,1946
1787421815.7655172,6718.164,0,0,100,1946
1787421816.792122,6719.19,0,0,100,1946
1787421817.8186305,6720.217,0,0,100,1946
1787421818.8461204,6721.244,0,0,99,1946
1787421819.8787947,6722.277,0,0,100,1946
1787421820.9064999,6723.305,0,0,100,1946
1787421821.9401376,6724.338,0,0,100,1946
1787421822.9664485,6725.365,0,0,100,1946
1787421823.9959457,6726.394,0,0,100,1946
1787421825.0228198,6727.421,0,0,100,1946
1787421826.054217,6728.452,0,0,100,1946
1787421827.0810027,6729.479,0,0,100,1946
1787421828.1074388,6730.506,0,0,100,1946
1787421829.1352773,6731.533,0,0,99,1946
1787421830.1635075,6732.562,0,0,100,1946
1787421831.1909065,6733.589,0,0,100,1946
1787421832.2204547,6734.619,0,0,100,1946
1787421833.2502098,6735.648,0,0,100,1946
1787421834.2765548,6736.675,0,0,100,1946
1787421835.3046887,6737.703,0,0,100,1946
1787421836.3344152,6738.732,0,0,100,1946
1787421837.3655608,6739.764,0,0,100,1946
1787421838.4039023,6740.802,0,0,99,1946
1787421839.430628,6741.829,0,0,100,1946
1787421840.459832,6742.858,0,0,100,1946
1787421841.489519,6743.888,0,0,100,1946
1787421842.5181925,6744.916,0,0,100,1946
1787421843.543271,6745.941,0,0,100,1946
1787421844.5749152,6746.973,0,0,100,1946
1787421845.6017098,6748.0,0,0,100,1946
1787421846.6343448,6749.032,0,0,100,1946
1787421847.6636703,6750.062,0,0,100,1946
1787421848.6933677,6751.091,0,0,99,1946
1787421849.7219822,6752.12,0,0,100,1946
1787421850.7556267,6753.154,0,0,100,1946
1787421851.7847095,6754.183,0,0,100,1946
1787421852.8173118,6755.215,0,0,100,1946
1787421853.8473864,6756.245,0,0,100,1946
1787421854.8765926,6757.275,0,0,100,1946
1787421855.9098802,6758.308,0,0,100,1946
1787421856.939531,6759.338,0,0,100,1946
1787421857.9698484,6760.368,0,0,99,1946
1787421858.9983895,6761.396,0,0,100,1946
1787421860.026947,6762.425,0,0,100,1946
1787421861.0532582,6763.451,0,0,100,1946
1787421862.0833216,6764.481,0,0,100,1946
1787421863.1114283,6765.51,0,0,100,1946
1787421864.1410875,6766.539,0,0,100,1946
1787421865.1700823,6767.568,0,0,100,1946
1787421866.1966434,6768.595,0,0,100,1946
1787421867.2247903,6769.623,0,0,99,1946
1787421868.2531796,6770.651,0,0,100,1946
1787421869.281003,6771.679,0,0,100,1946
1787421870.3143396,6772.712,0,0,100,1946
1787421871.3446922,6773.743,0,0,100,1946
1787421872.3760633,6774.774,0,0,100,1946
1787421873.4174433,6775.816,0,0,100,1946
1787421874.4469106,6776.845,0,0,100,1946
1787421875.4733274,6777.871,0,0,100,1946
1787421876.5002856,6778.898,0,0,100,1946
1787421877.527476,6779.926,0,0,99,1946
1787421878.5576582,6780.956,0,0,100,1946
1787421879.5869796,6781.985,0,0,100,1946
1787421880.6173434,6783.015,0,0,100,1946
1787421881.6471949,6784.045,0,0,100,1946
1787421882.6734953,6785.072,0,0,100,1946
1787421883.7007394,6786.099,0,0,100,1946
1787421884.7301378,6787.128,0,0,100,1946
1787421885.7611527,6788.159,0,0,100,1946
1787421886.7901707,6789.188,0,0,100,1946
1787421887.820996,6790.219,0,0,99,1946
1787421888.8474083,6791.245,0,0,100,1946
1787421889.8779647,6792.276,0,0,100,1946
1787421890.9093487,6793.307,0,0,100,1946
1787421891.9364247,6794.335,0,0,100,1946
1787421892.9670799,6795.365,0,0,100,1946
1787421893.995507,6796.394,0,0,100,1946
1787421895.0278728,6797.426,0,0,100,1946
1787421896.0585496,6798.457,0,0,100,1946
1787421897.0860512,6799.484,0,0,99,1946
1787421898.1130834,6800.511,0,0,100,1946
1787421899.1460629,6801.544,0,0,100,1946
1787421900.175637,6802.574,0,0,100,1946
1787421901.2050955,6803.603,0,0,100,1946
1787421902.2345636,6804.633,0,0,100,1946
1787421903.261985,6805.66,0,0,100,1946
1787421904.2952566,6806.693,0,0,100,1946
1787421905.3250568,6807.723,0,0,100,1946
1787421906.3517425,6808.75,0,0,99,1946
1787421907.3805547,6809.779,0,0,100,1946
1787421908.4199677,6810.818,0,0,100,1946
1787421909.447659,6811.846,0,0,100,1946
1787421910.4790301,6812.877,0,0,100,1946
1787421911.5100288,6813.908,0,0,100,1946
1787421912.5391316,6814.937,0,0,100,1946
1787421913.566053,6815.964,0,0,100,1946
1787421914.595945,6816.994,0,0,100,1946
1787421915.6254785,6818.024,0,0,100,1946
1787421916.6559262,6819.054,0,0,99,1946
1787421917.6829498,6820.081,0,0,100,1946
1787421918.7112293,6821.109,0,0,100,1946
1787421919.739064,6822.137,0,0,100,1946
1787421920.7655568,6823.164,0,0,100,1946
1787421921.791681,6824.19,0,0,100,1946
1787421922.818452,6825.217,0,0,100,1946
1787421923.85134,6826.249,0,0,100,1946
1787421924.8808663,6827.279,0,0,100,1946
1787421925.9101927,6828.308,0,0,100,1946
1787421926.9370208,6829.335,0,0,100,1946
1787421927.9635563,6830.362,0,0,100,1946
1787421928.9910252,6831.389,0,0,100,1946
1787421930.0170615,6832.415,0,0,100,1946
1787421931.04381,6833.442,0,0,100,1946
1787421932.070439,6834.469,0,0,100,1946
1787421933.0992465,6835.497,0,0,100,1946
1787421934.1256497,6836.524,0,0,100,1946
1787421935.1570055,6837.555,0,0,100,1946
1787421936.1843455,6838.582,0,0,99,1946
1787421937.214132,6839.612,0,0,100,1946
1787421938.2404103,6840.638,0,0,100,1946
1787421939.2696326,6841.668,0,0,100,1946
1787421940.2973988,6842.695,0,0,100,1946
1787421941.3268254,6843.725,0,0,100,1946
1787421942.3575592,6844.756,0,0,100,1946
1787421943.3902495,6845.788,0,0,100,1946
1787421944.4225743,6846.821,0,0,100,1946
1787421945.4519193,6847.85,0,0,99,1946
1787421946.477936,6848.876,0,0,100,1946
1787421947.5098405,6849.908,0,0,100,1946
1787421948.5381715,6850.936,0,0,100,1946
1787421949.5646904,6851.963,0,0,100,1946
1787421950.592428,6852.991,0,0,100,1946
1787421951.619258,6854.017,0,0,100,1946
1787421952.6518812,6855.05,0,0,100,1946
1787421953.6809664,6856.079,0,0,100,1946
1787421954.7077165,6857.106,0,0,100,1946
1787421955.7403727,6858.138,0,0,99,1946
1787421956.771888,6859.17,0,0,100,1946
1787421957.8037267,6860.202,0,0,100,1946
1787421958.83302,6861.231,0,0,100,1946
1787421959.8621175,6862.26,0,0,100,1946
1787421960.8909147,6863.289,0,0,100,1946
1787421961.9240441,6864.322,0,0,100,1946
1787421962.9605854,6865.359,0,0,100,1946
1787421963.9888456,6866.387,0,0,100,1946
1787421965.018969,6867.417,0,0,99,1946
1787421966.048294,6868.446,0,0,100,1946
1787421967.0784194,6869.477,0,0,100,1946
1787421968.1059482,6870.504,0,0,100,1946
1787421969.1330576,6871.531,0,0,100,1946
1787421970.1602683,6872.558,0,0,100,1946
1787421971.1926756,6873.591,0,0,100,1946
1787421972.2203438,6874.618,0,0,100,1946
1787421973.2480233,6875.646,0,0,100,1946
1787421974.2773902,6876.675,0,0,100,1946
1787421975.3071775,6877.705,0,0,99,1946
1787421976.338424,6878.737,0,0,100,1946
1787421977.3717148,6879.77,0,0,100,1946
1787421978.4050996,6880.803,0,0,100,1946
1787421979.4335346,6881.832,0,0,100,1946
1787421980.4670331,6882.865,0,0,100,1946
1787421981.494664,6883.893,0,0,100,1946
1787421982.524499,6884.923,0,0,100,1946
1787421983.5535278,6885.952,0,0,100,1946
1787421984.5845766,6886.983,0,0,99,1946
1787421985.6119297,6888.01,0,0,100,1946
1787421986.645411,6889.043,0,0,100,1946
1787421987.6726737,6890.071,0,0,100,1946
1787421988.7004619,6891.099,0,0,100,1946
1787421989.7302618,6892.128,0,0,100,1946
1787421990.7589436,6893.157,0,0,100,1946
1787421991.7875018,6894.186,0,0,100,1946
1787421992.8179932,6895.216,0,0,100,1946
1787421993.848454,6896.247,0,0,99,1946
1787421994.8780005,6897.276,0,0,100,1946
1787421995.904436,6898.303,0,0,100,1946
1787421996.9352522,6899.333,0,0,100,1946
1787421997.964165,6900.362,0,0,100,1946
1787421998.99395,6901.392,0,0,100,1946
1787422000.020937,6902.419,0,0,100,1946
1787422001.0500343,6903.448,0,0,100,1946
1787422002.0765624,6904.475,0,0,100,1946
1787422003.1090622,6905.507,0,0,100,1946
1787422004.136341,6906.534,0,0,99,1946
1787422005.1656115,6907.564,0,0,100,1946
1787422006.1989293,6908.597,0,0,100,1946
1787422007.2276218,6909.626,0,0,100,1946
1787422008.2562585,6910.654,0,0,100,1946
1787422009.2877145,6911.686,0,0,100,1946
1787422010.3154533,6912.714,0,0,100,1946
1787422011.3453233,6913.743,0,0,100,1946
1787422012.375462,6914.774,0,0,100,1946
1787422013.4058704,6915.804,0,0,100,1946
1787422014.4387133,6916.837,0,0,99,1946
1787422015.4690375,6917.867,0,0,100,1946
1787422016.4996822,6918.898,0,0,100,1946
1787422017.5298624,6919.928,0,0,100,1946
1787422018.5596616,6920.958,0,0,100,1946
1787422019.5910044,6921.989,0,0,100,1946
1787422020.621162,6923.019,0,0,100,1946
1787422021.6483026,6924.046,0,0,100,1946
1787422022.6771133,6925.075,0,0,99,1946
1787422023.7071092,6926.105,0,0,100,1946
1787422024.7355785,6927.134,0,0,100,1946
1787422025.7621987,6928.16,0,0,100,1946
1787422026.789391,6929.187,0,0,100,1946
1787422027.817434,6930.216,0,0,100,1946
1787422028.8471365,6931.245,0,0,100,1946
1787422029.8769739,6932.275,0,0,100,1946
1787422030.9034739,6933.302,0,0,100,1946
1787422031.9357283,6934.334,0,0,100,1946
1787422032.9635894,6935.362,0,0,99,1946
1787422033.9915905,6936.39,0,0,100,1946
1787422035.0195389,6937.418,0,0,100,1946
1787422036.0522318,6938.45,0,0,100,1946
1787422037.0857313,6939.484,0,0,100,1946
1787422038.1180968,6940.516,0,0,100,1946
1787422039.1478682,6941.546,0,0,100,1946
1787422040.1762862,6942.574,0,0,100,1946
1787422041.2086487,6943.607,0,0,100,1946
1787422042.239206,6944.637,0,0,100,1946
1787422043.2674494,6945.666,0,0,99,1946
1787422044.29764,6946.696,0,0,100,1946
1787422045.330046,6947.728,0,0,100,1946
1787422046.3617446,6948.76,0,0,100,1946
1787422047.3922179,6949.79,0,0,100,1946
1787422048.4193757,6950.817,0,0,100,1946
1787422049.4497976,6951.848,0,0,100,1946
1787422050.4798543,6952.878,0,0,100,1946
1787422051.509762,6953.908,0,0,100,1946
1787422052.539816,6954.938,0,0,100,1946
1787422053.5673742,6955.965,0,0,100,1946
1787422054.6011004,6956.999,0,0,100,1946
1787422055.6319697,6958.03,0,0,100,1946
1787422056.6617544,6959.06,0,0,100,1946
1787422057.6936722,6960.092,0,0,100,1946
1787422058.7222905,6961.12,0,0,100,1946
1787422059.7497127,6962.148,0,0,100,1946
1787422060.7765534,6963.175,0,0,100,1946
1787422061.8061147,6964.204,0,0,99,1946
1787422062.8327696,6965.231,0,0,100,1946
1787422063.8601193,6966.258,0,0,100,1946
1787422064.8891416,6967.287,0,0,100,1946
1787422065.914991,6968.313,0,0,100,1946
1787422066.9433856,6969.341,0,0,100,1946
1787422067.9730384,6970.371,0,0,100,1946
1787422069.0056622,6971.404,0,0,100,1946
1787422070.0383859,6972.436,0,0,100,1946
1787422071.0692132,6973.467,0,0,100,1946
1787422072.0992076,6974.497,0,0,99,1946
1787422073.130837,6975.529,0,0,100,1946
1787422074.1623232,6976.56,0,0,100,1946
1787422075.189699,6977.588,0,0,100,1946
1787422076.219649,6978.618,0,0,100,1946
1787422077.2490513,6979.647,0,0,100,1946
1787422078.2755845,6980.674,0,0,100,1946
1787422079.3055134,6981.704,0,0,100,1946
1787422080.3375037,6982.736,0,0,100,1946
1787422081.366887,6983.765,0,0,99,1946
1787422082.3987112,6984.797,0,0,100,1946
1787422083.4255593,6985.824,0,0,100,1946
1787422084.458521,6986.857,0,0,100,1946
1787422085.487719,6987.886,0,0,100,1946
1787422086.5158145,6988.914,0,0,100,1946
1787422087.5431159,6989.941,0,0,100,1946
1787422088.569055,6990.967,0,0,100,1946
1787422089.599001,6991.997,0,0,100,1946
1787422090.629135,6993.027,0,0,100,1946
1787422091.6577337,6994.056,0,0,99,1946
1787422092.6880727,6995.086,0,0,100,1946
1787422093.7149897,6996.113,0,0,100,1946
1787422094.7417147,6997.14,0,0,100,1946
1787422095.7718346,6998.17,0,0,100,1946
1787422096.8001037,6999.198,0,0,100,1946
1787422097.8305948,7000.229,0,0,100,1946
1787422098.8624594,7001.261,0,0,100,1946
1787422099.89291,7002.291,0,0,100,1946
1787422100.9216373,7003.32,0,0,100,1946
1787422101.950927,7004.349,0,0,100,1946
1787422102.980954,7005.379,0,0,100,1946
1787422104.0084348,7006.407,0,0,100,1946
1787422105.0377116,7007.436,0,0,100,1946
1787422106.0693195,7008.467,0,0,100,1946
1787422107.0991192,7009.497,0,0,100,1946
1787422108.1259186,7010.524,0,0,100,1946
1787422109.1527412,7011.551,0,0,100,1946
1787422110.1815383,7012.58,0,0,100,1946
1787422111.2159152,7013.614,0,0,100,1946
1787422112.2476478,7014.646,0,0,100,1946
1787422113.2777848,7015.676,0,0,100,1946
1787422114.305968,7016.704,0,0,100,1946
1787422115.3330433,7017.731,0,0,100,1946
1787422116.364225,7018.762,0,0,100,1946
1787422117.3943598,7019.792,0,0,100,1946
1787422118.4244483,7020.823,0,0,100,1946
1787422119.4550521,7021.853,0,0,100,1946
1787422120.4829812,7022.881,0,0,100,1946
1787422121.5141065,7023.912,0,0,100,1946
1787422122.540725,7024.939,0,0,100,1946
1787422123.5688784,7025.967,0,0,100,1946
1787422124.598455,7026.997,0,0,100,1946
1787422125.6269014,7028.025,0,0,100,1946
1787422126.6534977,7029.052,0,0,100,1946
1787422127.6800144,7030.078,0,0,100,1946
1787422128.7069547,7031.105,0,0,100,1946
1787422129.7343414,7032.132,0,0,100,1946
1787422130.7632709,7033.161,0,0,100,1946
1787422131.7932062,7034.191,0,0,100,1946
1787422132.822709,7035.221,0,0,100,1946
1787422133.855968,7036.254,0,0,100,1946
1787422134.8882895,7037.286,0,0,100,1946
1787422135.9178567,7038.316,0,0,100,1946
1787422136.9479997,7039.346,0,0,100,1946
1787422137.9805954,7040.379,0,0,100,1946
1787422139.0146546,7041.413,0,0,100,1946
1787422140.0430913,7042.441,0,0,100,1946
1787422141.0708802,7043.469,0,0,100,1946
1787422142.097641,7044.496,0,0,100,1946
1787422143.1264315,7045.525,0,0,100,1946
1787422144.157996,7046.556,0,0,100,1946
1787422145.1852756,7047.583,0,0,100,1946
1787422146.2147768,7048.613,0,0,100,1946
1787422147.2414467,7049.64,0,0,100,1946
1787422148.2715788,7050.67,0,0,100,1946
1787422149.3014095,7051.699,0,0,100,1946
1787422150.3308609,7052.729,0,0,100,1946
1787422151.3637104,7053.762,0,0,100,1946
1787422152.3933039,7054.791,0,0,100,1946
1787422153.4228897,7055.821,0,0,100,1946
1787422154.4579387,7056.856,0,0,100,1946
1787422155.4901571,7057.888,0,0,100,1946
1787422156.5175257,7058.916,0,0,100,1946
1787422157.5501251,7059.948,0,0,100,1946
1787422158.5805998,7060.979,0,0,100,1946
1787422159.6094987,7062.008,0,0,100,1946
1787422160.6397057,7063.038,0,0,100,1946
1787422161.667707,7064.066,0,0,100,1946
1787422162.6970148,7065.095,0,0,100,1946
1787422163.7232578,7066.121,0,0,100,1946
1787422164.7523172,7067.15,0,0,100,1946
1787422165.7830343,7068.181,0,0,100,1946
1787422166.8126233,7069.211,0,0,100,1946
1787422167.8405845,7070.239,0,0,100,1946
1787422168.868663,7071.267,0,0,100,1946
1787422169.9024308,7072.301,0,0,100,1946
1787422170.9333105,7073.331,0,0,100,1946
1787422171.9658494,7074.364,0,0,100,1946
1787422172.9964614,7075.395,0,0,100,1946
1787422174.027079,7076.425,0,0,100,1946
1787422175.0604584,7077.459,0,0,100,1946
1787422176.089449,7078.488,0,0,99,1946
1787422177.117498,7079.516,0,0,100,1946
1787422178.148841,7080.547,0,0,100,1946
1787422179.1779416,7081.576,0,0,100,1946
1787422180.206924,7082.605,0,0,100,1946
1787422181.2332366,7083.631,0,0,100,1946
1787422182.2607772,7084.659,0,0,100,1946
1787422183.2947793,7085.693,0,0,100,1946
1787422184.325522,7086.724,0,0,100,1946
1787422185.3542614,7087.752,0,0,100,1946
1787422186.3890958,7088.787,0,0,99,1946
1787422187.4223642,7089.82,0,0,100,1946
1787422188.4569247,7090.855,0,0,100,1946
1787422189.4840736,7091.882,0,0,100,1946
1787422190.5113783,7092.909,0,0,100,1946
1787422191.5408216,7093.939,0,0,100,1946
1787422192.5699918,7094.968,0,0,100,1946
1787422193.5967317,7095.995,0,0,100,1946
1787422194.6261103,7097.024,0,0,100,1946
1787422195.6535435,7098.052,0,0,99,1946
1787422196.6870196,7099.085,0,0,100,1946
1787422197.7164803,7100.115,0,0,100,1946
1787422198.7462118,7101.144,0,0,100,1946
1787422199.775923,7102.174,0,0,100,1946
1787422200.8027537,7103.201,0,0,100,1946
1787422201.831687,7104.23,0,0,100,1946
1787422202.8584769,7105.257,0,0,100,1946
1787422203.8882272,7106.286,0,0,100,1946
1787422204.918213,7107.316,0,0,100,1946
1787422205.9450705,7108.343,0,0,99,1946
1787422206.9744742,7109.373,0,0,100,1946
1787422208.0005858,7110.399,0,0,100,1946
1787422209.0308812,7111.429,0,0,100,1946
1787422210.0590553,7112.457,0,0,100,1946
1787422211.089085,7113.487,0,0,100,1946
1787422212.1203547,7114.518,0,0,100,1946
1787422213.149679,7115.548,0,0,100,1946
1787422214.179677,7116.578,0,0,100,1946
1787422215.2123506,7117.61,0,0,100,1946
1787422216.2427526,7118.641,0,0,100,1946
1787422217.2696338,7119.668,0,0,100,1946
1787422218.3003387,7120.698,0,0,100,1946
1787422219.3308752,7121.729,0,0,100,1946
1787422220.3583295,7122.756,0,0,100,1946
1787422221.3859687,7123.784,0,0,100,1946
1787422222.4134703,7124.812,0,0,100,1946
1787422223.4430406,7125.841,0,0,100,1946
1787422224.4763486,7126.874,0,0,99,1946
1787422225.5023816,7127.9,0,0,100,1946
1787422226.5314775,7128.93,0,0,100,1946
1787422227.5618942,7129.96,0,0,100,1946
1787422228.5890417,7130.987,0,0,100,1946
1787422229.6168303,7132.015,0,0,100,1946
1787422230.6454577,7133.044,0,0,100,1946
1787422231.6754951,7134.074,0,0,100,1946
1787422232.7048206,7135.103,0,0,100,1946
1787422233.7319028,7136.13,0,0,100,1946
1787422234.7622263,7137.16,0,0,99,1946
1787422235.7889512,7138.187,0,0,100,1946
1787422236.8172839,7139.215,0,0,100,1946
1787422237.8504927,7140.249,0,0,100,1946
1787422238.8801165,7141.278,0,0,100,1946
1787422239.9119067,7142.31,0,0,100,1946
1787422240.9377418,7143.336,0,0,100,1946
1787422241.9671302,7144.365,0,0,100,1946
1787422242.9935355,7145.392,0,0,100,1946
1787422244.0199218,7146.418,0,0,100,1946
1787422245.0474184,7147.446,0,0,99,1946
1787422246.0801065,7148.478,0,0,100,1946
1787422247.1085758,7149.507,0,0,100,1946
1787422248.1367683,7150.535,0,0,100,1946
1787422249.166356,7151.564,0,0,100,1946
1787422250.194668,7152.593,0,0,100,1946
1787422251.227675,7153.626,0,0,100,1946
1787422252.25737,7154.655,0,0,100,1946
1787422253.2874088,7155.685,0,0,100,1946
1787422254.3198476,7156.718,0,0,99,1946
1787422255.349895,7157.748,0,0,100,1946
1787422256.3772116,7158.775,0,0,100,1946
1787422257.4068236,7159.805,0,0,100,1946
1787422258.4362106,7160.834,0,0,100,1946
1787422259.4664428,7161.865,0,0,100,1946
1787422260.4964755,7162.895,0,0,100,1946
1787422261.5258293,7163.924,0,0,100,1946
1787422262.5559514,7164.954,0,0,100,1946
1787422263.5826802,7165.981,0,0,99,1946
1787422264.6159885,7167.014,0,0,100,1946
1787422265.6435745,7168.042,0,0,100,1946
1787422266.672189,7169.07,0,0,100,1946
1787422267.7040317,7170.102,0,0,100,1946
1787422268.7301579,7171.128,0,0,100,1946
1787422269.7569628,7172.155,0,0,100,1946
1787422270.7854197,7173.184,0,0,100,1946
1787422271.8125553,7174.211,0,0,100,1946
1787422272.8414416,7175.24,0,0,100,1946
1787422273.874296,7176.272,0,0,99,1946
1787422274.9016063,7177.3,0,0,100,1946
1787422275.9282541,7178.326,0,0,100,1946
1787422276.95719,7179.355,0,0,100,1946
1787422277.9853215,7180.383,0,0,100,1946
1787422279.014629,7181.413,0,0,100,1946
1787422280.0418117,7182.44,0,0,100,1946
1787422281.072874,7183.471,0,0,100,1946
1787422282.1010728,7184.499,0,0,100,1946
1787422283.1333055,7185.531,0,0,100,1946
1787422284.163888,7186.562,0,0,99,1946
1787422285.1935542,7187.592,0,0,100,1946
1787422286.2225347,7188.621,0,0,100,1946
1787422287.2522,7189.65,0,0,100,1946
1787422288.2807982,7190.679,0,0,100,1946
1787422289.3126328,7191.711,0,0,100,1946
1787422290.3407176,7192.739,0,0,100,1946
1787422291.3725252,7193.771,0,0,100,1946
1787422292.3993933,7194.797,0,0,100,1946
1787422293.4274504,7195.826,0,0,99,1946
1787422294.4658585,7196.864,0,0,100,1946
1787422295.4938178,7197.892,0,0,100,1946
1787422296.5199556,7198.918,0,0,100,1946
1787422297.5484195,7199.947,0,0,100,1946
1787422298.581131,7200.979,0,0,100,1946
1787422299.6088846,7202.007,0,0,100,1946
1787422300.634352,7203.032,0,0,100,1946
1787422301.6639204,7204.062,0,0,100,1946
1787422302.691053,7205.089,0,0,99,1946
1787422303.7189343,7206.117,0,0,100,1946
1787422304.7530434,7207.151,0,0,100,1946
1787422305.779315,7208.177,0,0,100,1946
1787422306.8099375,7209.208,0,0,100,1946
1787422307.836219,7210.234,0,0,100,1946
1787422308.86563,7211.264,0,0,100,1946
1787422309.894854,7212.293,0,0,100,1946
1787422310.92435,7213.322,0,0,100,1946
1787422311.9526994,7214.351,0,0,100,1946
1787422312.9822323,7215.38,0,0,99,1946
1787422314.011573,7216.41,0,0,100,1946
1787422315.038319,7217.436,0,0,100,1946
1787422316.0685143,7218.467,0,0,100,1946
1787422317.0967813,7219.495,0,0,100,1946
1787422318.1307347,7220.529,0,0,100,1946
1787422319.158358,7221.556,0,0,100,1946
1787422320.1883178,7222.586,0,0,100,1946
1787422321.2190115,7223.617,0,0,100,1946
1787422322.2491934,7224.647,0,0,99,1946
1787422323.2812717,7225.679,0,0,100,1946
1787422324.3080137,7226.706,0,0,100,1946
1787422325.3347726,7227.733,0,0,100,1946
1787422326.3643591,7228.762,0,0,100,1946
1787422327.391653,7229.79,0,0,100,1946
1787422328.4254816,7230.824,0,0,100,1946
1787422329.4543037,7231.852,0,0,100,1946
1787422330.4812348,7232.879,0,0,100,1946
1787422331.5081973,7233.906,0,0,100,1946
1787422332.5376623,7234.936,0,0,99,1946
1787422333.5670316,7235.965,0,0,100,1946
1787422334.5955968,7236.994,0,0,100,1946
1787422335.6223485,7238.02,0,0,100,1946
1787422336.6521385,7239.05,0,0,100,1946
1787422337.679028,7240.077,0,0,100,1946
1787422338.7082615,7241.106,0,0,100,1946
1787422339.736633,7242.135,0,0,100,1946
1787422340.762973,7243.161,0,0,100,1946
1787422341.7964716,7244.195,0,0,99,1946
1787422342.824885,7245.223,0,0,100,1946
1787422343.858009,7246.256,0,0,100,1946
1787422344.8854322,7247.284,0,0,100,1946
1787422345.9153144,7248.313,0,0,100,1946
1787422346.9457886,7249.344,0,0,100,1946
1787422347.973312,7250.371,0,0,100,1946
1787422349.0064733,7251.405,0,0,100,1946
1787422350.0359077,7252.434,0,0,100,1946
1787422351.0660913,7253.464,0,0,99,1946
1787422352.0956795,7254.494,0,0,100,1946
1787422353.13053,7255.529,0,0,100,1946
1787422354.157508,7256.556,0,0,100,1946
1787422355.1844192,7257.583,0,0,100,1946
1787422356.2140462,7258.612,0,0,100,1946
1787422357.2470765,7259.645,0,0,100,1946
1787422358.279468,7260.678,0,0,100,1946
1787422359.3064692,7261.705,0,0,100,1946
1787422360.3361824,7262.734,0,0,100,1946
1787422361.3661633,7263.764,0,0,99,1946
1787422362.3958387,7264.794,0,0,100,1946
1787422363.425505,7265.824,0,0,100,1946
1787422364.4549031,7266.853,0,0,100,1946
1787422365.4820788,7267.88,0,0,100,1946
1787422366.5116575,7268.91,0,0,100,1946
1787422367.541664,7269.94,0,0,100,1946
1787422368.5705245,7270.969,0,0,100,1946
1787422369.6006892,7271.999,0,0,100,1946
1787422370.6276677,7273.026,0,0,100,1946
1787422371.6565862,7274.055,0,0,99,1946
1787422372.685882,7275.084,0,0,100,1946
1787422373.7131991,7276.111,0,0,100,1946
1787422374.7429125,7277.141,0,0,100,1946
1787422375.7708297,7278.169,0,0,100,1946
1787422376.7988784,7279.197,0,0,100,1946
1787422377.8263705,7280.224,0,0,100,1946
1787422378.8559856,7281.254,0,0,100,1946
1787422379.8821895,7282.28,0,0,99,1946
1787422380.912008,7283.31,0,0,100,1946
1787422381.940971,7284.339,0,0,100,1946
1787422382.9695604,7285.368,0,0,100,1946
1787422384.0021718,7286.4,0,0,100,1946
1787422385.0314245,7287.43,0,0,100,1946
1787422386.0588336,7288.457,0,0,100,1946
1787422387.086616,7289.485,0,0,100,1946
1787422388.1155643,7290.514,0,0,100,1946
1787422389.148098,7291.546,0,0,100,1946
1787422390.1810505,7292.579,0,0,99,1946
1787422391.2085195,7293.607,0,0,100,1946
1787422392.2385883,7294.637,0,0,100,1946
1787422393.266415,7295.664,0,0,100,1946
1787422394.298032,7296.696,0,0,100,1946
1787422395.331378,7297.729,0,0,100,1946
1787422396.3611956,7298.759,0,0,100,1946
1787422397.3877978,7299.786,0,0,100,1946
1787422398.417001,7300.815,0,0,100,1946
1787422399.449012,7301.847,0,0,100,1946
1787422400.480383,7302.878,0,0,99,1946
1787422401.5107296,7303.909,0,0,100,1946
1787422402.5393648,7304.937,0,0,100,1946
1787422403.5691721,7305.967,0,0,100,1946
1787422404.6003122,7306.998,0,0,100,1946
1787422405.631763,7308.03,0,0,100,1946
1787422406.6583667,7309.056,0,0,100,1946
1787422407.6870725,7310.085,0,0,100,1946
1787422408.7180436,7311.116,0,0,100,1946
1787422409.7471373,7312.145,0,0,99,1946
1787422410.773443,7313.172,0,0,100,1946
1787422411.80049,7314.199,0,0,100,1946
1787422412.8305497,7315.229,0,0,100,1946
1787422413.857449,7316.256,0,0,100,1946
1787422414.889472,7317.288,0,0,100,1946
1787422415.9221768,7318.32,0,0,100,1946
1787422416.95537,7319.353,0,0,100,1946
1787422417.9851828,7320.383,0,0,100,1946
1787422419.0149019,7321.413,0,0,99,1946
1787422420.0431235,7322.441,0,0,100,1946
1787422421.0716636,7323.47,0,0,100,1946
1787422422.1019127,7324.5,0,0,100,1946
1787422423.131426,7325.53,0,0,100,1946
1787422424.1629968,7326.561,0,0,100,1946
1787422425.1918128,7327.59,0,0,100,1946
1787422426.2184734,7328.617,0,0,100,1946
1787422427.2487416,7329.647,0,0,100,1946
1787422428.2753503,7330.673,0,0,100,1946
1787422429.3055794,7331.704,0,0,99,1946
1787422430.3322022,7332.73,0,0,100,1946
1787422431.3611197,7333.759,0,0,100,1946
1787422432.3880978,7334.786,0,0,100,1946
1787422433.4185154,7335.817,0,0,100,1946
1787422434.4458346,7336.844,0,0,100,1946
1787422435.4748178,7337.873,0,0,100,1946
1787422436.504496,7338.903,0,0,100,1946
1787422437.5342255,7339.932,0,0,100,1946
1787422438.5663917,7340.964,0,0,99,1946
1787422439.5961063,7341.994,0,0,100,1946
1787422440.6242838,7343.022,0,0,100,1946
1787422441.655875,7344.054,0,0,100,1946
1787422442.6853833,7345.083,0,0,100,1946
1787422443.7158737,7346.114,0,0,100,1946
1787422444.7444575,7347.143,0,0,100,1946
1787422445.7741985,7348.172,0,0,100,1946
1787422446.8069725,7349.205,0,0,100,1946
1787422447.8366156,7350.235,0,0,100,1946
1787422448.863045,7351.261,0,0,99,1946
1787422449.8906105,7352.289,0,0,100,1946
1787422450.923689,7353.322,0,0,100,1946
1787422451.952729,7354.351,0,0,100,1946
1787422452.9853976,7355.383,0,0,100,1946
1787422454.0144975,7356.413,0,0,100,1946
1787422455.0442994,7357.442,0,0,100,1946
1787422456.0735745,7358.472,0,0,100,1946
1787422457.1024368,7359.501,0,0,100,1946
1787422458.1309311,7360.529,0,0,99,1946
1787422459.1580641,7361.556,0,0,100,1946
1787422460.1846106,7362.583,0,0,100,1946
1787422461.2121136,7363.61,0,0,100,1946
1787422462.240014,7364.638,0,0,100,1946
1787422463.2680838,7365.666,0,0,100,1946
1787422464.2952266,7366.693,0,0,100,1946
1787422465.3230088,7367.721,0,0,100,1946
1787422466.3494785,7368.748,0,0,100,1946
1787422467.3795218,7369.778,0,0,99,1946
1787422468.4070532,7370.805,0,0,100,1946
1787422469.4367876,7371.835,0,0,100,1946
1787422470.4644728,7372.863,0,0,100,1946
1787422471.4893312,7373.887,0,0,100,1946
1787422472.5202034,7374.918,0,0,100,1946
1787422473.5534139,7375.951,0,0,100,1946
1787422474.5802324,7376.978,0,0,100,1946
1787422475.6082041,7378.006,0,0,100,1946
1787422476.637579,7379.036,0,0,100,1946
1787422477.665198,7380.063,0,0,99,1946
1787422478.6950185,7381.093,0,0,100,1946
1787422479.7209508,7382.119,0,0,100,1946
1787422480.7479985,7383.146,0,0,100,1946
1787422481.774493,7384.173,0,0,100,1946
1787422482.8039567,7385.202,0,0,100,1946
1787422483.8318534,7386.23,0,0,100,1946
1787422484.8620596,7387.26,0,0,100,1946
1787422485.8877218,7388.286,0,0,100,1946
1787422486.9149497,7389.313,0,0,100,1946
1787422487.9426174,7390.341,0,0,99,1946
1787422488.9706445,7391.369,0,0,100,1946
1787422489.9982584,7392.396,0,0,100,1946
1787422491.0309608,7393.429,0,0,100,1946
1787422492.0585387,7394.457,0,0,100,1946
1787422493.0881283,7395.486,0,0,100,1946
1787422494.1169436,7396.515,0,0,100,1946
1787422495.1437688,7397.542,0,0,100,1946
1787422496.172223,7398.57,0,0,100,1946
1787422497.2022445,7399.6,0,0,99,1946
1787422498.232,7400.63,0,0,100,1946
1787422499.260227,7401.658,0,0,100,1946
1787422500.286348,7402.684,0,0,100,1946
1787422501.3171153,7403.715,0,0,100,1946
1787422502.3435829,7404.742,0,0,100,1946
1787422503.370094,7405.768,0,0,100,1946
1787422504.4000921,7406.798,0,0,100,1946
1787422505.4266615,7407.825,0,0,100,1946
1787422506.4584386,7408.857,0,0,99,1946
1787422507.4880993,7409.886,0,0,100,1946
1787422508.5214987,7410.92,0,0,100,1946
1787422509.5496042,7411.948,0,0,100,1946
1787422510.5762296,7412.974,0,0,100,1946
1787422511.6100676,7414.008,0,0,100,1946
1787422512.6364174,7415.035,0,0,100,1946
1787422513.6668363,7416.065,0,0,100,1946
1787422514.6938636,7417.092,0,0,100,1946
1787422515.7215178,7418.12,0,0,100,1946
1787422516.7515302,7419.15,0,0,99,1946
1787422517.780853,7420.179,0,0,100,1946
1787422518.808419,7421.207,0,0,100,1946
1787422519.838156,7422.236,0,0,100,1946
1787422520.8673651,7423.265,0,0,100,1946
1787422521.8985627,7424.297,0,0,100,1946
1787422522.928601,7425.327,0,0,100,1946
1787422523.9555957,7426.354,0,0,100,1946
1787422524.9826295,7427.381,0,0,100,1946
1787422526.0152695,7428.413,0,0,99,1946
1787422527.044924,7429.443,0,0,100,1946
1787422528.0827353,7430.481,0,0,100,1946
1787422529.1150155,7431.513,0,0,100,1946
1787422530.1437914,7432.542,0,0,100,1946
1787422531.1762686,7433.574,0,0,100,1946
1787422532.2059233,7434.604,0,0,100,1946
1787422533.2343802,7435.632,0,0,100,1946
1787422534.2646375,7436.663,0,0,100,1946
1787422535.2923698,7437.69,0,0,100,1946
1787422536.3264287,7438.725,0,0,99,1946
1787422537.356899,7439.755,0,0,100,1946
1787422538.383792,7440.782,0,0,100,1946
1787422539.4105814,7441.809,0,0,100,1946
1787422540.437741,7442.836,0,0,100,1946
1787422541.4648907,7443.863,0,0,100,1946
1787422542.5003014,7444.898,0,0,100,1946
1787422543.5284762,7445.927,0,0,100,1946
1787422544.5544493,7446.953,0,0,100,1946
1787422545.586817,7447.985,0,0,99,1946
1787422546.6150305,7449.013,0,0,100,1946
1787422547.6414154,7450.039,0,0,100,1946
1787422548.668186,7451.066,0,0,100,1946
1787422549.6948729,7452.093,0,0,100,1946
1787422550.7228353,7453.121,0,0,100,1946
1787422551.7534955,7454.152,0,0,100,1946
1787422552.7804592,7455.179,0,0,100,1946
1787422553.8119452,7456.21,0,0,100,1946
1787422554.8478372,7457.246,0,0,99,1946
1787422555.8808627,7458.279,0,0,100,1946
1787422556.9136298,7459.312,0,0,100,1946
1787422557.9435046,7460.342,0,0,100,1946
1787422558.9735224,7461.372,0,0,100,1946
1787422560.0022085,7462.4,0,0,100,1946
1787422561.0295255,7463.428,0,0,100,1946
1787422562.0594323,7464.458,0,0,100,1946
1787422563.0876043,7465.486,0,0,100,1946
1787422564.1205046,7466.519,0,0,100,1946
1787422565.149854,7467.548,0,0,99,1946
1787422566.1810493,7468.579,0,0,100,1946
1787422567.2079117,7469.606,0,0,100,1946
1787422568.2412612,7470.639,0,0,100,1946
1787422569.270516,7471.669,0,0,100,1946
1787422570.3007617,7472.699,0,0,100,1946
1787422571.3277445,7473.726,0,0,100,1946
1787422572.3601418,7474.758,0,0,100,1946
1787422573.3876042,7475.786,0,0,100,1946
1787422574.4140444,7476.812,0,0,100,1946
1787422575.441447,7477.84,0,0,99,1946
1787422576.468329,7478.866,0,0,100,1946
1787422577.497046,7479.895,0,0,100,1946
1787422578.5245938,7480.923,0,0,100,1946
1787422579.5507128,7481.949,0,0,100,1946
1787422580.5808349,7482.979,0,0,100,1946
1787422581.607017,7484.005,0,0,100,1946
1787422582.6331286,7485.031,0,0,100,1946
1787422583.664208,7486.062,0,0,99,1946
1787422584.6907089,7487.089,0,0,100,1946
1787422585.7214096,7488.119,0,0,100,1946
1787422586.755574,7489.154,0,0,100,1946
1787422587.7823257,7490.18,0,0,100,1946
1787422588.812783,7491.211,0,0,100,1946
1787422589.8456876,7492.244,0,0,100,1946
1787422590.876926,7493.275,0,0,100,1946
1787422591.9037144,7494.302,0,0,100,1946
1787422592.933488,7495.332,0,0,100,1946
1787422593.961773,7496.36,0,0,99,1946
1787422594.9959118,7497.394,0,0,100,1946
1787422596.0279446,7498.426,0,0,100,1946
1787422597.061251,7499.459,0,0,100,1946
1787422598.0908883,7500.489,0,0,100,1946
1787422599.1169925,7501.515,0,0,100,1946
1787422600.1469681,7502.545,0,0,100,1946
1787422601.17283,7503.571,0,0,100,1946
1787422602.2007413,7504.599,0,0,100,1946
1787422603.2330565,7505.631,0,0,100,1946
1787422604.2595785,7506.658,0,0,99,1946
1787422605.2854185,7507.684,0,0,100,1946
1787422606.3137772,7508.712,0,0,100,1946
1787422607.343393,7509.741,0,0,100,1946
1787422608.3766513,7510.775,0,0,100,1946
1787422609.4067636,7511.805,0,0,100,1946
1787422610.4333048,7512.831,0,0,100,1946
1787422611.463079,7513.861,0,0,100,1946
1787422612.493384,7514.891,0,0,100,1946
1787422613.524535,7515.923,0,0,99,1946
1787422614.552656,7516.951,0,0,100,1946
1787422615.5793078,7517.977,0,0,100,1946
1787422616.6087482,7519.007,0,0,100,1946
1787422617.6374764,7520.036,0,0,100,1946
1787422618.6666453,7521.065,0,0,100,1946
1787422619.6992216,7522.097,0,0,100,1946
1787422620.726976,7523.125,0,0,100,1946
1787422621.760541,7524.159,0,0,100,1946
1787422622.7914188,7525.19,0,0,99,1946
1787422623.8189638,7526.217,0,0,100,1946
1787422624.8458877,7527.244,0,0,100,1946
1787422625.873791,7528.272,0,0,100,1946
1787422626.9004328,7529.299,0,0,100,1946
1787422627.9333668,7530.331,0,0,100,1946
1787422628.9632888,7531.361,0,0,100,1946
1787422629.9910078,7532.389,0,0,100,1946
1787422631.0184474,7533.417,0,0,100,1946
1787422632.0515127,7534.45,0,0,100,1946
1787422633.0793016,7535.477,0,0,99,1946
1787422634.1085353,7536.507,0,0,100,1946
1787422635.1359355,7537.534,0,0,100,1946
1787422636.1638758,7538.562,0,0,100,1946
1787422637.1909523,7539.589,0,0,100,1946
1787422638.2199514,7540.618,0,0,100,1946
1787422639.246628,7541.645,0,0,100,1946
1787422640.2792504,7542.677,0,0,100,1946
1787422641.314198,7543.712,0,0,100,1946
1787422642.3424683,7544.741,0,0,100,1946
1787422643.373126,7545.771,0,0,100,1946
1787422644.4026606,7546.801,0,0,100,1946
1787422645.4322739,7547.83,0,0,100,1946
1787422646.461348,7548.859,0,0,100,1946
1787422647.49295,7549.891,0,0,100,1946
1787422648.526912,7550.925,0,0,100,1946
1787422649.5566247,7551.955,0,0,100,1946
1787422650.5828147,7552.981,0,0,100,1946
1787422651.6115296,7554.01,0,0,100,1946
1787422652.641415,7555.039,0,0,99,1946
1787422653.669731,7556.068,0,0,100,1946
1787422654.6967216,7557.095,0,0,100,1946
1787422655.7258503,7558.124,0,0,100,1946
1787422656.755511,7559.154,0,0,100,1946
1787422657.785045,7560.183,0,0,100,1946
1787422658.8169298,7561.215,0,0,100,1946
1787422659.8452086,7562.243,0,0,100,1946
1787422660.8725386,7563.271,0,0,100,1946
1787422661.9026656,7564.301,0,0,99,1946
1787422662.9389071,7565.337,0,0,100,1946
1787422663.9652543,7566.363,0,0,100,1946
1787422664.9952238,7567.393,0,0,100,1946
1787422666.0260305,7568.424,0,0,100,1946
1787422667.0539012,7569.452,0,0,100,1946
1787422668.080033,7570.478,0,0,100,1946
1787422669.106775,7571.505,0,0,100,1946
1787422670.1365676,7572.535,0,0,100,1946
1787422671.164104,7573.562,0,0,100,1946
1787422672.1979382,7574.596,0,0,99,1946
1787422673.224,7575.622,0,0,100,1946
1787422674.248866,7576.647,0,0,100,1946
1787422675.277874,7577.676,0,0,100,1946
1787422676.305481,7578.704,0,0,100,1946
1787422677.3350685,7579.733,0,0,100,1946
1787422678.362313,7580.76,0,0,100,1946
1787422679.390308,7581.788,0,0,100,1946
1787422680.417966,7582.816,0,0,100,1946
1787422681.447188,7583.845,0,0,99,1946
1787422682.4804282,7584.879,0,0,100,1946
1787422683.5106661,7585.909,0,0,100,1946
1787422684.5406377,7586.939,0,0,100,1946
1787422685.568589,7587.967,0,0,100,1946
1787422686.5944169,7588.993,0,0,100,1946
1787422687.6259744,7590.024,0,0,100,1946
1787422688.6524947,7591.051,0,0,100,1946
1787422689.6793478,7592.077,0,0,100,1946
1787422690.7087698,7593.107,0,0,100,1946
1787422691.7364533,7594.135,0,0,99,1946
1787422692.763466,7595.162,0,0,100,1946
1787422693.7929351,7596.191,0,0,100,1946
1787422694.821946,7597.22,0,0,100,1946
1787422695.8506072,7598.249,0,0,100,1946
1787422696.8800724,7599.278,0,0,100,1946
1787422697.9092655,7600.307,0,0,100,1946
1787422698.9433172,7601.341,0,0,100,1946
1787422699.97745,7602.376,0,0,100,1946
1787422701.0060465,7603.404,0,0,99,1946
1787422702.0348783,7604.433,0,0,100,1946
1787422703.061369,7605.459,0,0,100,1946
1787422704.0910702,7606.489,0,0,100,1946
1787422705.1193488,7607.517,0,0,100,1946
1787422706.1499307,7608.548,0,0,100,1946
1787422707.1793137,7609.577,0,0,100,1946
1787422708.2094364,7610.608,0,0,100,1946
1787422709.239888,7611.638,0,0,100,1946
1787422710.2712667,7612.669,0,0,99,1946
1787422711.300601,7613.699,0,0,100,1946
1787422712.3274736,7614.726,0,0,100,1946
1787422713.3543897,7615.752,0,0,100,1946
1787422714.3814776,7616.78,0,0,100,1946
1787422715.408751,7617.807,0,0,100,1946
1787422716.4381108,7618.836,0,0,100,1946
1787422717.4668014,7619.865,0,0,100,1946
1787422718.4952524,7620.893,0,0,100,1946
1787422719.5302846,7621.928,0,0,100,1946
1787422720.559249,7622.957,0,0,99,1946
1787422721.5924518,7623.991,0,0,100,1946
1787422722.6217928,7625.02,0,0,100,1946
1787422723.651176,7626.049,0,0,100,1946
1787422724.6777425,7627.076,0,0,100,1946
1787422725.7049308,7628.103,0,0,100,1946
1787422726.7368145,7629.135,0,0,100,1946
1787422727.7631993,7630.161,0,0,100,1946
1787422728.7916434,7631.19,0,0,100,1946
1787422729.8186803,7632.217,0,0,100,1946
1787422730.8469844,7633.245,0,0,99,1946
1787422731.8748417,7634.273,0,0,100,1946
1787422732.9026163,7635.301,0,0,100,1946
1787422733.9292257,7636.327,0,0,100,1946
1787422734.9596808,7637.358,0,0,100,1946
1787422735.9924982,7638.391,0,0,100,1946
1787422737.0255427,7639.424,0,0,100,1946
1787422738.0531693,7640.451,0,0,100,1946
1787422739.085875,7641.484,0,0,100,1946
1787422740.1159406,7642.514,0,0,100,1946
1787422741.1430552,7643.541,0,0,100,1946
1787422742.1723557,7644.57,0,0,100,1946
1787422743.2021883,7645.6,0,0,100,1946
1787422744.2284713,7646.627,0,0,100,1946
1787422745.2574067,7647.655,0,0,100,1946
1787422746.290192,7648.688,0,0,100,1946
1787422747.3191748,7649.717,0,0,100,1946
1787422748.3523376,7650.75,0,0,100,1946
1787422749.3819084,7651.78,0,0,99,1946
1787422750.4117632,7652.81,0,0,100,1946
1787422751.4391963,7653.837,0,0,100,1946
1787422752.4676719,7654.866,0,0,100,1946
1787422753.4967194,7655.895,0,0,100,1946
1787422754.524247,7656.922,0,0,100,1946
1787422755.5507033,7657.949,0,0,100,1946
1787422756.581936,7658.98,0,0,100,1946
1787422757.6095245,7660.008,0,0,100,1946
1787422758.63877,7661.037,0,0,100,1946
1787422759.667135,7662.065,0,0,100,1946
1787422760.693133,7663.091,0,0,100,1946
1787422761.720534,7664.119,0,0,100,1946
1787422762.7488782,7665.147,0,0,100,1946
1787422763.7785697,7666.177,0,0,100,1946
1787422764.8078442,7667.206,0,0,100,1946
1787422765.8366232,7668.235,0,0,100,1946
1787422766.866811,7669.265,0,0,100,1946
1787422767.8960154,7670.294,0,0,100,1946
1787422768.9295945,7671.328,0,0,99,1946
1787422769.9599655,7672.358,0,0,100,1946
1787422770.9862914,7673.384,0,0,100,1946
1787422772.0143971,7674.412,0,0,100,1946
1787422773.0447357,7675.443,0,0,100,1946
1787422774.0749574,7676.473,0,0,100,1946
1787422775.101594,7677.5,0,0,100,1946
1787422776.1280084,7678.526,0,0,100,1946
1787422777.1563113,7679.554,0,0,100,1946
1787422778.1870763,7680.585,0,0,100,1946
1787422779.2154832,7681.614,0,0,99,1946
1787422780.2428715,7682.641,0,0,100,1946
1787422781.26897,7683.667,0,0,100,1946
1787422782.2973711,7684.695,0,0,100,1946
1787422783.3250349,7685.723,0,0,100,1946
1787422784.356791,7686.755,0,0,100,1946
1787422785.3857763,7687.784,0,0,100,1946
1787422786.412632,7688.811,0,0,100,1946
1787422787.439391,7689.837,0,0,100,1946
1787422788.4696612,7690.868,0,0,99,1946
1787422789.5021384,7691.9,0,0,100,1946
1787422790.537384,7692.935,0,0,100,1946
1787422791.5657802,7693.964,0,0,100,1946
1787422792.5952485,7694.993,0,0,100,1946
1787422793.6215775,7696.02,0,0,100,1946
1787422794.6498952,7697.048,0,0,100,1946
1787422795.6785696,7698.077,0,0,100,1946
1787422796.706783,7699.105,0,0,100,1946
1787422797.7370136,7700.135,0,0,99,1946
1787422798.7674549,7701.166,0,0,100,1946
1787422799.7975802,7702.196,0,0,100,1946
1787422800.829111,7703.227,0,0,100,1946
1787422801.859217,7704.257,0,0,100,1946
1787422802.8923573,7705.29,0,0,100,1946
1787422803.9254203,7706.324,0,0,100,1946
1787422804.98169,7707.38,0,0,100,1946
1787422806.0092914,7708.407,0,0,100,1946
1787422807.037056,7709.435,0,0,100,1946
1787422808.0632958,7710.461,0,0,99,1946
1787422809.0900383,7711.488,0,0,100,1946
1787422810.118322,7712.516,0,0,100,1946
1787422811.1457205,7713.544,0,0,100,1946
1787422812.1762574,7714.574,0,0,100,1946
1787422813.2060564,7715.604,0,0,100,1946
1787422814.2334356,7716.632,0,0,100,1946
1787422815.2649176,7717.663,0,0,100,1946
1787422816.2910419,7718.689,0,0,100,1946
1787422817.3171918,7719.715,0,0,100,1946
1787422818.344119,7720.742,0,0,99,1946
1787422819.3730094,7721.771,0,0,100,1946
1787422820.401265,7722.799,0,0,100,1946
1787422821.4318354,7723.83,0,0,100,1946
1787422822.4587095,7724.857,0,0,100,1946
1787422823.485913,7725.884,0,0,100,1946
1787422824.5171065,7726.915,0,0,100,1946
1787422825.5449007,7727.943,0,0,100,1946
1787422826.5746987,7728.973,0,0,99,1946
1787422827.6058521,7730.004,0,0,100,1946
1787422828.6330757,7731.031,0,0,100,1946
1787422829.6661406,7732.064,0,0,100,1946
1787422830.6925201,7733.091,0,0,100,1946
1787422831.7249708,7734.123,0,0,100,1946
1787422832.7524967,7735.151,0,0,100,1946
1787422833.7797122,7736.178,0,0,100,1946
1787422834.8088384,7737.207,0,0,100,1946
1787422835.8361785,7738.234,0,0,100,1946
1787422836.8670802,7739.265,0,0,99,1946
1787422837.8995278,7740.298,0,0,100,1946
1787422838.9312778,7741.329,0,0,100,1946
1787422839.9614103,7742.359,0,0,100,1946
1787422840.9894366,7743.388,0,0,100,1946
1787422842.016116,7744.414,0,0,100,1946
1787422843.0466225,7745.445,0,0,100,1946
1787422844.078997,7746.477,0,0,100,1946
1787422845.1067765,7747.505,0,0,100,1946
1787422846.1340864,7748.532,0,0,100,1946
1787422847.160773,7749.559,0,0,99,1946
1787422848.1897242,7750.588,0,0,100,1946
1787422849.2182903,7751.616,0,0,100,1946
1787422850.2477567,7752.646,0,0,100,1946
1787422851.276086,7753.674,0,0,100,1946
1787422852.306518,7754.705,0,0,100,1946
1787422853.3385482,7755.737,0,0,100,1946
1787422854.3653498,7756.763,0,0,100,1946
1787422855.3947077,7757.793,0,0,100,1946
1787422856.4231637,7758.821,0,0,99,1946
1787422857.4544942,7759.853,0,0,100,1946
1787422858.4848006,7760.883,0,0,100,1946
1787422859.5114179,7761.91,0,0,100,1946
1787422860.5413992,7762.939,0,0,100,1946
1787422861.571069,7763.969,0,0,100,1946
1787422862.599543,7764.998,0,0,100,1946
1787422863.6349885,7766.033,0,0,100,1946
1787422864.6617663,7767.06,0,0,100,1946
1787422865.691107,7768.089,0,0,99,1946
1787422866.7247427,7769.123,0,0,100,1946
1787422867.7570162,7770.155,0,0,100,1946
1787422868.7827773,7771.181,0,0,100,1946
1787422869.8099446,7772.208,0,0,100,1946
1787422870.8397758,7773.238,0,0,100,1946
1787422871.8696496,7774.268,0,0,100,1946
1787422872.8981242,7775.296,0,0,100,1946
1787422873.929034,7776.327,0,0,100,1946
1787422874.9597292,7777.358,0,0,100,1946
1787422875.986617,7778.385,0,0,99,1946
1787422877.0134602,7779.412,0,0,100,1946
1787422878.0410984,7780.439,0,0,100,1946
1787422879.0706103,7781.469,0,0,100,1946
1787422880.1079516,7782.506,0,0,100,1946
1787422881.1346416,7783.533,0,0,100,1946
1787422882.1640828,7784.562,0,0,100,1946
1787422883.19644,7785.595,0,0,100,1946
1787422884.2268033,7786.625,0,0,100,1946
1787422885.2566357,7787.655,0,0,100,1946
1787422886.2899792,7788.688,0,0,99,1946
1787422887.3166187,7789.715,0,0,100,1946
1787422888.3448591,7790.743,0,0,100,1946
1787422889.3732352,7791.771,0,0,100,1946
1787422890.4042866,7792.802,0,0,100,1946
1787422891.434413,7793.832,0,0,100,1946
1787422892.46785,7794.866,0,0,100,1946
1787422893.4956264,7795.894,0,0,100,1946
1787422894.5269876,7796.925,0,0,100,1946
1787422895.5533586,7797.951,0,0,99,1946
1787422896.5843384,7798.982,0,0,100,1946
1787422897.6114023,7800.009,0,0,100,1946
1787422898.6407025,7801.039,0,0,100,1946
1787422899.6679451,7802.066,0,0,100,1946
1787422900.694413,7803.092,0,0,100,1946
1787422901.7265365,7804.125,0,0,100,1946
1787422902.755471,7805.154,0,0,100,1946
1787422903.7849352,7806.183,0,0,100,1946
1787422904.810951,7807.209,0,0,99,1946
1787422905.8404338,7808.239,0,0,100,1946
1787422906.8711634,7809.269,0,0,100,1946
1787422907.8988223,7810.297,0,0,100,1946
1787422908.9290242,7811.327,0,0,100,1946
1787422909.9566417,7812.355,0,0,100,1946
1787422910.9844654,7813.383,0,0,100,1946
1787422912.015482,7814.414,0,0,100,1946
1787422913.048919,7815.447,0,0,100,1946
1787422914.0760486,7816.474,0,0,100,1946
1787422915.1040394,7817.502,0,0,99,1946
1787422916.1329794,7818.531,0,0,100,1946
1787422917.1590333,7819.557,0,0,100,1946
1787422918.1912825,7820.589,0,0,100,1946
1787422919.2239516,7821.622,0,0,100,1946
1787422920.2520685,7822.65,0,0,100,1946
1787422921.2854137,7823.683,0,0,100,1946
1787422922.3150127,7824.713,0,0,100,1946
1787422923.3485284,7825.747,0,0,100,1946
1787422924.3756366,7826.774,0,0,99,1946
1787422925.4085932,7827.807,0,0,100,1946
1787422926.4359808,7828.834,0,0,100,1946
1787422927.4647284,7829.863,0,0,100,1946
1787422928.4943295,7830.892,0,0,100,1946
1787422929.5235934,7831.922,0,0,100,1946
1787422930.5560167,7832.954,0,0,100,1946
1787422931.58348,7833.982,0,0,100,1946
1787422932.612966,7835.011,0,0,100,1946
1787422933.6470006,7836.045,0,0,100,1946
1787422934.6739259,7837.072,0,0,99,1946
1787422935.7006357,7838.099,0,0,100,1946
1787422936.728119,7839.126,0,0,100,1946
1787422937.7581544,7840.156,0,0,100,1946
1787422938.7868063,7841.185,0,0,100,1946
1787422939.8206522,7842.219,0,0,100,1946
1787422940.8503,7843.248,0,0,100,1946
1787422941.8815393,7844.28,0,0,100,1946
1787422942.912331,7845.31,0,0,100,1946
1787422943.9448762,7846.343,0,0,99,1946
1787422944.971607,7847.37,0,0,100,1946
1787422945.9986074,7848.397,0,0,100,1946
1787422947.0259652,7849.424,0,0,100,1946
1787422948.0582843,7850.456,0,0,100,1946
1787422949.0849657,7851.483,0,0,100,1946
1787422950.1109812,7852.509,0,0,100,1946
1787422951.1371195,7853.535,0,0,100,1946
1787422952.1660419,7854.564,0,0,100,1946
1787422953.197693,7855.596,0,0,99,1946
1787422954.2267885,7856.625,0,0,100,1946
1787422955.2594557,7857.658,0,0,100,1946
1787422956.2925506,7858.691,0,0,100,1946
1787422957.3196025,7859.718,0,0,100,1946
1787422958.3556142,7860.754,0,0,100,1946
1787422959.382994,7861.781,0,0,100,1946
1787422960.4103804,7862.808,0,0,100,1946
1787422961.4405606,7863.839,0,0,100,1946
1787422962.469802,7864.868,0,0,100,1946
1787422963.499569,7865.898,0,0,99,1946
1787422964.5295942,7866.928,0,0,100,1946
1787422965.5628035,7867.961,0,0,100,1946
1787422966.5895598,7868.988,0,0,100,1946
1787422967.619333,7870.017,0,0,100,1946
1787422968.6470962,7871.045,0,0,100,1946
1787422969.6742158,7872.072,0,0,100,1946
1787422970.7017217,7873.1,0,0,100,1946
1787422971.7290654,7874.127,0,0,100,1946
1787422972.7549863,7875.153,0,0,100,1946
1787422973.7820666,7876.18,0,0,99,1946
1787422974.8087604,7877.207,0,0,100,1946
1787422975.8378108,7878.236,0,0,100,1946
1787422976.8665137,7879.265,0,0,100,1946
1787422977.8976476,7880.296,0,0,100,1946
1787422978.93056,7881.329,0,0,100,1946
1787422979.9610047,7882.359,0,0,100,1946
1787422980.988421,7883.387,0,0,100,1946
1787422982.0215273,7884.42,0,0,100,1946
1787422983.0508575,7885.449,0,0,100,1946
1787422984.0807045,7886.479,0,0,100,1946
1787422985.1085901,7887.507,0,0,100,1946
1787422986.1358974,7888.534,0,0,100,1946
1787422987.1619406,7889.56,0,0,100,1946
1787422988.187984,7890.586,0,0,100,1946
1787422989.2188652,7891.617,0,0,100,1946
1787422990.2470813,7892.645,0,0,100,1946
1787422991.2728455,7893.671,0,0,100,1946
1787422992.2995217,7894.698,0,0,100,1946
1787422993.3267066,7895.725,0,0,100,1946
1787422994.356472,7896.755,0,0,100,1946
1787422995.385924,7897.784,0,0,100,1946
1787422996.4151874,7898.813,0,0,100,1946
1787422997.441976,7899.84,0,0,100,1946
1787422998.4681864,7900.866,0,0,100,1946
1787422999.4997845,7901.898,0,0,100,1946
1787423000.5284312,7902.927,0,0,100,1946
1787423001.558233,7903.956,0,0,100,1946
1787423002.5891674,7904.987,0,0,100,1946
1787423003.6182373,7906.016,0,0,100,1946
1787423004.6494305,7907.048,0,0,100,1946
1787423005.6808095,7908.079,0,0,100,1946
1787423006.7095163,7909.108,0,0,100,1946
1787423007.739081,7910.137,0,0,100,1946
1787423008.766183,7911.164,0,0,100,1946
1787423009.7967615,7912.195,0,0,100,1946
1787423010.8257952,7913.224,0,0,100,1946
1787423011.8571866,7914.255,0,0,100,1946
1787423012.887225,7915.285,0,0,100,1946
1787423013.9193695,7916.317,0,0,100,1946
1787423014.9495933,7917.348,0,0,100,1946
1787423015.9892282,7918.387,0,0,100,1946
1787423017.0189135,7919.417,0,0,100,1946
1787423018.0456817,7920.444,0,0,100,1946
1787423019.077254,7921.475,0,0,100,1946
1787423020.1053953,7922.503,0,0,100,1946
1787423021.1325572,7923.531,0,0,100,1946
1787423022.1612453,7924.559,0,0,100,1946
1787423023.1942177,7925.592,0,0,100,1946
1787423024.2245033,7926.623,0,0,100,1946
1787423025.2531674,7927.651,0,0,100,1946
1787423026.2793717,7928.677,0,0,100,1946
1787423027.309051,7929.707,0,0,100,1946
1787423028.3415513,7930.74,0,0,100,1946
1787423029.369975,7931.768,0,0,100,1946
1787423030.3969798,7932.795,0,0,100,1946
1787423031.423701,7933.822,0,0,100,1946
1787423032.4515295,7934.85,0,0,100,1946
1787423033.4786062,7935.877,0,0,100,1946
1787423034.5078666,7936.906,0,0,100,1946
1787423035.539052,7937.937,0,0,100,1946
1787423036.566303,7938.964,0,0,100,1946
1787423037.597401,7939.995,0,0,100,1946
1787423038.6273615,7941.025,0,0,100,1946
1787423039.6573443,7942.055,0,0,100,1946
1787423040.6873097,7943.085,0,0,100,1946
1787423041.7149768,7944.113,0,0,100,1946
1787423042.7413323,7945.139,0,0,100,1946
1787423043.7750838,7946.173,0,0,100,1946
1787423044.803141,7947.201,0,0,100,1946
1787423045.8325741,7948.231,0,0,100,1946
1787423046.864952,7949.263,0,0,100,1946
1787423047.8959324,7950.294,0,0,100,1946
1787423048.9243171,7951.322,0,0,100,1946
1787423049.9528997,7952.351,0,0,100,1946
1787423050.980321,7953.378,0,0,100,1946
1787423052.0103135,7954.408,0,0,100,1946
1787423053.0370958,7955.435,0,0,100,1946
1787423054.0701764,7956.468,0,0,100,1946
1787423055.096872,7957.495,0,0,100,1946
1787423056.1232178,7958.521,0,0,100,1946
1787423057.1529162,7959.551,0,0,100,1946
1787423058.185613,7960.584,0,0,100,1946
1787423059.2184496,7961.617,0,0,99,1946
1787423060.2478201,7962.646,0,0,100,1946
1787423061.282032,7963.68,0,0,100,1946
1787423062.3155081,7964.714,0,0,100,1946
1787423063.3445652,7965.743,0,0,100,1946
1787423064.3709502,7966.769,0,0,100,1946
1787423065.397216,7967.795,0,0,100,1946
1787423066.427007,7968.825,0,0,100,1946
1787423067.4594917,7969.858,0,0,99,1946
1787423068.4879992,7970.886,0,0,100,1946
1787423069.516432,7971.915,0,0,100,1946
1787423070.5461526,7972.944,0,0,100,1946
1787423071.5794177,7973.978,0,0,100,1946
1787423072.611609,7975.01,0,0,100,1946
1787423073.6385865,7976.037,0,0,100,1946
1787423074.6681254,7977.066,0,0,100,1946
1787423075.6959267,7978.094,0,0,100,1946
1787423076.7263281,7979.124,0,0,100,1946
1787423077.7548745,7980.153,0,0,99,1946
1787423078.7830622,7981.181,0,0,100,1946
1787423079.8122063,7982.21,0,0,100,1946
1787423080.8379536,7983.236,0,0,100,1946
1787423081.8644097,7984.262,0,0,100,1946
1787423082.895544,7985.294,0,0,100,1946
1787423083.9239128,7986.322,0,0,100,1946
1787423084.951267,7987.349,0,0,100,1946
1787423085.981896,7988.38,0,0,100,1946
1787423087.0107625,7989.409,0,0,100,1946
1787423088.038355,7990.436,0,0,99,1946
1787423089.0660527,7991.464,0,0,100,1946
1787423090.0988898,7992.497,0,0,100,1946
1787423091.1253483,7993.523,0,0,100,1946
1787423092.1529408,7994.551,0,0,100,1946
1787423093.180208,7995.578,0,0,100,1946
1787423094.2092998,7996.607,0,0,100,1946
1787423095.2419257,7997.64,0,0,100,1946
1787423096.2718768,7998.67,0,0,100,1946
1787423097.3039608,7999.702,0,0,99,1946
1787423098.329594,8000.728,0,0,100,1946
1787423099.358645,8001.757,0,0,100,1946
1787423100.3865418,8002.785,0,0,100,1946
1787423101.4129794,8003.811,0,0,100,1946
1787423102.4388268,8004.837,0,0,100,1946
1787423103.467752,8005.866,0,0,100,1946
1787423104.4955585,8006.894,0,0,100,1946
1787423105.526796,8007.925,0,0,100,1946
1787423106.555194,8008.953,0,0,99,1946
1787423107.5854716,8009.984,0,0,100,1946
1787423108.6157103,8011.014,0,0,100,1946
1787423109.6450355,8012.043,0,0,100,1946
1787423110.6707523,8013.069,0,0,100,1946
1787423111.6973011,8014.095,0,0,100,1946
1787423112.723617,8015.122,0,0,100,1946
1787423113.7538946,8016.152,0,0,99,1946
1787423114.7850292,8017.183,0,0,100,1946
1787423115.8115315,8018.21,0,0,100,1946
1787423116.838712,8019.237,0,0,99,1946
1787423117.865861,8020.264,0,0,100,1946
1787423118.8946693,8021.293,0,0,100,1946
1787423119.9243195,8022.322,0,0,100,1946
1787423120.953534,8023.352,0,0,100,1946
1787423121.9827805,8024.381,0,0,100,1946
1787423123.0101004,8025.408,0,0,100,1946
1787423124.0395238,8026.438,0,0,100,1946
1787423125.0764916,8027.475,0,0,100,1946
1787423126.1069493,8028.505,0,0,99,1946
1787423127.137288,8029.535,0,0,100,1946
1787423128.1703396,8030.568,0,0,100,1946
1787423129.200639,8031.599,0,0,100,1946
1787423130.2293563,8032.627,0,0,100,1946
1787423131.2594895,8033.658,0,0,100,1946
1787423132.2890923,8034.687,0,0,100,1946
1787423133.3164258,8035.715,0,0,100,1946
1787423134.3451152,8036.743,0,0,100,1946
1787423135.3718653,8037.77,0,0,100,1946
1787423136.3989727,8038.797,0,0,99,1946
1787423137.4273674,8039.825,0,0,100,1946
1787423138.4601896,8040.858,0,0,100,1946
1787423139.4895434,8041.888,0,0,100,1946
1787423140.515466,8042.914,0,0,100,1946
1787423141.5449226,8043.943,0,0,100,1946
1787423142.5781424,8044.976,0,0,100,1946
1787423143.609898,8046.008,0,0,100,1946
1787423144.637082,8047.035,0,0,100,1946
1787423145.6702518,8048.068,0,0,99,1946
1787423146.6978416,8049.096,0,0,100,1946
1787423147.7277913,8050.126,0,0,100,1946
1787423148.7567909,8051.155,0,0,100,1946
1787423149.7868938,8052.185,0,0,100,1946
1787423150.8155158,8053.214,0,0,100,1946
1787423151.8446748,8054.243,0,0,100,1946
1787423152.8742816,8055.272,0,0,100,1946
1787423153.9059172,8056.304,0,0,100,1946
1787423154.9331002,8057.331,0,0,99,1946
1787423155.960739,8058.359,0,0,100,1946
1787423156.9872751,8059.385,0,0,100,1946
1787423158.0170965,8060.415,0,0,100,1946
1787423159.045089,8061.443,0,0,100,1946
1787423160.0718873,8062.47,0,0,100,1946
1787423161.10213,8063.5,0,0,100,1946
1787423162.1303983,8064.528,0,0,100,1946
1787423163.1608868,8065.559,0,0,100,1946
1787423164.1929872,8066.591,0,0,100,1946
1787423165.2193189,8067.617,0,0,99,1946
1787423166.2478213,8068.646,0,0,100,1946
1787423167.2745757,8069.673,0,0,100,1946
1787423168.3029158,8070.701,0,0,100,1946
1787423169.3328495,8071.731,0,0,100,1946
1787423170.3720899,8072.77,0,0,100,1946
1787423171.3986506,8073.797,0,0,100,1946
1787423172.4278445,8074.826,0,0,100,1946
1787423173.4580348,8075.856,0,0,100,1946
1787423174.4885798,8076.887,0,0,100,1946
1787423175.5180063,8077.916,0,0,99,1946
1787423176.5460577,8078.944,0,0,100,1946
1787423177.5727582,8079.971,0,0,100,1946
1787423178.6036463,8081.002,0,0,100,1946
1787423179.6343186,8082.032,0,0,100,1946
1787423180.660891,8083.059,0,0,100,1946
1787423181.6870732,8084.085,0,0,100,1946
1787423182.7139878,8085.112,0,0,100,1946
1787423183.7404017,8086.138,0,0,99,1946
1787423184.7702277,8087.168,0,0,100,1946
1787423185.7999952,8088.198,0,0,100,1946
1787423186.8279362,8089.226,0,0,100,1946
1787423187.855235,8090.253,0,0,100,1946
1787423188.8885214,8091.287,0,0,100,1946
1787423189.915592,8092.314,0,0,100,1946
1787423190.9454062,8093.343,0,0,100,1946
1787423191.9740102,8094.372,0,0,100,1946
1787423193.0038078,8095.402,0,0,100,1946
1787423194.0363512,8096.434,0,0,99,1946
1787423195.0651379,8097.463,0,0,100,1946
1787423196.091822,8098.49,0,0,100,1946
1787423197.1204274,8099.519,0,0,100,1946
1787423198.150752,8100.549,0,0,100,1946
1787423199.1786032,8101.577,0,0,100,1946
1787423200.2064023,8102.604,0,0,100,1946
1787423201.2365665,8103.635,0,0,100,1946
1787423202.263419,8104.662,0,0,100,1946
1787423203.2965724,8105.695,0,0,100,1946
1787423204.326067,8106.724,0,0,99,1946
1787423205.3578427,8107.756,0,0,100,1946
1787423206.386685,8108.785,0,0,100,1946
1787423207.417745,8109.816,0,0,100,1946
1787423208.4447262,8110.843,0,0,100,1946
1787423209.4785137,8111.877,0,0,100,1946
1787423210.5121295,8112.91,0,0,100,1946
1787423211.5422654,8113.94,0,0,100,1946
1787423212.5718932,8114.97,0,0,100,1946
1787423213.6037486,8116.002,0,0,99,1946
1787423214.6327472,8117.031,0,0,100,1946
1787423215.6594307,8118.058,0,0,100,1946
1787423216.6891115,8119.087,0,0,100,1946
1787423217.717775,8120.116,0,0,100,1946
1787423218.7476835,8121.146,0,0,100,1946
1787423219.7746153,8122.173,0,0,100,1946
1787423220.801469,8123.2,0,0,100,1946
1787423221.8295007,8124.228,0,0,100,1946
1787423222.856518,8125.255,0,0,99,1946
1787423223.8868906,8126.285,0,0,100,1946
1787423224.9140892,8127.312,0,0,100,1946
1787423225.9421997,8128.34,0,0,100,1946
1787423226.9752023,8129.373,0,0,100,1946
1787423228.0080428,8130.406,0,0,100,1946
1787423229.037694,8131.436,0,0,100,1946
1787423230.0646439,8132.463,0,0,100,1946
1787423231.0938616,8133.492,0,0,100,1946
1787423232.1244657,8134.523,0,0,100,1946
1787423233.151307,8135.549,0,0,99,1946
1787423234.1814756,8136.58,0,0,100,1946
1787423235.2099164,8137.608,0,0,100,1946
1787423236.2382874,8138.636,0,0,100,1946
1787423237.2669528,8139.665,0,0,100,1946
1787423238.2936385,8140.692,0,0,100,1946
1787423239.326446,8141.725,0,0,100,1946
1787423240.3588498,8142.757,0,0,100,1946
1787423241.3887105,8143.787,0,0,100,1946
1787423242.4214528,8144.82,0,0,99,1946
1787423243.4510899,8145.849,0,0,100,1946
1787423244.4778159,8146.876,0,0,100,1946
1787423245.5053144,8147.903,0,0,100,1946
1787423246.5384872,8148.937,0,0,100,1946
1787423247.5643518,8149.962,0,0,100,1946
1787423248.592881,8150.991,0,0,100,1946
1787423249.6265526,8152.025,0,0,100,1946
1787423250.6605535,8153.059,0,0,100,1946
1787423251.6922174,8154.09,0,0,100,1946
1787423252.7221172,8155.12,0,0,99,1946
1787423253.7492485,8156.147,0,0,100,1946
1787423254.778456,8157.177,0,0,100,1946
1787423255.8081234,8158.206,0,0,100,1946
1787423256.8378992,8159.236,0,0,100,1946
1787423257.8640606,8160.262,0,0,100,1946
1787423258.8939023,8161.292,0,0,100,1946
1787423259.9226046,8162.321,0,0,100,1946
1787423260.9565825,8163.355,0,0,100,1946
1787423261.9830282,8164.381,0,0,99,1946
1787423263.0118217,8165.41,0,0,100,1946
1787423264.0397236,8166.438,0,0,100,1946
1787423265.069016,8167.467,0,0,100,1946
1787423266.095467,8168.494,0,0,100,1946
1787423267.124777,8169.523,0,0,100,1946
1787423268.153909,8170.552,0,0,100,1946
1787423269.1853585,8171.583,0,0,100,1946
1787423270.2151299,8172.613,0,0,100,1946
1787423271.2419624,8173.64,0,0,100,1946
1787423272.2715812,8174.67,0,0,99,1946
1787423273.3029642,8175.701,0,0,100,1946
1787423274.3360677,8176.734,0,0,100,1946
1787423275.3628771,8177.761,0,0,100,1946
1787423276.396637,8178.795,0,0,100,1946
1787423277.4275558,8179.826,0,0,100,1946
1787423278.4571164,8180.855,0,0,100,1946
1787423279.4887242,8181.887,0,0,100,1946
1787423280.5178795,8182.916,0,0,100,1946
1787423281.5484018,8183.946,0,0,99,1946
1787423282.5771973,8184.975,0,0,100,1946
1787423283.6123602,8186.01,0,0,100,1946
1787423284.6411998,8187.039,0,0,100,1946
1787423285.6676147,8188.066,0,0,100,1946
1787423286.697695,8189.096,0,0,100,1946
1787423287.7306006,8190.129,0,0,100,1946
1787423288.7568665,8191.155,0,0,100,1946
1787423289.785492,8192.184,0,0,100,1946
1787423290.8154445,8193.214,0,0,100,1946
1787423291.8455088,8194.244,0,0,99,1946
1787423292.8736737,8195.272,0,0,100,1946
1787423293.9029682,8196.301,0,0,100,1946
1787423294.9338963,8197.332,0,0,100,1946
1787423295.962739,8198.361,0,0,100,1946
1787423296.990728,8199.389,0,0,100,1946
1787423298.0177608,8200.416,0,0,100,1946
1787423299.0457041,8201.444,0,0,100,1946
1787423300.074228,8202.472,0,0,100,1946
1787423301.102654,8203.501,0,0,100,1946
1787423302.1317203,8204.53,0,0,100,1946
1787423303.1641917,8205.562,0,0,100,1946
1787423304.1936212,8206.592,0,0,100,1946
1787423305.223625,8207.622,0,0,100,1946
1787423306.2499175,8208.648,0,0,100,1946
1787423307.2794123,8209.677,0,0,100,1946
1787423308.3078587,8210.706,0,0,100,1946
1787423309.338857,8211.737,0,0,100,1946
1787423310.3693647,8212.767,0,0,99,1946
1787423311.3988414,8213.797,0,0,100,1946
1787423312.4264529,8214.825,0,0,100,1946
1787423313.4588919,8215.857,0,0,100,1946
1787423314.4888737,8216.887,0,0,100,1946
1787423315.5176544,8217.916,0,0,100,1946
1787423316.547176,8218.945,0,0,100,1946
1787423317.5739584,8219.972,0,0,100,1946
1787423318.6006136,8220.999,0,0,100,1946
1787423319.628095,8222.026,0,0,100,1946
1787423320.6587615,8223.057,0,0,99,1946
1787423321.6882315,8224.086,0,0,100,1946
1787423322.7176793,8225.116,0,0,100,1946
1787423323.7477784,8226.146,0,0,100,1946
1787423324.7777698,8227.176,0,0,100,1946
1787423325.80469,8228.203,0,0,100,1946
1787423326.834951,8229.233,0,0,100,1946
1787423327.8660154,8230.264,0,0,100,1946
1787423328.894489,8231.293,0,0,100,1946
1787423329.9271197,8232.325,0,0,100,1946
1787423330.9553604,8233.353,0,0,100,1946
1787423331.9834092,8234.381,0,0,100,1946
1787423333.0122612,8235.41,0,0,100,1946
1787423334.041655,8236.44,0,0,100,1946
1787423335.0727112,8237.471,0,0,100,1946
1787423336.1033928,8238.501,0,0,100,1946
1787423337.1340482,8239.532,0,0,100,1946
1787423338.1604674,8240.559,0,0,100,1946
1787423339.192211,8241.59,0,0,100,1946
1787423340.2251344,8242.623,0,0,99,1946
1787423341.25152,8243.65,0,0,100,1946
1787423342.2810066,8244.679,0,0,100,1946
1787423343.3088982,8245.707,0,0,100,1946
1787423344.336606,8246.735,0,0,100,1946
1787423345.3655941,8247.764,0,0,100,1946
1787423346.3999772,8248.798,0,0,100,1946
1787423347.426188,8249.824,0,0,100,1946
1787423348.4596267,8250.858,0,0,100,1946
1787423349.4889524,8251.887,0,0,99,1946
1787423350.515361,8252.913,0,0,100,1946
1787423351.5454164,8253.944,0,0,100,1946
1787423352.574692,8254.973,0,0,100,1946
1787423353.6032126,8256.001,0,0,100,1946
1787423354.634541,8257.033,0,0,100,1946
1787423355.661262,8258.059,0,0,100,1946
1787423356.6936247,8259.092,0,0,100,1946
1787423357.7237878,8260.122,0,0,100,1946
1787423358.7517614,8261.15,0,0,100,1946
1787423359.7832348,8262.181,0,0,99,1946
1787423360.8127022,8263.211,0,0,100,1946
1787423361.8395681,8264.238,0,0,100,1946
1787423362.8696845,8265.268,0,0,100,1946
1787423363.89719,8266.295,0,0,100,1946
1787423364.9282293,8267.326,0,0,100,1946
1787423365.960805,8268.359,0,0,100,1946
1787423366.9880478,8269.386,0,0,100,1946
1787423368.0144687,8270.413,0,0,100,1946
1787423369.0436156,8271.442,0,0,99,1946
1787423370.0726004,8272.471,0,0,100,1946
1787423371.0991118,8273.497,0,0,100,1946
1787423372.1253102,8274.523,0,0,100,1946
1787423373.1542823,8275.552,0,0,100,1946
1787423374.1875687,8276.586,0,0,100,1946
1787423375.2149582,8277.613,0,0,100,1946
1787423376.2446227,8278.643,0,0,100,1946
1787423377.2726367,8279.671,0,0,100,1946
1787423378.302433,8280.701,0,0,100,1946
1787423379.3319566,8281.73,0,0,99,1946
1787423380.3626132,8282.761,0,0,100,1946
1787423381.3908157,8283.789,0,0,100,1946
1787423382.4187732,8284.817,0,0,100,1946
1787423383.445535,8285.844,0,0,100,1946
1787423384.4758224,8286.874,0,0,100,1946
1787423385.5025108,8287.901,0,0,100,1946
1787423386.529429,8288.928,0,0,100,1946
1787423387.5591724,8289.957,0,0,100,1946
1787423388.5855768,8290.984,0,0,99,1946
1787423389.6131804,8292.011,0,0,100,1946
1787423390.6418204,8293.04,0,0,100,1946
1787423391.671672,8294.07,0,0,100,1946
1787423392.704441,8295.103,0,0,100,1946
1787423393.7340004,8296.132,0,0,100,1946
1787423394.763698,8297.162,0,0,100,1946
1787423395.7963119,8298.194,0,0,100,1946
1787423396.8265567,8299.225,0,0,100,1946
1787423397.8541157,8300.252,0,0,99,1946
1787423398.8804896,8301.279,0,0,100,1946
1787423399.9131656,8302.311,0,0,100,1946
1787423400.9437442,8303.342,0,0,100,1946
1787423401.979005,8304.377,0,0,100,1946
1787423403.0072544,8305.405,0,0,100,1946
1787423404.0361183,8306.434,0,0,100,1946
1787423405.0643828,8307.462,0,0,100,1946
1787423406.0971246,8308.495,0,0,100,1946
1787423407.2105124,8309.609,0,0,100,1946
1787423408.237118,8310.635,0,0,99,1946
1787423409.2681518,8311.666,0,0,100,1946
1787423410.294621,8312.693,0,0,100,1946
1787423411.3265872,8313.725,0,0,100,1946
1787423412.3589764,8314.757,0,0,100,1946
1787423413.3891113,8315.787,0,0,100,1946
1787423414.4180505,8316.816,0,0,100,1946
1787423415.4443123,8317.842,0,0,100,1946
1787423416.4765084,8318.875,0,0,100,1946
1787423417.5035367,8319.902,0,0,100,1946
1787423418.530386,8320.928,0,0,99,1946
1787423419.5585058,8321.957,0,0,100,1946
1787423420.5855474,8322.984,0,0,100,1946
1787423421.6152248,8324.013,0,0,100,1946
1787423422.6458583,8325.044,0,0,100,1946
1787423423.671724,8326.07,0,0,100,1946
1787423424.7007284,8327.099,0,0,100,1946
1787423425.729811,8328.128,0,0,100,1946
1787423426.7586427,8329.157,0,0,99,1946
1787423427.7843206,8330.182,0,0,100,1946
1787423428.8143752,8331.212,0,0,100,1946
1787423429.844588,8332.243,0,0,100,1946
1787423430.872732,8333.271,0,0,100,1946
1787423431.9055936,8334.304,0,0,100,1946
1787423432.9323792,8335.33,0,0,100,1946
1787423433.961835,8336.36,0,0,100,1946
1787423434.9879453,8337.386,0,0,100,1946
1787423436.0191185,8338.417,0,0,100,1946
1787423437.0494585,8339.448,0,0,99,1946
1787423438.082388,8340.48,0,0,100,1946
1787423439.1125066,8341.511,0,0,100,1946
1787423440.1430554,8342.541,0,0,100,1946
1787423441.1729465,8343.571,0,0,100,1946
1787423442.2063246,8344.604,0,0,100,1946
1787423443.2397025,8345.638,0,0,100,1946
1787423444.2746062,8346.673,0,0,100,1946
1787423445.3081977,8347.706,0,0,100,1946
1787423446.3371964,8348.735,0,0,100,1946
1787423447.3647656,8349.763,0,0,99,1946
1787423448.3922203,8350.79,0,0,100,1946
1787423449.4205534,8351.819,0,0,100,1946
1787423450.4469483,8352.845,0,0,100,1946
1787423451.48135,8353.879,0,0,100,1946
1787423452.5100493,8354.908,0,0,100,1946
1787423453.5387528,8355.937,0,0,100,1946
1787423454.5670848,8356.965,0,0,100,1946
1787423455.5940802,8357.992,0,0,100,1946
1787423456.6231928,8359.021,0,0,99,1946
1787423457.6522071,8360.05,0,0,100,1946
1787423458.6830428,8361.081,0,0,100,1946
1787423459.710932,8362.109,0,0,100,1946
1787423460.7372897,8363.135,0,0,100,1946
1787423461.7665102,8364.165,0,0,100,1946
1787423462.7981284,8365.196,0,0,100,1946
1787423463.825529,8366.224,0,0,100,1946
1787423464.8556986,8367.254,0,0,100,1946
1787423465.8822412,8368.28,0,0,99,1946
1787423466.9153316,8369.313,0,0,100,1946
1787423467.948891,8370.347,0,0,100,1946
1787423468.975974,8371.374,0,0,100,1946
1787423470.0055141,8372.404,0,0,100,1946
1787423471.0320833,8373.43,0,0,100,1946
1787423472.0602248,8374.458,0,0,100,1946
1787423473.0854318,8375.484,0,0,100,1946
1787423474.1120555,8376.51,0,0,100,1946
1787423475.1399739,8377.538,0,0,100,1946
1787423476.1687179,8378.567,0,0,99,1946
1787423477.1954212,8379.594,0,0,100,1946
1787423478.2237892,8380.622,0,0,100,1946
1787423479.2503684,8381.648,0,0,100,1946
1787423480.278095,8382.676,0,0,100,1946
1787423481.3082275,8383.706,0,0,100,1946
1787423482.3359308,8384.734,0,0,100,1946
1787423483.3656502,8385.764,0,0,100,1946
1787423484.3981912,8386.796,0,0,100,1946
1787423485.4281619,8387.826,0,0,99,1946
1787423486.4569871,8388.855,0,0,100,1946
1787423487.4832516,8389.881,0,0,100,1946
1787423488.5103269,8390.908,0,0,100,1946
1787423489.5399013,8391.938,0,0,100,1946
1787423490.56789,8392.966,0,0,100,1946
1787423491.599872,8393.998,0,0,100,1946
1787423492.6266193,8395.025,0,0,100,1946
1787423493.6599956,8396.058,0,0,100,1946
1787423494.6868026,8397.085,0,0,100,1946
1787423495.7192922,8398.117,0,0,99,1946
1787423496.7458754,8399.144,0,0,100,1946
1787423497.7751231,8400.173,0,0,100,1946
1787423498.8009987,8401.199,0,0,100,1946
1787423499.8278105,8402.226,0,0,100,1946
1787423500.8572004,8403.255,0,0,100,1946
1787423501.8902965,8404.288,0,0,100,1946
1787423502.9205432,8405.319,0,0,100,1946
1787423503.9479656,8406.346,0,0,100,1946
1787423504.9765785,8407.375,0,0,99,1946
1787423506.0066848,8408.405,0,0,100,1946
1787423507.0369732,8409.435,0,0,100,1946
1787423508.0639546,8410.462,0,0,100,1946
1787423509.0923197,8411.49,0,0,100,1946
1787423510.1250274,8412.523,0,0,100,1946
1787423511.1584122,8413.556,0,0,100,1946
1787423512.1863737,8414.584,0,0,100,1946
1787423513.216179,8415.614,0,0,100,1946
1787423514.2468464,8416.645,0,0,100,1946
1787423515.278083,8417.676,0,0,100,1946
1787423516.3047569,8418.703,0,0,100,1946
1787423517.3333106,8419.731,0,0,100,1946
1787423518.3662193,8420.764,0,0,100,1946
1787423519.3968487,8421.795,0,0,100,1946
1787423520.4257686,8422.824,0,0,100,1946
1787423521.4541154,8423.852,0,0,100,1946
1787423522.4855394,8424.884,0,0,100,1946
1787423523.5128822,8425.911,0,0,100,1946
1787423524.5404234,8426.939,0,0,99,1946
1787423525.5704894,8427.969,0,0,100,1946
1787423526.5972502,8428.995,0,0,100,1946
1787423527.625902,8430.024,0,0,100,1946
1787423528.6610942,8431.059,0,0,100,1946
1787423529.6894438,8432.088,0,0,100,1946
1787423530.7222855,8433.12,0,0,100,1946
1787423531.7547998,8434.153,0,0,100,1946
1787423532.785104,8435.183,0,0,100,1946
1787423533.8130069,8436.211,0,0,100,1946
1787423534.8389084,8437.237,0,0,99,1946
1787423535.867916,8438.266,0,0,100,1946
1787423536.9000404,8439.298,0,0,100,1946
1787423537.9265416,8440.325,0,0,100,1946
1787423538.9535925,8441.352,0,0,100,1946
1787423539.9810286,8442.379,0,0,100,1946
1787423541.0099301,8443.408,0,0,100,1946
1787423542.0371656,8444.435,0,0,100,1946
1787423543.0654976,8445.464,0,0,100,1946
1787423544.093058,8446.491,0,0,99,1946
1787423545.1238852,8447.522,0,0,100,1946
1787423546.152535,8448.551,0,0,100,1946
1787423547.1814752,8449.58,0,0,100,1946
1787423548.2110903,8450.609,0,0,100,1946
1787423549.2386327,8451.637,0,0,100,1946
1787423550.2688026,8452.667,0,0,100,1946
1787423551.2980464,8453.696,0,0,100,1946
1787423552.325183,8454.723,0,0,100,1946
1787423553.3546274,8455.753,0,0,99,1946
1787423554.3841004,8456.782,0,0,100,1946
1787423555.410774,8457.809,0,0,100,1946
1787423556.4368632,8458.835,0,0,100,1946
1787423557.4701965,8459.868,0,0,100,1946
1787423558.498678,8460.897,0,0,100,1946
1787423559.5282636,8461.926,0,0,100,1946
1787423560.5550194,8462.953,0,0,100,1946
1787423561.5847578,8463.983,0,0,100,1946
1787423562.6167018,8465.015,0,0,100,1946
1787423563.6581056,8466.056,0,0,99,1946
1787423564.6852648,8467.083,0,0,100,1946
1787423565.7136865,8468.112,0,0,100,1946
1787423566.7445939,8469.143,0,0,100,1946
1787423567.7725742,8470.171,0,0,100,1946
1787423568.8061574,8471.204,0,0,100,1946
1787423569.836187,8472.234,0,0,100,1946
1787423570.8633285,8473.261,0,0,100,1946
1787423571.8919833,8474.29,0,0,100,1946
1787423572.9182098,8475.316,0,0,100,1946
1787423573.948431,8476.347,0,0,99,1946
1787423574.9817648,8477.38,0,0,100,1946
1787423576.010944,8478.409,0,0,100,1946
1787423577.0444567,8479.443,0,0,100,1946
1787423578.0761962,8480.474,0,0,100,1946
1787423579.1035182,8481.502,0,0,100,1946
1787423580.132617,8482.531,0,0,100,1946
1787423581.1632118,8483.561,0,0,100,1946
1787423582.1930923,8484.591,0,0,99,1946
1787423583.2196143,8485.618,0,0,100,1946
1787423584.2463136,8486.644,0,0,100,1946
1787423585.2766953,8487.675,0,0,100,1946
1787423586.3056624,8488.704,0,0,100,1946
1787423587.3349056,8489.733,0,0,100,1946
1787423588.3620193,8490.76,0,0,100,1946
1787423589.3880837,8491.786,0,0,100,1946
1787423590.420533,8492.819,0,0,100,1946
1787423591.447762,8493.846,0,0,100,1946
1787423592.480315,8494.878,0,0,99,1946
1787423593.5129292,8495.911,0,0,100,1946
1787423594.5446813,8496.943,0,0,100,1946
1787423595.578872,8497.977,0,0,100,1946
1787423596.606529,8499.005,0,0,100,1946
1787423597.6395648,8500.038,0,0,100,1946
1787423598.6725283,8501.071,0,0,100,1946
1787423599.699449,8502.098,0,0,100,1946
1787423600.7275438,8503.126,0,0,100,1946
1787423601.757951,8504.156,0,0,100,1946
1787423602.7891254,8505.187,0,0,99,1946
1787423603.8176117,8506.216,0,0,100,1946
1787423604.8503547,8507.248,0,0,100,1946
1787423605.8801239,8508.278,0,0,100,1946
1787423606.9101753,8509.308,0,0,100,1946
1787423607.9417477,8510.34,0,0,100,1946
1787423608.9760737,8511.374,0,0,100,1946
1787423610.0039084,8512.402,0,0,100,1946
1787423611.0333803,8513.431,0,0,100,1946
1787423612.06334,8514.461,0,0,99,1946
1787423613.0914693,8515.49,0,0,100,1946
1787423614.1210976,8516.519,0,0,100,1946
1787423615.1491852,8517.547,0,0,100,1946
1787423616.177559,8518.576,0,0,100,1946
1787423617.2044432,8519.603,0,0,100,1946
1787423618.2330534,8520.631,0,0,100,1946
1787423619.2616866,8521.66,0,0,100,1946
1787423620.293901,8522.692,0,0,100,1946
1787423621.3214543,8523.72,0,0,99,1946
1787423622.3498387,8524.748,0,0,100,1946
1787423623.3834212,8525.782,0,0,100,1946
1787423624.4128013,8526.811,0,0,100,1946
1787423625.4402416,8527.838,0,0,100,1946
1787423626.468627,8528.867,0,0,100,1946
1787423627.4976604,8529.896,0,0,100,1946
1787423628.5325005,8530.931,0,0,100,1946
1787423629.5593185,8531.957,0,0,100,1946
1787423630.5882738,8532.986,0,0,100,1946
1787423631.618033,8534.016,0,0,99,1946
1787423632.6440043,8535.042,0,0,100,1946
1787423633.675016,8536.073,0,0,100,1946
1787423634.7025826,8537.101,0,0,100,1946
1787423635.7352884,8538.133,0,0,100,1946
1787423636.770103,8539.168,0,0,100,1946
1787423637.797374,8540.195,0,0,100,1946
1787423638.828117,8541.226,0,0,100,1946
1787423639.8577008,8542.256,0,0,100,1946
1787423640.8885965,8543.287,0,0,99,1946
1787423641.9147751,8544.313,0,0,100,1946
1787423642.9413676,8545.339,0,0,100,1946
1787423643.972162,8546.37,0,0,100,1946
1787423645.001486,8547.4,0,0,100,1946
1787423646.0342104,8548.432,0,0,100,1946
1787423647.0624697,8549.461,0,0,100,1946
1787423648.0930216,8550.491,0,0,100,1946
1787423649.120241,8551.518,0,0,100,1946
1787423650.1486897,8552.547,0,0,100,1946
1787423651.178875,8553.577,0,0,99,1946
1787423652.2050993,8554.603,0,0,100,1946
1787423653.2323518,8555.63,0,0,100,1946
1787423654.2624876,8556.661,0,0,100,1946
1787423655.290991,8557.689,0,0,100,1946
1787423656.3194773,8558.718,0,0,100,1946
1787423657.3464332,8559.745,0,0,100,1946
1787423658.3789685,8560.777,0,0,100,1946
1787423659.4064243,8561.805,0,0,100,1946
1787423660.4363286,8562.834,0,0,99,1946
1787423661.4649115,8563.863,0,0,100,1946
1787423662.4933383,8564.891,0,0,100,1946
1787423663.52387,8565.922,0,0,100,1946
1787423664.5585802,8566.957,0,0,100,1946
1787423665.5873137,8567.985,0,0,100,1946
1787423666.6192107,8569.017,0,0,100,1946
1787423667.6455984,8570.044,0,0,100,1946
1787423668.6754868,8571.074,0,0,100,1946
1787423669.7062426,8572.104,0,0,99,1946
1787423670.7364182,8573.135,0,0,100,1946
1787423671.7664983,8574.165,0,0,100,1946
1787423672.7939513,8575.192,0,0,100,1946
1787423673.8246913,8576.223,0,0,100,1946
1787423674.8539913,8577.252,0,0,100,1946
1787423675.8835404,8578.282,0,0,100,1946
1787423676.9164805,8579.315,0,0,100,1946
1787423677.9454029,8580.343,0,0,100,1946
1787423678.983482,8581.382,0,0,100,1946
1787423680.0135818,8582.412,0,0,99,1946
1787423681.0425935,8583.441,0,0,100,1946
1787423682.0712,8584.469,0,0,100,1946
1787423683.101568,8585.5,0,0,100,1946
1787423684.132754,8586.531,0,0,100,1946
1787423685.1589713,8587.557,0,0,100,1946
1787423686.186698,8588.585,0,0,100,1946
1787423687.2190714,8589.617,0,0,100,1946
1787423688.2449346,8590.643,0,0,100,1946
1787423689.2740839,8591.672,0,0,100,1946
1787423690.3040047,8592.702,0,0,99,1946
1787423691.3348217,8593.733,0,0,100,1946
1787423692.3637366,8594.762,0,0,100,1946
1787423693.3929284,8595.791,0,0,100,1946
1787423694.4201772,8596.818,0,0,100,1946
1787423695.4498398,8597.848,0,0,100,1946
1787423696.4793909,8598.877,0,0,100,1946
1787423697.5095608,8599.908,0,0,100,1946
1787423698.5371144,8600.935,0,0,100,1946
1787423699.565341,8601.963,0,0,100,1946
1787423700.5940404,8602.992,0,0,100,1946
1787423701.6239374,8604.022,0,0,100,1946
1787423702.657583,8605.056,0,0,100,1946
1787423703.68679,8606.085,0,0,100,1946
1787423704.7190561,8607.117,0,0,100,1946
1787423705.7456112,8608.144,0,0,100,1946
1787423706.7720106,8609.17,0,0,100,1946
1787423707.7986364,8610.197,0,0,100,1946
1787423708.8285155,8611.227,0,0,99,1946
1787423709.861247,8612.259,0,0,100,1946
1787423710.8886366,8613.287,0,0,100,1946
1787423711.919263,8614.317,0,0,100,1946
1787423712.9505718,8615.349,0,0,100,1946
1787423713.9799933,8616.378,0,0,100,1946
1787423715.008703,8617.407,0,0,100,1946
1787423716.0393043,8618.437,0,0,100,1946
1787423717.0711665,8619.469,0,0,100,1946
1787423718.1007326,8620.499,0,0,100,1946
1787423719.126938,8621.525,0,0,99,1946
1787423720.153043,8622.551,0,0,100,1946
1787423721.184273,8623.582,0,0,100,1946
1787423722.2139783,8624.612,0,0,100,1946
1787423723.2454088,8625.643,0,0,100,1946
1787423724.2749417,8626.673,0,0,100,1946
1787423725.3037915,8627.702,0,0,100,1946
1787423726.3363214,8628.734,0,0,100,1946
1787423727.3633342,8629.761,0,0,100,1946
1787423728.39682,8630.795,0,0,99,1946
1787423729.4274175,8631.826,0,0,100,1946
1787423730.4575975,8632.856,0,0,100,1946
1787423731.4877212,8633.886,0,0,100,1946
1787423732.5166347,8634.915,0,0,100,1946
1787423733.5490968,8635.947,0,0,100,1946
1787423734.5759447,8636.974,0,0,100,1946
1787423735.604442,8638.003,0,0,100,1946
1787423736.6315124,8639.03,0,0,100,1946
1787423737.6587458,8640.057,0,0,100,1946
1787423738.6867554,8641.085,0,0,99,1946
1787423739.7148182,8642.113,0,0,100,1946
1787423740.745377,8643.143,0,0,100,1946
1787423741.77266,8644.171,0,0,100,1946
1787423742.7996173,8645.198,0,0,100,1946
1787423743.8279006,8646.226,0,0,100,1946
1787423744.8604853,8647.259,0,0,100,1946
1787423745.890698,8648.289,0,0,100,1946
1787423746.9181898,8649.316,0,0,100,1946
1787423747.9504378,8650.349,0,0,99,1946
1787423748.9778285,8651.376,0,0,100,1946
1787423750.0060484,8652.404,0,0,100,1946
1787423751.0352767,8653.433,0,0,100,1946
1787423752.0658212,8654.464,0,0,100,1946
1787423753.0935924,8655.492,0,0,100,1946
1787423754.1266525,8656.525,0,0,100,1946
1787423755.1591718,8657.557,0,0,100,1946
1787423756.189688,8658.588,0,0,100,1946
1787423757.2162611,8659.614,0,0,100,1946
1787423758.2486324,8660.647,0,0,99,1946
1787423759.2809854,8661.679,0,0,100,1946
1787423760.310604,8662.709,0,0,100,1946
1787423761.341325,8663.739,0,0,100,1946
1787423762.3707926,8664.769,0,0,100,1946
1787423763.4002464,8665.798,0,0,100,1946
1787423764.4336038,8666.832,0,0,100,1946
1787423765.4636729,8667.862,0,0,100,1946
1787423766.4961705,8668.894,0,0,100,1946
1787423767.5242617,8669.922,0,0,99,1946
1787423768.5533893,8670.951,0,0,100,1946
1787423769.5874324,8671.986,0,0,100,1946
1787423770.6173522,8673.015,0,0,100,1946
1787423771.6515677,8674.05,0,0,100,1946
1787423772.6827223,8675.081,0,0,100,1946
1787423773.7116826,8676.11,0,0,100,1946
1787423774.7435758,8677.142,0,0,100,1946
1787423775.7703767,8678.168,0,0,100,1946
1787423776.7973893,8679.195,0,0,100,1946
1787423777.8265557,8680.225,0,0,99,1946
1787423778.8575385,8681.256,0,0,100,1946
1787423779.889055,8682.287,0,0,100,1946
1787423780.918924,8683.317,0,0,100,1946
1787423781.945767,8684.344,0,0,100,1946
1787423782.9759526,8685.374,0,0,100,1946
1787423784.0029798,8686.401,0,0,100,1946
1787423785.030075,8687.428,0,0,100,1946
1787423786.0600832,8688.458,0,0,100,1946
1787423787.0897653,8689.488,0,0,99,1946
1787423788.1165276,8690.515,0,0,100,1946
1787423789.1431522,8691.541,0,0,100,1946
1787423790.171189,8692.569,0,0,100,1946
1787423791.1978745,8693.596,0,0,100,1946
1787423792.2266414,8694.625,0,0,100,1946
1787423793.256629,8695.655,0,0,100,1946
1787423794.2850075,8696.683,0,0,100,1946
1787423795.3179991,8697.716,0,0,100,1946
1787423796.345024,8698.743,0,0,99,1946
1787423797.3714373,8699.77,0,0,100,1946
1787423798.399546,8700.798,0,0,100,1946
1787423799.4292428,8701.827,0,0,100,1946
1787423800.4552898,8702.853,0,0,100,1946
1787423801.4850576,8703.883,0,0,100,1946
1787423802.5138197,8704.912,0,0,100,1946
1787423803.5419855,8705.94,0,0,100,1946
1787423804.5694256,8706.968,0,0,100,1946
1787423805.5984676,8707.997,0,0,100,1946
1787423806.6297016,8709.028,0,0,99,1946
1787423807.6612175,8710.059,0,0,100,1946
1787423808.7011218,8711.099,0,0,100,1946
1787423809.728927,8712.127,0,0,100,1946
1787423810.7557724,8713.154,0,0,100,1946
1787423811.78562,8714.184,0,0,100,1946
1787423812.8125367,8715.211,0,0,100,1946
1787423813.8391428,8716.237,0,0,100,1946
1787423814.8677685,8717.266,0,0,100,1946
1787423815.900568,8718.299,0,0,100,1946
1787423816.9293914,8719.327,0,0,99,1946
1787423817.9630876,8720.361,0,0,100,1946
1787423818.991829,8721.39,0,0,100,1946
1787423820.0200944,8722.418,0,0,100,1946
1787423821.0464053,8723.444,0,0,100,1946
1787423822.0754445,8724.474,0,0,100,1946
1787423823.103637,8725.502,0,0,100,1946
1787423824.1361077,8726.534,0,0,100,1946
1787423825.1653636,8727.563,0,0,99,1946
1787423826.193263,8728.591,0,0,100,1946
1787423827.220101,8729.618,0,0,100,1946
1787423828.2477965,8730.646,0,0,100,1946
1787423829.2814243,8731.68,0,0,100,1946
1787423830.3110197,8732.709,0,0,100,1946
1787423831.338127,8733.736,0,0,100,1946
1787423832.3650055,8734.763,0,0,100,1946
1787423833.398215,8735.796,0,0,100,1946
1787423834.426073,8736.824,0,0,100,1946
1787423835.4540873,8737.852,0,0,99,1946
1787423836.48385,8738.882,0,0,100,1946
1787423837.5139625,8739.912,0,0,100,1946
1787423838.5401723,8740.938,0,0,100,1946
1787423839.5679338,8741.966,0,0,100,1946
1787423840.5955596,8742.994,0,0,100,1946
1787423841.6230483,8744.021,0,0,100,1946
1787423842.6527953,8745.051,0,0,100,1946
1787423843.680458,8746.079,0,0,100,1946
1787423844.7127028,8747.111,0,0,100,1946
1787423845.7393348,8748.137,0,0,100,1946
1787423846.7694514,8749.168,0,0,100,1946
1787423847.7956975,8750.194,0,0,100,1946
1787423848.8245296,8751.223,0,0,100,1946
1787423849.854856,8752.253,0,0,100,1946
1787423850.8858404,8753.284,0,0,100,1946
1787423851.915154,8754.313,0,0,100,1946
1787423852.9410188,8755.339,0,0,100,1946
1787423853.9701827,8756.368,0,0,100,1946
1787423854.9997292,8757.398,0,0,99,1946
1787423856.0297787,8758.428,0,0,100,1946
1787423857.0578525,8759.456,0,0,100,1946
1787423858.0865986,8760.485,0,0,100,1946
1787423859.113909,8761.512,0,0,100,1946
1787423860.1424198,8762.541,0,0,100,1946
1787423861.1765969,8763.575,0,0,100,1946
1787423862.2061305,8764.604,0,0,100,1946
1787423863.233262,8765.631,0,0,100,1946
1787423864.2611957,8766.659,0,0,100,1946
1787423865.289439,8767.688,0,0,100,1946
1787423866.3196278,8768.718,0,0,100,1946
1787423867.3522172,8769.75,0,0,100,1946
1787423868.3827925,8770.781,0,0,100,1946
1787423869.4091213,8771.807,0,0,100,1946
1787423870.4378,8772.836,0,0,100,1946
1787423871.464336,8773.862,0,0,100,1946
1787423872.4909296,8774.889,0,0,100,1946
1787423873.5225916,8775.921,0,0,100,1946
1787423874.5525608,8776.951,0,0,100,1946
1787423875.5862477,8777.984,0,0,100,1946
1787423876.6165638,8779.015,0,0,100,1946
1787423877.6490145,8780.047,0,0,100,1946
1787423878.6798468,8781.078,0,0,100,1946
1787423879.7088995,8782.107,0,0,100,1946
1787423880.7370832,8783.135,0,0,100,1946
1787423881.7635405,8784.162,0,0,100,1946
1787423882.7899776,8785.188,0,0,100,1946
1787423883.8192236,8786.217,0,0,100,1946
1787423884.8525383,8787.251,0,0,100,1946
1787423885.883199,8788.281,0,0,100,1946
1787423886.9161851,8789.314,0,0,100,1946
1787423887.9441588,8790.342,0,0,100,1946
1787423888.9756155,8791.374,0,0,100,1946
1787423890.0024216,8792.401,0,0,100,1946
1787423891.0322468,8793.43,0,0,100,1946
1787423892.066062,8794.464,0,0,100,1946
1787423893.0919743,8795.49,0,0,100,1946
1787423894.1245391,8796.523,0,0,100,1946
1787423895.1545355,8797.553,0,0,100,1946
1787423896.1837912,8798.582,0,0,100,1946
1787423897.2109962,8799.609,0,0,100,1946
1787423898.2441878,8800.642,0,0,100,1946
1787423899.2742374,8801.672,0,0,99,1946
1787423900.3041046,8802.702,0,0,100,1946
1787423901.3302636,8803.728,0,0,100,1946
1787423902.3599048,8804.758,0,0,100,1946
1787423903.3904607,8805.789,0,0,100,1946
1787423904.4198458,8806.818,0,0,100,1946
1787423905.4455175,8807.844,0,0,100,1946
1787423906.4720032,8808.87,0,0,100,1946
1787423907.498846,8809.897,0,0,100,1946
1787423908.5252385,8810.923,0,0,100,1946
1787423909.5554616,8811.954,0,0,100,1946
1787423910.5864882,8812.985,0,0,100,1946
1787423911.620554,8814.019,0,0,100,1946
1787423912.653192,8815.051,0,0,100,1946
1787423913.6833496,8816.081,0,0,100,1946
1787423914.7163203,8817.114,0,0,100,1946
1787423915.7435188,8818.142,0,0,100,1946
1787423916.7744465,8819.173,0,0,100,1946
1787423917.8042111,8820.202,0,0,100,1946
1787423918.8322186,8821.23,0,0,100,1946
1787423919.8641355,8822.262,0,0,100,1946
1787423920.8959198,8823.294,0,0,100,1946
1787423921.9241018,8824.322,0,0,100,1946
1787423922.9536834,8825.352,0,0,100,1946
1787423923.9838064,8826.382,0,0,100,1946
1787423925.017341,8827.415,0,0,100,1946
1787423926.0455775,8828.444,0,0,100,1946
1787423927.0728002,8829.471,0,0,100,1946
1787423928.1022615,8830.5,0,0,100,1946
1787423929.1304197,8831.529,0,0,100,1946
1787423930.160042,8832.558,0,0,100,1946
1787423931.1874475,8833.586,0,0,100,1946
1787423932.2166138,8834.615,0,0,100,1946
1787423933.2451699,8835.643,0,0,100,1946
1787423934.275116,8836.673,0,0,100,1946
1787423935.301197,8837.699,0,0,100,1946
1787423936.3283474,8838.726,0,0,100,1946
1787423937.3562663,8839.754,0,0,100,1946
1787423938.3835657,8840.782,0,0,100,1946
