timestamp,elapsed_s,rank,gpu_index,utilization_gpu_pct,memory_used_mib
1787434324.2055004,0.018,1,0,100,1636
1787434325.2223191,1.035,1,0,99,1636
1787434326.238901,2.052,1,0,100,1636
1787434327.2557354,3.068,1,0,100,1636
1787434328.2723742,4.085,1,0,100,1636
1787434329.2890434,5.102,1,0,100,1636
1787434330.3061156,6.119,1,0,100,1636
1787434331.3229778,7.136,1,0,37,1636
1787434332.3401446,8.153,1,0,21,1680
1787434333.3568337,9.169,1,0,96,1992
1787434334.3735795,10.186,1,0,100,2006
1787434335.390458,11.203,1,0,100,2024
1787434336.4076076,12.22,1,0,100,2024
1787434337.424677,13.237,1,0,100,2024
1787434338.4417355,14.254,1,0,100,2024
1787434339.4588661,15.272,1,0,100,2024
1787434340.4759622,16.289,1,0,100,2024
1787434341.4935527,17.306,1,0,100,2024
1787434342.510497,18.323,1,0,100,2024
1787434343.5277934,19.34,1,0,100,2024
1787434344.5442183,20.357,1,0,97,2174
1787434345.5608656,21.374,1,0,100,2174
1787434346.5779138,22.391,1,0,100,2176
1787434347.5947697,23.407,1,0,100,2176
1787434348.6115263,24.424,1,0,100,2176
1787434349.6290135,25.442,1,0,100,2176
1787434350.6483738,26.461,1,0,100,2176
1787434351.665891,27.479,1,0,100,2176
1787434352.682965,28.496,1,0,100,2176
1787434353.7003274,29.513,1,0,100,2210
1787434354.7174792,30.53,1,0,91,2210
1787434355.7345645,31.547,1,0,100,2224
1787434356.7515674,32.564,1,0,100,2242
1787434357.7684655,33.581,1,0,100,2242
1787434358.7853312,34.598,1,0,100,2242
1787434359.802098,35.615,1,0,100,2242
1787434360.8190813,36.632,1,0,100,2242
1787434361.8363535,37.649,1,0,100,2242
1787434362.8536704,38.666,1,0,100,2242
1787434363.8705554,39.683,1,0,100,2242
1787434364.8875,40.7,1,0,100,2242
1787434365.9044166,41.717,1,0,100,2242
1787434366.921146,42.734,1,0,100,2242
1787434367.937752,43.75,1,0,100,2242
1787434368.955172,44.768,1,0,100,2242
1787434369.9725287,45.785,1,0,100,2242
1787434370.9896839,46.802,1,0,100,2242
1787434372.0066037,47.819,1,0,100,2242
1787434373.0249603,48.838,1,0,100,2242
1787434374.0419242,49.855,1,0,99,2242
1787434375.058999,50.872,1,0,100,2242
1787434376.0765178,51.889,1,0,100,2242
1787434377.0932786,52.906,1,0,100,2242
1787434378.1101053,53.923,1,0,100,2242
1787434379.1268208,54.939,1,0,100,2242
1787434380.1437511,55.956,1,0,100,2242
1787434381.1605675,56.973,1,0,100,2244
1787434382.1776052,57.99,1,0,97,2244
1787434383.1950817,59.008,1,0,100,2244
1787434384.2123666,60.025,1,0,99,2244
1787434385.2296262,61.042,1,0,100,2244
1787434386.246599,62.059,1,0,100,2244
1787434387.2641182,63.077,1,0,100,2244
1787434388.281387,64.094,1,0,100,2244
1787434389.298591,65.111,1,0,100,2244
1787434390.3161259,66.129,1,0,100,2244
1787434391.3336701,67.146,1,0,100,2244
1787434392.3511052,68.164,1,0,100,2244
1787434393.368063,69.181,1,0,99,2244
1787434394.38522,70.198,1,0,100,2244
1787434395.4028351,71.215,1,0,100,2244
1787434396.4197927,72.232,1,0,100,2244
1787434397.4367523,73.249,1,0,100,2244
1787434398.4534786,74.266,1,0,100,2244
1787434399.4706595,75.283,1,0,100,2244
1787434400.488036,76.301,1,0,100,2244
1787434401.50579,77.318,1,0,100,2244
1787434402.5238602,78.337,1,0,100,2244
1787434403.5405374,79.353,1,0,99,2244
1787434404.557249,80.37,1,0,100,2244
1787434405.5746615,81.387,1,0,100,2244
1787434406.5917897,82.404,1,0,100,2244
1787434407.6090653,83.422,1,0,100,2244
1787434408.6259727,84.439,1,0,100,2244
1787434409.6430035,85.456,1,0,100,2244
1787434410.6604319,86.473,1,0,100,2244
1787434411.6775148,87.49,1,0,100,2244
1787434412.6954093,88.508,1,0,100,2244
1787434413.7124336,89.525,1,0,99,2244
1787434414.730136,90.543,1,0,100,2244
1787434415.7467787,91.559,1,0,100,2244
1787434416.763299,92.576,1,0,100,2244
1787434417.7806473,93.593,1,0,100,2244
1787434418.7975063,94.61,1,0,100,2244
1787434419.8151073,95.628,1,0,100,2244
1787434420.832347,96.645,1,0,100,2244
1787434421.8501775,97.663,1,0,100,2244
1787434422.867834,98.68,1,0,100,2244
1787434423.8852115,99.698,1,0,99,2244
1787434424.9029198,100.716,1,0,100,2244
1787434425.9200675,101.733,1,0,100,2244
1787434426.9370592,102.75,1,0,100,2244
1787434427.9540827,103.767,1,0,100,2244
1787434428.9711082,104.784,1,0,100,2244
1787434429.9892547,105.802,1,0,100,2244
1787434431.0065842,106.819,1,0,100,2244
1787434432.0255828,107.838,1,0,100,2244
1787434433.0425923,108.855,1,0,99,2244
1787434434.0592186,109.872,1,0,100,2244
1787434435.0768714,110.89,1,0,100,2244
1787434436.0934339,111.906,1,0,100,2244
1787434437.110664,112.923,1,0,100,2244
1787434438.1273468,113.94,1,0,100,2244
1787434439.1438684,114.957,1,0,100,2244
1787434440.161064,115.974,1,0,100,2244
1787434441.177771,116.99,1,0,99,2244
1787434442.1954496,118.008,1,0,100,2244
1787434443.2123168,119.025,1,0,99,2244
1787434444.2290993,120.042,1,0,100,2244
1787434445.2455618,121.058,1,0,100,2244
1787434446.2623405,122.075,1,0,100,2244
1787434447.2798932,123.093,1,0,100,2244
1787434448.2973304,124.11,1,0,100,2244
1787434449.3138962,125.127,1,0,100,2244
1787434450.3312092,126.144,1,0,100,2244
1787434451.348448,127.161,1,0,100,2244
1787434452.3661337,128.179,1,0,100,2244
1787434453.3834763,129.196,1,0,99,2244
1787434454.4009883,130.214,1,0,100,2244
1787434455.4180825,131.231,1,0,100,2244
1787434456.4358022,132.248,1,0,100,2244
1787434457.4524949,133.265,1,0,100,2244
1787434458.4695115,134.282,1,0,100,2244
1787434459.4874566,135.3,1,0,100,2244
1787434460.5043068,136.317,1,0,100,2244
1787434461.5221932,137.335,1,0,100,2244
1787434462.5393844,138.352,1,0,100,2244
1787434463.5560799,139.369,1,0,99,2244
1787434464.573493,140.386,1,0,100,2244
1787434465.5905132,141.403,1,0,100,2244
1787434466.6074326,142.42,1,0,100,2244
1787434467.6241333,143.437,1,0,100,2244
1787434468.640954,144.454,1,0,100,2244
1787434469.6584203,145.471,1,0,100,2244
1787434470.6755812,146.488,1,0,100,2244
1787434471.692929,147.506,1,0,100,2244
1787434472.7101278,148.523,1,0,99,2244
1787434473.727471,149.54,1,0,100,2244
1787434474.7445178,150.557,1,0,100,2244
1787434475.7613614,151.574,1,0,100,2244
1787434476.778966,152.592,1,0,100,2244
1787434477.79639,153.609,1,0,100,2244
1787434478.813319,154.626,1,0,100,2244
1787434479.8310337,155.644,1,0,99,2244
1787434480.8483548,156.661,1,0,100,2244
1787434481.8660533,157.679,1,0,99,2244
1787434482.8835332,158.696,1,0,100,2244
1787434483.900961,159.714,1,0,100,2244
1787434484.9183059,160.731,1,0,100,2244
1787434485.9356217,161.748,1,0,100,2244
1787434486.9530041,162.766,1,0,100,2244
1787434487.9707043,163.783,1,0,100,2244
1787434488.988506,164.801,1,0,100,2244
1787434490.0063229,165.819,1,0,99,2244
1787434491.0249555,166.838,1,0,100,2244
1787434492.0420132,167.855,1,0,99,2244
1787434493.0590262,168.872,1,0,100,2244
1787434494.076973,169.89,1,0,100,2244
1787434495.094473,170.907,1,0,100,2244
1787434496.111541,171.924,1,0,100,2244
1787434497.1285832,172.941,1,0,100,2244
1787434498.1459262,173.959,1,0,100,2244
1787434499.1631966,174.976,1,0,100,2244
1787434500.1803617,175.993,1,0,100,2244
1787434501.1978533,177.01,1,0,100,2244
1787434502.2151089,178.028,1,0,99,2244
1787434503.2324245,179.045,1,0,100,2244
1787434504.2496214,180.062,1,0,100,2244
1787434505.266994,181.08,1,0,100,2244
1787434506.2846756,182.097,1,0,100,2244
1787434507.301684,183.114,1,0,100,2244
1787434508.3183515,184.131,1,0,100,2244
1787434509.3357244,185.148,1,0,100,2244
1787434510.3531837,186.166,1,0,100,2244
1787434511.3704822,187.183,1,0,100,2244
1787434512.3873668,188.2,1,0,99,2244
1787434513.4045658,189.217,1,0,100,2244
1787434514.4214728,190.234,1,0,100,2244
1787434515.438211,191.251,1,0,100,2244
1787434516.4544973,192.267,1,0,100,2244
1787434517.4714174,193.284,1,0,100,2244
1787434518.4881608,194.301,1,0,100,2244
1787434519.5054715,195.318,1,0,100,2244
1787434520.5234683,196.336,1,0,100,2244
1787434521.5400887,197.353,1,0,99,2244
1787434522.5568032,198.369,1,0,100,2244
1787434523.57452,199.387,1,0,100,2244
1787434524.5909855,200.404,1,0,100,2244
1787434525.6086388,201.421,1,0,100,2244
1787434526.6255422,202.438,1,0,100,2244
1787434527.6426768,203.455,1,0,100,2244
1787434528.6603692,204.473,1,0,100,2244
1787434529.6769888,205.49,1,0,100,2244
1787434530.6945426,206.507,1,0,100,2244
1787434531.7121267,207.525,1,0,99,2244
1787434532.7295392,208.542,1,0,100,2244
1787434533.7464297,209.559,1,0,100,2244
1787434534.7637463,210.576,1,0,100,2244
1787434535.7817385,211.594,1,0,100,2244
1787434536.7985723,212.611,1,0,100,2244
1787434537.8159223,213.629,1,0,100,2244
1787434538.833095,214.646,1,0,100,2244
1787434539.8505673,215.663,1,0,100,2244
1787434540.867499,216.68,1,0,99,2244
1787434541.884055,217.697,1,0,100,2244
1787434542.9012408,218.714,1,0,100,2244
1787434543.9190912,219.732,1,0,100,2244
1787434544.936194,220.749,1,0,100,2244
1787434545.9529526,221.766,1,0,100,2244
1787434546.9697592,222.782,1,0,100,2244
1787434547.9876232,223.8,1,0,100,2244
1787434549.0044112,224.817,1,0,100,2244
1787434550.021833,225.834,1,0,100,2244
1787434551.0385423,226.851,1,0,99,2244
1787434552.055542,227.868,1,0,100,2244
1787434553.0723243,228.885,1,0,100,2244
1787434554.0888994,229.902,1,0,100,2244
1787434555.1066372,230.919,1,0,100,2244
1787434556.1237028,231.936,1,0,100,2244
1787434557.1404576,232.953,1,0,100,2244
1787434558.15882,233.971,1,0,100,2244
1787434559.175594,234.988,1,0,100,2244
1787434560.193373,236.006,1,0,100,2244
1787434561.21085,237.023,1,0,99,2244
1787434562.22844,238.041,1,0,100,2244
1787434563.2454448,239.058,1,0,100,2244
1787434564.2622783,240.075,1,0,100,2244
1787434565.2790768,241.092,1,0,100,2244
1787434566.2958503,242.108,1,0,100,2244
1787434567.313562,243.126,1,0,100,2244
1787434568.3314762,244.144,1,0,99,2244
1787434569.3498857,245.163,1,0,100,2244
1787434570.366724,246.179,1,0,99,2244
1787434571.3835535,247.196,1,0,100,2244
1787434572.4005556,248.213,1,0,100,2244
1787434573.4174337,249.23,1,0,100,2244
1787434574.434577,250.247,1,0,100,2244
1787434575.4514225,251.264,1,0,100,2244
1787434576.468196,252.281,1,0,100,2244
1787434577.4862332,253.299,1,0,100,2244
1787434578.5034318,254.316,1,0,100,2244
1787434579.5211232,255.334,1,0,100,2244
1787434580.5393777,256.352,1,0,99,2244
1787434581.5565376,257.369,1,0,100,2244
1787434582.5734613,258.386,1,0,100,2244
1787434583.5901694,259.403,1,0,100,2244
1787434584.6079302,260.421,1,0,100,2244
1787434585.6253123,261.438,1,0,100,2244
1787434586.6423786,262.455,1,0,100,2244
1787434587.660021,263.473,1,0,100,2244
1787434588.6771712,264.49,1,0,100,2244
1787434589.695031,265.508,1,0,100,2244
1787434590.7123652,266.525,1,0,99,2244
1787434591.72927,267.542,1,0,100,2244
1787434592.7458284,268.558,1,0,100,2244
1787434593.762748,269.575,1,0,100,2244
1787434594.7796562,270.592,1,0,100,2244
1787434595.796546,271.609,1,0,100,2244
1787434596.8143992,272.627,1,0,100,2244
1787434597.8318157,273.644,1,0,100,2244
1787434598.8496428,274.662,1,0,100,2244
1787434599.8667197,275.679,1,0,100,2244
1787434600.8842113,276.697,1,0,99,2244
1787434601.9020035,277.715,1,0,100,2244
1787434602.9190156,278.732,1,0,100,2244
1787434603.9359903,279.749,1,0,100,2244
1787434604.9529808,280.766,1,0,100,2244
1787434605.9701176,281.783,1,0,100,2244
1787434606.9878821,282.801,1,0,100,2244
1787434608.0051947,283.818,1,0,100,2244
1787434609.0229013,284.836,1,0,100,2244
1787434610.0399868,285.853,1,0,99,2244
1787434611.057132,286.87,1,0,100,2244
1787434612.0742297,287.887,1,0,100,2244
1787434613.0909953,288.904,1,0,100,2244
1787434614.108988,289.922,1,0,100,2244
1787434615.125784,290.938,1,0,100,2244
1787434616.1423683,291.955,1,0,100,2244
1787434617.1604033,292.973,1,0,100,2244
1787434618.177169,293.99,1,0,100,2244
1787434619.1954143,295.008,1,0,99,2244
1787434620.2125103,296.025,1,0,100,2244
1787434621.22938,297.042,1,0,100,2244
1787434622.2461307,298.059,1,0,100,2244
1787434623.2630773,299.076,1,0,100,2244
1787434624.2804165,300.093,1,0,100,2244
1787434625.2974691,301.11,1,0,100,2244
1787434626.3150322,302.128,1,0,100,2244
1787434627.332448,303.145,1,0,100,2244
1787434628.3502424,304.163,1,0,100,2244
1787434629.3672333,305.18,1,0,99,2244
1787434630.3840413,306.197,1,0,100,2244
1787434631.4016762,307.214,1,0,100,2244
1787434632.4192836,308.232,1,0,100,2244
1787434633.4360414,309.249,1,0,100,2244
1787434634.4526582,310.265,1,0,100,2244
1787434635.4699178,311.283,1,0,100,2244
1787434636.4872093,312.3,1,0,100,2244
1787434637.5041397,313.317,1,0,100,2244
1787434638.5213833,314.334,1,0,100,2244
1787434639.5380764,315.351,1,0,99,2244
1787434640.5550451,316.368,1,0,100,2244
1787434641.572413,317.385,1,0,100,2244
1787434642.589316,318.402,1,0,100,2244
1787434643.6067991,319.419,1,0,100,2244
1787434644.6240354,320.437,1,0,100,2244
1787434645.6410162,321.454,1,0,100,2244
1787434646.6583936,322.471,1,0,100,2244
1787434647.6753156,323.488,1,0,100,2244
1787434648.693195,324.506,1,0,100,2244
1787434649.710513,325.523,1,0,99,2244
1787434650.7279305,326.541,1,0,100,2244
1787434651.7450132,327.558,1,0,100,2244
1787434652.7617285,328.574,1,0,100,2244
1787434653.7781577,329.591,1,0,100,2244
1787434654.7950814,330.608,1,0,100,2244
1787434655.8126054,331.625,1,0,100,2244
1787434656.8294933,332.642,1,0,100,2244
1787434657.8478065,333.66,1,0,100,2244
1787434658.8650703,334.678,1,0,100,2244
1787434659.8818457,335.694,1,0,99,2244
1787434660.8994386,336.712,1,0,100,2244
1787434661.9166903,337.729,1,0,100,2244
1787434662.933868,338.747,1,0,100,2244
1787434663.9508328,339.763,1,0,100,2244
1787434664.9682174,340.781,1,0,100,2244
1787434665.9863572,341.799,1,0,100,2244
1787434667.0036845,342.816,1,0,99,2244
1787434668.0213792,343.834,1,0,100,2244
1787434669.0384037,344.851,1,0,99,2244
1787434670.0555818,345.868,1,0,100,2244
1787434671.072521,346.885,1,0,100,2244
1787434672.0895388,347.902,1,0,100,2244
1787434673.1071527,348.92,1,0,100,2244
1787434674.1244051,349.937,1,0,100,2244
1787434675.1412334,350.954,1,0,100,2244
1787434676.1584017,351.971,1,0,100,2244
1787434677.1753435,352.988,1,0,100,2244
1787434678.2851424,354.098,1,0,99,2244
1787434679.3025482,355.115,1,0,100,2244
1787434680.320573,356.133,1,0,100,2244
1787434681.3370993,357.15,1,0,100,2244
1787434682.3547711,358.167,1,0,100,2244
1787434683.3719654,359.185,1,0,100,2244
1787434684.3889422,360.202,1,0,100,2244
1787434685.40642,361.219,1,0,100,2244
1787434686.4239259,362.237,1,0,100,2244
1787434687.4419932,363.255,1,0,100,2244
1787434688.4583502,364.271,1,0,99,2244
1787434689.4755092,365.288,1,0,100,2244
1787434690.4932795,366.306,1,0,100,2244
1787434691.5104113,367.323,1,0,100,2244
1787434692.5285635,368.341,1,0,100,2244
1787434693.5455003,369.358,1,0,100,2244
1787434694.562656,370.375,1,0,100,2244
1787434695.5802796,371.393,1,0,100,2244
1787434696.5971365,372.41,1,0,100,2244
1787434697.615075,373.428,1,0,100,2244
1787434698.6321578,374.445,1,0,99,2244
1787434699.6494339,375.462,1,0,100,2244
1787434700.6665723,376.479,1,0,100,2244
1787434701.6839867,377.497,1,0,100,2244
1787434702.7016668,378.514,1,0,100,2244
1787434703.7190714,379.532,1,0,100,2244
1787434704.7363925,380.549,1,0,100,2244
1787434705.7541075,381.567,1,0,100,2244
1787434706.7718968,382.585,1,0,100,2244
1787434707.7890294,383.602,1,0,100,2244
1787434708.8056622,384.618,1,0,99,2244
1787434709.8230567,385.636,1,0,100,2244
1787434710.839934,386.653,1,0,100,2244
1787434711.8567746,387.669,1,0,100,2244
1787434712.8735557,388.686,1,0,100,2244
1787434713.8906763,389.703,1,0,100,2244
1787434714.9078827,390.721,1,0,100,2244
1787434715.9247308,391.737,1,0,100,2244
1787434716.9430346,392.756,1,0,100,2244
1787434717.9604473,393.773,1,0,99,2244
1787434718.9778438,394.79,1,0,100,2244
1787434719.9964483,395.809,1,0,100,2244
1787434721.0140574,396.827,1,0,100,2244
1787434722.03128,397.844,1,0,100,2244
1787434723.0479934,398.861,1,0,100,2244
1787434724.064884,399.878,1,0,100,2244
1787434725.081908,400.895,1,0,100,2244
1787434726.0985274,401.911,1,0,100,2244
1787434727.1163785,402.929,1,0,100,2244
1787434728.1331441,403.946,1,0,99,2244
1787434729.1504953,404.963,1,0,100,2244
1787434730.167064,405.98,1,0,100,2244
1787434731.1842816,406.997,1,0,100,2244
1787434732.202032,408.015,1,0,100,2244
1787434733.218723,409.031,1,0,100,2244
1787434734.2362845,410.049,1,0,100,2244
1787434735.2537706,411.066,1,0,100,2244
1787434736.2710922,412.084,1,0,100,2244
1787434737.288127,413.101,1,0,100,2244
1787434738.305516,414.118,1,0,98,2244
1787434739.322954,415.136,1,0,100,2244
1787434740.340592,416.153,1,0,100,2244
1787434741.3585372,417.171,1,0,100,2244
1787434742.3759792,418.189,1,0,100,2244
1787434743.3934524,419.206,1,0,100,2244
1787434744.4110262,420.224,1,0,100,2244
1787434745.4292886,421.242,1,0,100,2244
1787434746.447139,422.26,1,0,100,2244
1787434747.4645207,423.277,1,0,100,2244
1787434748.4820487,424.295,1,0,100,2244
1787434749.4994674,425.312,1,0,100,2244
1787434750.5173519,426.33,1,0,100,2244
1787434751.5352254,427.348,1,0,100,2244
1787434752.5526748,428.365,1,0,100,2244
1787434753.5703554,429.383,1,0,100,2244
1787434754.5876942,430.4,1,0,100,2244
1787434755.6054306,431.418,1,0,100,2244
1787434756.6234238,432.436,1,0,100,2244
1787434757.641222,433.454,1,0,100,2244
1787434758.658627,434.471,1,0,100,2244
1787434759.67626,435.489,1,0,100,2244
1787434760.694161,436.507,1,0,100,2244
1787434761.7118883,437.525,1,0,100,2244
1787434762.729422,438.542,1,0,100,2244
1787434763.7472255,439.56,1,0,100,2244
1787434764.764781,440.577,1,0,100,2244
1787434765.7825983,441.595,1,0,100,2244
1787434766.8003151,442.613,1,0,100,2244
1787434767.8178358,443.63,1,0,100,2244
1787434768.8353927,444.648,1,0,100,2244
1787434769.853458,445.666,1,0,100,2244
1787434770.8715148,446.684,1,0,100,2244
1787434771.8894243,447.702,1,0,100,2244
1787434772.9070244,448.72,1,0,100,2244
1787434773.924351,449.737,1,0,100,2244
1787434774.942125,450.755,1,0,100,2244
1787434775.9601116,451.773,1,0,100,2244
1787434776.9777534,452.79,1,0,100,2244
1787434777.9952896,453.808,1,0,100,2244
1787434779.0127225,454.825,1,0,100,2244
1787434780.0295608,455.842,1,0,98,2244
1787434781.0466084,456.859,1,0,100,2244
1787434782.064564,457.877,1,0,100,2244
1787434783.0815053,458.894,1,0,100,2244
1787434784.098512,459.911,1,0,100,2244
1787434785.1155155,460.928,1,0,100,2244
1787434786.1329608,461.946,1,0,100,2244
1787434787.150677,462.963,1,0,100,2244
1787434788.1679246,463.981,1,0,100,2244
1787434789.1856012,464.998,1,0,100,2244
1787434790.203055,466.016,1,0,99,2244
1787434791.2204225,467.033,1,0,100,2244
1787434792.2372758,468.05,1,0,100,2244
1787434793.2538147,469.066,1,0,100,2244
1787434794.2714603,470.084,1,0,100,2244
1787434795.287939,471.101,1,0,100,2244
1787434796.3049676,472.118,1,0,100,2244
1787434797.3221667,473.135,1,0,100,2244
1787434798.339163,474.152,1,0,100,2244
1787434799.3569295,475.17,1,0,100,2244
1787434800.3737242,476.186,1,0,99,2244
1787434801.3909013,477.204,1,0,100,2244
1787434802.4074826,478.22,1,0,91,2244
1787434803.4243567,479.237,1,0,100,2244
1787434804.4412575,480.254,1,0,100,2244
1787434805.4581733,481.271,1,0,100,2244
1787434806.4763367,482.289,1,0,100,2244
1787434807.4932764,483.306,1,0,100,2244
1787434808.5112991,484.324,1,0,100,2244
1787434809.5280974,485.341,1,0,100,2244
1787434810.5447836,486.357,1,0,99,2244
1787434811.5623748,487.375,1,0,100,2244
1787434812.5793989,488.392,1,0,100,2244
1787434813.596893,489.41,1,0,100,2244
1787434814.6141357,490.427,1,0,100,2244
1787434815.6310034,491.444,1,0,100,2244
1787434816.6485188,492.461,1,0,100,2244
1787434817.6653,493.478,1,0,100,2244
1787434818.6827445,494.495,1,0,100,2244
1787434819.699919,495.513,1,0,99,2244
1787434820.717038,496.53,1,0,100,2244
1787434821.7339425,497.547,1,0,100,2244
1787434822.7509725,498.564,1,0,100,2244
1787434823.7688906,499.582,1,0,100,2244
1787434824.7851121,500.598,1,0,100,2244
1787434825.801761,501.614,1,0,100,2244
1787434826.8193886,502.632,1,0,99,2244
1787434827.8364275,503.649,1,0,100,2244
1787434828.8543754,504.667,1,0,99,2244
1787434829.8706884,505.683,1,0,100,2244
1787434830.8883924,506.701,1,0,100,2244
1787434831.905179,507.718,1,0,100,2244
1787434832.9219778,508.735,1,0,100,2244
1787434833.9391127,509.752,1,0,100,2244
1787434834.9562767,510.769,1,0,100,2244
1787434835.9743626,511.787,1,0,100,2244
1787434836.9911864,512.804,1,0,100,2244
1787434838.0096118,513.822,1,0,100,2244
1787434839.0265691,514.839,1,0,99,2244
1787434840.043706,515.856,1,0,100,2244
1787434841.0614183,516.874,1,0,100,2244
1787434842.0779026,517.891,1,0,100,2244
1787434843.0952873,518.908,1,0,100,2244
1787434844.1120834,519.925,1,0,100,2244
1787434845.129098,520.942,1,0,100,2244
1787434846.1467662,521.959,1,0,100,2244
1787434847.163473,522.976,1,0,100,2244
1787434848.1807451,523.993,1,0,100,2244
1787434849.1981683,525.011,1,0,99,2244
1787434850.2153516,526.028,1,0,100,2244
1787434851.232467,527.045,1,0,100,2244
1787434852.248808,528.061,1,0,100,2244
1787434853.2661734,529.079,1,0,100,2244
1787434854.283135,530.096,1,0,100,2244
1787434855.30004,531.113,1,0,100,2244
1787434856.317184,532.13,1,0,100,2244
1787434857.3338249,533.146,1,0,100,2244
1787434858.3518233,534.164,1,0,100,2244
1787434859.3684232,535.181,1,0,99,2244
1787434860.386228,536.199,1,0,100,2244
1787434861.40305,537.216,1,0,100,2244
1787434862.4199471,538.233,1,0,100,2244
1787434863.43676,539.249,1,0,100,2244
1787434864.4538999,540.267,1,0,100,2244
1787434865.4717493,541.284,1,0,100,2244
1787434866.4886816,542.301,1,0,100,2244
1787434867.5067906,543.319,1,0,100,2244
1787434868.524642,544.337,1,0,100,2244
1787434869.5418558,545.355,1,0,99,2244
1787434870.559955,546.373,1,0,100,2244
1787434871.5770795,547.39,1,0,100,2244
1787434872.5943198,548.407,1,0,100,2244
1787434873.611288,549.424,1,0,100,2244
1787434874.6284826,550.441,1,0,100,2244
1787434875.6461835,551.459,1,0,100,2244
1787434876.6629074,552.476,1,0,99,2244
1787434877.683352,553.496,1,0,100,2244
1787434878.7065558,554.519,1,0,99,2244
1787434879.7243073,555.537,1,0,100,2244
1787434880.7410898,556.554,1,0,100,2244
1787434881.7583256,557.571,1,0,100,2244
1787434882.7763832,558.589,1,0,100,2244
1787434883.7933898,559.606,1,0,100,2244
1787434884.8104632,560.623,1,0,100,2244
1787434885.8280718,561.641,1,0,100,2244
1787434886.8455071,562.658,1,0,100,2244
1787434887.8636727,563.676,1,0,100,2244
1787434888.8811839,564.694,1,0,99,2244
1787434889.8989072,565.712,1,0,100,2244
1787434890.9160411,566.729,1,0,100,2244
1787434891.9334397,567.746,1,0,100,2244
1787434892.9510407,568.764,1,0,100,2244
1787434893.9677684,569.78,1,0,100,2244
1787434894.9850788,570.798,1,0,100,2244
1787434896.002047,571.815,1,0,100,2244
1787434897.0200796,572.833,1,0,100,2244
1787434898.0369022,573.85,1,0,99,2244
1787434899.0538883,574.867,1,0,100,2244
1787434900.0718296,575.884,1,0,100,2244
1787434901.088685,576.901,1,0,100,2244
1787434902.1060603,577.919,1,0,100,2244
1787434903.123104,578.936,1,0,100,2244
1787434904.1402295,579.953,1,0,100,2244
1787434905.1573942,580.97,1,0,100,2244
1787434906.1744385,581.987,1,0,100,2244
1787434907.191927,583.005,1,0,100,2244
1787434908.2089393,584.022,1,0,99,2244
1787434909.2258737,585.039,1,0,100,2244
1787434910.2424896,586.055,1,0,100,2244
1787434911.2595282,587.072,1,0,100,2244
1787434912.2778597,588.091,1,0,100,2244
1787434913.295427,589.108,1,0,100,2244
1787434914.312929,590.126,1,0,100,2244
1787434915.3305054,591.143,1,0,100,2244
1787434916.3483124,592.161,1,0,100,2244
1787434917.3655944,593.178,1,0,99,2244
1787434918.383065,594.196,1,0,100,2244
1787434919.4004037,595.213,1,0,100,2244
1787434920.4175348,596.23,1,0,100,2244
1787434921.4342728,597.247,1,0,100,2244
1787434922.4509013,598.264,1,0,100,2244
1787434923.467986,599.281,1,0,100,2244
1787434924.4860578,600.299,1,0,100,2244
1787434925.503518,601.316,1,0,100,2244
1787434926.521731,602.334,1,0,100,2244
1787434927.5383768,603.351,1,0,99,2244
1787434928.5554466,604.368,1,0,100,2244
1787434929.5737464,605.386,1,0,100,2244
1787434930.5911775,606.404,1,0,100,2244
1787434931.6083643,607.421,1,0,100,2244
1787434932.6253204,608.438,1,0,100,2244
1787434933.6422992,609.455,1,0,100,2244
1787434934.659712,610.472,1,0,100,2244
1787434935.6768236,611.489,1,0,100,2244
1787434936.69467,612.507,1,0,100,2244
1787434937.712001,613.525,1,0,99,2244
1787434938.7290695,614.542,1,0,100,2244
1787434939.7455409,615.558,1,0,100,2244
1787434940.7627764,616.575,1,0,100,2244
1787434941.7808974,617.594,1,0,100,2244
1787434942.7984474,618.611,1,0,100,2244
1787434943.815759,619.628,1,0,100,2244
1787434944.833174,620.646,1,0,100,2244
1787434945.8509645,621.664,1,0,100,2244
1787434946.8691623,622.682,1,0,100,2244
1787434947.8864906,623.699,1,0,99,2244
1787434948.9038665,624.717,1,0,100,2244
1787434949.9214895,625.734,1,0,100,2244
1787434950.9381475,626.751,1,0,100,2244
1787434951.9546967,627.767,1,0,100,2244
1787434952.971918,628.785,1,0,100,2244
1787434953.98981,629.802,1,0,100,2244
1787434955.0066414,630.819,1,0,100,2244
1787434956.0249453,631.838,1,0,100,2244
1787434957.0416298,632.854,1,0,100,2244
1787434958.059131,633.872,1,0,99,2244
1787434959.0769787,634.89,1,0,100,2244
1787434960.094521,635.907,1,0,100,2244
1787434961.111771,636.924,1,0,100,2244
1787434962.1283262,637.941,1,0,100,2244
1787434963.1454859,638.958,1,0,100,2244
1787434964.1638103,639.976,1,0,100,2244
1787434965.1806467,640.993,1,0,100,2244
1787434966.1987426,642.011,1,0,99,2244
1787434967.2160268,643.029,1,0,100,2244
1787434968.2337136,644.046,1,0,100,2244
1787434969.2508993,645.064,1,0,100,2244
1787434970.267857,646.081,1,0,100,2244
1787434971.2853794,647.098,1,0,100,2244
1787434972.3027427,648.115,1,0,100,2244
1787434973.3201504,649.133,1,0,100,2244
1787434974.3375804,650.15,1,0,99,2244
1787434975.3549862,651.168,1,0,100,2244
1787434976.3733373,652.186,1,0,99,2244
1787434977.3898299,653.202,1,0,100,2244
1787434978.4071486,654.22,1,0,100,2244
1787434979.423892,655.237,1,0,100,2244
1787434980.4412954,656.254,1,0,100,2244
1787434981.458251,657.271,1,0,100,2244
1787434982.475032,658.288,1,0,100,2244
1787434983.492568,659.305,1,0,100,2244
1787434984.5094733,660.322,1,0,100,2244
1787434985.5274732,661.34,1,0,100,2244
1787434986.5441294,662.357,1,0,99,2244
1787434987.561178,663.374,1,0,100,2244
1787434988.5787616,664.391,1,0,100,2244
1787434989.5961425,665.409,1,0,100,2244
1787434990.6139755,666.427,1,0,100,2244
1787434991.6310804,667.444,1,0,100,2244
1787434992.6484416,668.461,1,0,100,2244
1787434993.6659577,669.479,1,0,100,2244
1787434994.6831303,670.496,1,0,100,2244
1787434995.7008767,671.514,1,0,100,2244
1787434996.7181609,672.531,1,0,99,2244
1787434997.7350755,673.548,1,0,100,2244
1787434998.751731,674.564,1,0,100,2244
1787434999.7688391,675.581,1,0,100,2244
1787435000.7864692,676.599,1,0,100,2244
1787435001.803387,677.616,1,0,100,2244
1787435002.820347,678.633,1,0,100,2244
1787435003.837599,679.65,1,0,100,2244
1787435004.855235,680.668,1,0,100,2244
1787435005.8724794,681.685,1,0,100,2244
1787435006.8895645,682.702,1,0,99,2244
1787435007.9072278,683.72,1,0,100,2244
1787435008.9241066,684.737,1,0,100,2244
1787435009.9410489,685.754,1,0,100,2244
1787435010.9579256,686.771,1,0,100,2244
1787435011.975464,687.788,1,0,100,2244
1787435012.9937325,688.806,1,0,100,2244
1787435014.0117588,689.824,1,0,100,2244
1787435015.0295956,690.842,1,0,100,2244
1787435016.0462139,691.859,1,0,99,2244
1787435017.063272,692.876,1,0,100,2244
1787435018.0813835,693.894,1,0,100,2244
1787435019.0984,694.911,1,0,100,2244
1787435020.1157274,695.928,1,0,100,2244
1787435021.132911,696.946,1,0,100,2244
1787435022.1501176,697.963,1,0,100,2244
1787435023.167599,698.98,1,0,100,2244
1787435024.1849406,699.998,1,0,100,2244
1787435025.202479,701.015,1,0,100,2244
1787435026.219768,702.032,1,0,99,2244
1787435027.237037,703.05,1,0,100,2244
1787435028.2535398,704.066,1,0,100,2244
1787435029.270246,705.083,1,0,100,2244
1787435030.2881062,706.101,1,0,100,2244
1787435031.3049858,707.118,1,0,100,2244
1787435032.3222706,708.135,1,0,100,2244
1787435033.3397987,709.152,1,0,100,2244
1787435034.3575907,710.17,1,0,100,2244
1787435035.374695,711.187,1,0,99,2244
1787435036.3919637,712.205,1,0,100,2244
1787435037.4098423,713.222,1,0,100,2244
1787435038.4272673,714.24,1,0,100,2244
1787435039.4442618,715.257,1,0,100,2244
1787435040.4609425,716.274,1,0,100,2244
1787435041.4775586,717.29,1,0,100,2244
1787435042.4952257,718.308,1,0,100,2244
1787435043.512084,719.325,1,0,100,2244
1787435044.530077,720.343,1,0,100,2244
1787435045.5474157,721.36,1,0,99,2244
1787435046.5646105,722.377,1,0,100,2244
1787435047.5823698,723.395,1,0,100,2244
1787435048.6001787,724.413,1,0,100,2244
1787435049.6177726,725.43,1,0,100,2244
1787435050.6350074,726.448,1,0,100,2244
1787435051.6520398,727.465,1,0,100,2244
1787435052.6697,728.482,1,0,100,2244
1787435053.6863625,729.499,1,0,100,2244
1787435054.7043045,730.517,1,0,100,2244
1787435055.7212026,731.534,1,0,99,2244
1787435056.7382472,732.551,1,0,100,2244
1787435057.7554455,733.568,1,0,100,2244
1787435058.77265,734.585,1,0,100,2244
1787435059.790151,735.603,1,0,100,2244
1787435060.8069487,736.62,1,0,100,2244
1787435061.8253572,737.638,1,0,100,2244
1787435062.8433032,738.656,1,0,100,2244
1787435063.8607996,739.673,1,0,100,2244
1787435064.8783302,740.691,1,0,99,2244
1787435065.8955743,741.708,1,0,100,2244
1787435066.9137664,742.726,1,0,100,2244
1787435067.9309988,743.744,1,0,100,2244
1787435068.9482446,744.761,1,0,100,2244
1787435069.965153,745.778,1,0,100,2244
1787435070.9821174,746.795,1,0,100,2244
1787435072.000107,747.813,1,0,100,2244
1787435073.017171,748.83,1,0,100,2244
1787435074.035781,749.848,1,0,100,2244
1787435075.0527344,750.865,1,0,99,2244
1787435076.0695086,751.882,1,0,100,2244
1787435077.0865798,752.899,1,0,100,2244
1787435078.1039865,753.917,1,0,100,2244
1787435079.1217906,754.934,1,0,100,2244
1787435080.1390195,755.952,1,0,100,2244
1787435081.1558943,756.969,1,0,100,2244
1787435082.172862,757.986,1,0,100,2244
1787435083.1896992,759.002,1,0,100,2244
1787435084.207009,760.02,1,0,100,2244
1787435085.223898,761.037,1,0,99,2244
1787435086.241036,762.054,1,0,100,2244
1787435087.2579038,763.071,1,0,100,2244
1787435088.2749567,764.088,1,0,100,2244
1787435089.2929819,765.106,1,0,100,2244
1787435090.310185,766.123,1,0,100,2244
1787435091.3274481,767.14,1,0,100,2244
1787435092.3448665,768.158,1,0,100,2244
1787435093.36198,769.175,1,0,100,2244
1787435094.3789382,770.192,1,0,100,2244
1787435095.3960505,771.209,1,0,99,2244
1787435096.4138863,772.227,1,0,100,2244
1787435097.4313767,773.244,1,0,100,2244
1787435098.4484181,774.261,1,0,100,2244
1787435099.465454,775.278,1,0,100,2244
1787435100.4826205,776.295,1,0,100,2244
1787435101.5003164,777.313,1,0,100,2244
1787435102.5252056,778.338,1,0,100,2244
1787435103.5430238,779.356,1,0,100,2244
1787435104.5598764,780.373,1,0,100,2244
1787435105.5765038,781.389,1,0,99,2244
1787435106.5933337,782.406,1,0,100,2244
1787435107.6100428,783.423,1,0,100,2244
1787435108.6277218,784.44,1,0,100,2244
1787435109.6448736,785.458,1,0,100,2244
1787435110.662285,786.475,1,0,100,2244
1787435111.6795993,787.492,1,0,100,2244
1787435112.6967232,788.509,1,0,100,2244
1787435113.714795,789.527,1,0,99,2244
1787435114.7320602,790.545,1,0,100,2244
1787435115.748984,791.562,1,0,100,2244
1787435116.766069,792.579,1,0,100,2244
1787435117.7834604,793.596,1,0,100,2244
1787435118.800601,794.613,1,0,100,2244
1787435119.817796,795.63,1,0,100,2244
1787435120.8358643,796.649,1,0,100,2244
1787435121.8531256,797.666,1,0,100,2244
1787435122.8707814,798.683,1,0,100,2244
1787435123.887719,799.7,1,0,99,2244
1787435124.9049003,800.718,1,0,100,2244
1787435125.9225385,801.735,1,0,100,2244
1787435126.939456,802.752,1,0,100,2244
1787435127.9569044,803.77,1,0,100,2244
1787435128.9738636,804.787,1,0,100,2244
1787435129.991054,805.804,1,0,100,2244
1787435131.0088873,806.822,1,0,100,2244
1787435132.0264251,807.839,1,0,100,2244
1787435133.0435903,808.856,1,0,100,2244
1787435134.0646553,809.877,1,0,99,2244
1787435135.0817838,810.894,1,0,100,2244
1787435136.098876,811.912,1,0,100,2244
1787435137.1165102,812.929,1,0,100,2244
1787435138.1349523,813.948,1,0,100,2244
1787435139.1521819,814.965,1,0,100,2244
1787435140.169433,815.982,1,0,100,2244
1787435141.1868796,817.0,1,0,100,2244
1787435142.2040765,818.017,1,0,100,2244
1787435143.2218206,819.034,1,0,100,2244
1787435144.239233,820.052,1,0,99,2244
1787435145.2561436,821.069,1,0,100,2244
1787435146.272899,822.086,1,0,100,2244
1787435147.2901127,823.103,1,0,100,2244
1787435148.3072793,824.12,1,0,100,2244
1787435149.3244555,825.137,1,0,100,2244
1787435150.3430102,826.156,1,0,100,2244
1787435151.360546,827.173,1,0,100,2244
1787435152.3779092,828.191,1,0,100,2244
1787435153.394799,829.207,1,0,100,2244
1787435154.4118345,830.224,1,0,99,2244
1787435155.4295743,831.242,1,0,100,2244
1787435156.4471138,832.26,1,0,100,2244
1787435157.4645488,833.277,1,0,100,2244
1787435158.4819086,834.295,1,0,100,2244
1787435159.4989884,835.312,1,0,100,2244
1787435160.51699,836.33,1,0,100,2244
1787435161.5338988,837.347,1,0,99,2244
1787435162.5513797,838.364,1,0,100,2244
1787435163.570457,839.383,1,0,99,2244
1787435164.5877764,840.4,1,0,100,2244
1787435165.6052816,841.418,1,0,100,2244
1787435166.622679,842.435,1,0,100,2244
1787435167.640321,843.453,1,0,100,2244
1787435168.6575246,844.47,1,0,100,2244
1787435169.675131,845.488,1,0,100,2244
1787435170.692975,846.506,1,0,100,2244
1787435171.7104888,847.523,1,0,99,2244
1787435172.7287982,848.541,1,0,100,2244
1787435173.746307,849.559,1,0,99,2244
1787435174.7634602,850.576,1,0,100,2244
1787435175.7805016,851.593,1,0,100,2244
1787435176.7979627,852.611,1,0,100,2244
1787435177.8148677,853.628,1,0,100,2244
1787435178.831844,854.644,1,0,100,2244
1787435179.8497412,855.662,1,0,100,2244
1787435180.86695,856.68,1,0,100,2244
1787435181.8841517,857.697,1,0,100,2244
1787435182.901622,858.714,1,0,99,2244
1787435183.9186654,859.731,1,0,100,2244
1787435184.9364605,860.749,1,0,100,2244
1787435185.9535913,861.766,1,0,100,2244
1787435186.9710243,862.784,1,0,100,2244
1787435187.9882796,863.801,1,0,100,2244
1787435189.005739,864.818,1,0,100,2244
1787435190.023363,865.836,1,0,100,2244
1787435191.0413146,866.854,1,0,100,2244
1787435192.059006,867.872,1,0,100,2244
1787435193.0771208,868.89,1,0,100,2244
1787435194.0947847,869.907,1,0,100,2244
1787435195.1125026,870.925,1,0,100,2244
1787435196.1302197,871.943,1,0,100,2244
1787435197.1481626,872.961,1,0,100,2244
1787435198.16602,873.979,1,0,100,2244
1787435199.183488,874.996,1,0,100,2244
1787435200.201144,876.014,1,0,100,2244
1787435201.2193334,877.032,1,0,100,2244
1787435202.2374797,878.05,1,0,100,2244
1787435203.2551303,879.068,1,0,100,2244
1787435204.2725298,880.085,1,0,100,2244
1787435205.289642,881.102,1,0,100,2244
1787435206.3071961,882.12,1,0,100,2244
1787435207.3245637,883.137,1,0,100,2244
1787435208.3417602,884.154,1,0,100,2244
1787435209.3584957,885.171,1,0,100,2244
1787435210.3755481,886.188,1,0,100,2244
1787435211.3932872,887.206,1,0,100,2244
1787435212.4111462,888.224,1,0,100,2244
1787435213.428291,889.241,1,0,100,2244
1787435214.4453833,890.258,1,0,100,2244
1787435215.4634056,891.276,1,0,100,2244
1787435216.4806461,892.293,1,0,100,2244
1787435217.4984076,893.311,1,0,100,2244
1787435218.5161114,894.329,1,0,100,2244
1787435219.5334508,895.346,1,0,100,2244
1787435220.550779,896.363,1,0,100,2244
1787435221.5681458,897.381,1,0,100,2244
1787435222.5854216,898.398,1,0,100,2244
1787435223.6027505,899.415,1,0,100,2244
1787435224.620089,900.433,1,0,100,2244
1787435225.63743,901.45,1,0,100,2244
1787435226.655185,902.468,1,0,99,2244
1787435227.6718333,903.484,1,0,100,2244
1787435228.6895654,904.502,1,0,100,2244
1787435229.7066686,905.519,1,0,100,2244
1787435230.724611,906.537,1,0,100,2244
1787435231.7421408,907.555,1,0,100,2244
1787435232.7599702,908.573,1,0,100,2244
1787435233.7774918,909.59,1,0,100,2244
1787435234.794447,910.607,1,0,100,2244
1787435235.813411,911.626,1,0,99,2244
1787435236.8310215,912.644,1,0,100,2244
1787435237.849049,913.662,1,0,100,2244
1787435238.8668733,914.68,1,0,100,2244
1787435239.8838797,915.697,1,0,100,2244
1787435240.9018,916.714,1,0,100,2244
1787435241.919026,917.732,1,0,100,2244
1787435242.9369473,918.75,1,0,100,2244
1787435243.9554298,919.768,1,0,100,2244
1787435244.9726014,920.785,1,0,100,2244
1787435245.9902463,921.803,1,0,99,2244
1787435247.0064247,922.819,1,0,100,2244
1787435248.023996,923.837,1,0,100,2244
1787435249.0420673,924.855,1,0,100,2244
1787435250.0600698,925.873,1,0,100,2244
1787435251.0779545,926.891,1,0,100,2244
1787435252.0946083,927.907,1,0,100,2244
1787435253.112602,928.925,1,0,100,2244
1787435254.130638,929.943,1,0,100,2244
1787435255.1484272,930.961,1,0,99,2244
1787435256.1662884,931.979,1,0,100,2244
1787435257.1831603,932.996,1,0,100,2244
1787435258.2009888,934.014,1,0,100,2244
1787435259.2184935,935.031,1,0,100,2244
1787435260.23651,936.049,1,0,100,2244
1787435261.254393,937.067,1,0,100,2244
1787435262.2720258,938.085,1,0,100,2244
1787435263.2896576,939.102,1,0,100,2244
1787435264.3075075,940.12,1,0,100,2244
1787435265.325312,941.138,1,0,99,2244
1787435266.343543,942.156,1,0,100,2244
1787435267.3615205,943.174,1,0,100,2244
1787435268.379232,944.192,1,0,100,2244
1787435269.3963466,945.209,1,0,100,2244
1787435270.4139843,946.227,1,0,100,2244
1787435271.4309232,947.244,1,0,100,2244
1787435272.4505315,948.263,1,0,100,2244
1787435273.4683473,949.281,1,0,100,2244
1787435274.4851844,950.298,1,0,100,2244
1787435275.503073,951.316,1,0,99,2244
1787435276.5199654,952.333,1,0,100,2244
1787435277.537792,953.35,1,0,100,2244
1787435278.555879,954.369,1,0,100,2244
1787435279.5737257,955.386,1,0,100,2244
1787435280.591538,956.404,1,0,100,2244
1787435281.6087003,957.421,1,0,100,2244
1787435282.6266654,958.439,1,0,100,2244
1787435283.6455595,959.458,1,0,100,2244
1787435284.6635764,960.476,1,0,99,2244
1787435285.682032,961.495,1,0,100,2244
1787435286.6991482,962.512,1,0,100,2244
1787435287.7177193,963.53,1,0,100,2244
1787435288.7350001,964.548,1,0,100,2244
1787435289.7527552,965.565,1,0,100,2244
1787435290.7704039,966.583,1,0,100,2244
1787435291.7879415,967.601,1,0,100,2244
1787435292.8058736,968.619,1,0,100,2244
1787435293.8232687,969.636,1,0,100,2244
1787435294.8408732,970.654,1,0,99,2244
1787435295.8582854,971.671,1,0,100,2244
1787435296.8756573,972.688,1,0,100,2244
1787435297.8934004,973.706,1,0,100,2244
1787435298.910431,974.723,1,0,100,2244
1787435299.928487,975.741,1,0,100,2244
1787435300.94545,976.758,1,0,100,2244
1787435301.963303,977.776,1,0,100,2244
1787435302.9816592,978.794,1,0,100,2244
1787435303.9997933,979.812,1,0,100,2244
1787435305.0175416,980.83,1,0,99,2244
1787435306.0349617,981.848,1,0,100,2244
1787435307.0523698,982.865,1,0,100,2244
1787435308.0705183,983.883,1,0,100,2244
1787435309.0883987,984.901,1,0,100,2244
1787435310.1062753,985.919,1,0,100,2244
1787435311.1231823,986.936,1,0,100,2244
1787435312.1412888,987.954,1,0,100,2244
1787435313.159585,988.972,1,0,100,2244
1787435314.1793332,989.992,1,0,100,2244
1787435315.197056,991.01,1,0,99,2244
1787435316.213977,992.027,1,0,100,2244
1787435317.2317367,993.044,1,0,100,2244
1787435318.2485378,994.061,1,0,100,2244
1787435319.2663648,995.079,1,0,100,2244
1787435320.2845123,996.097,1,0,100,2244
1787435321.3023787,997.115,1,0,100,2244
1787435322.3195603,998.132,1,0,100,2244
1787435323.3369086,999.15,1,0,100,2244
1787435324.354827,1000.167,1,0,99,2244
1787435325.372702,1001.185,1,0,100,2244
1787435326.3902667,1002.203,1,0,100,2244
1787435327.4086702,1003.221,1,0,100,2244
1787435328.4261854,1004.239,1,0,100,2244
1787435329.4437978,1005.256,1,0,100,2244
1787435330.4608898,1006.274,1,0,100,2244
1787435331.4785159,1007.291,1,0,100,2244
1787435332.4967222,1008.309,1,0,100,2244
1787435333.5137744,1009.326,1,0,99,2244
1787435334.5317364,1010.344,1,0,100,2244
1787435335.5489843,1011.362,1,0,100,2244
1787435336.5669909,1012.38,1,0,100,2244
1787435337.584419,1013.397,1,0,100,2244
1787435338.6022217,1014.415,1,0,100,2244
1787435339.6201801,1015.433,1,0,100,2244
1787435340.6376543,1016.45,1,0,100,2244
1787435341.6554642,1017.468,1,0,100,2244
1787435342.6746097,1018.487,1,0,100,2244
1787435343.6922998,1019.505,1,0,99,2244
1787435344.7104561,1020.523,1,0,100,2244
1787435345.7278273,1021.54,1,0,100,2244
1787435346.7456393,1022.558,1,0,100,2244
1787435347.7626266,1023.575,1,0,100,2244
1787435348.7806706,1024.593,1,0,100,2244
1787435349.7989385,1025.612,1,0,100,2244
1787435350.8167381,1026.629,1,0,100,2244
1787435351.834354,1027.647,1,0,100,2244
1787435352.8516762,1028.664,1,0,100,2244
1787435353.8695168,1029.682,1,0,99,2244
1787435354.8877847,1030.7,1,0,100,2244
1787435355.9055693,1031.718,1,0,100,2244
1787435356.9235353,1032.736,1,0,100,2244
1787435357.9405768,1033.753,1,0,100,2244
1787435358.9585147,1034.771,1,0,100,2244
1787435359.975404,1035.788,1,0,100,2244
1787435360.9936743,1036.806,1,0,100,2244
1787435362.0119772,1037.825,1,0,100,2244
1787435363.0294354,1038.842,1,0,100,2244
1787435364.0474265,1039.86,1,0,99,2244
1787435365.0648024,1040.877,1,0,100,2244
1787435366.0825925,1041.895,1,0,100,2244
1787435367.1006956,1042.913,1,0,100,2244
1787435368.1181862,1043.931,1,0,100,2244
1787435369.1361897,1044.949,1,0,100,2244
1787435370.1533282,1045.966,1,0,100,2244
1787435371.171783,1046.984,1,0,100,2244
1787435372.1894262,1048.002,1,0,100,2244
1787435373.2075841,1049.02,1,0,100,2244
1787435374.2257493,1050.038,1,0,99,2244
1787435375.2433295,1051.056,1,0,100,2244
1787435376.2617233,1052.074,1,0,100,2244
1787435377.2790458,1053.092,1,0,100,2244
1787435378.2970707,1054.11,1,0,100,2244
1787435379.315249,1055.128,1,0,100,2244
1787435380.3335807,1056.146,1,0,100,2244
1787435381.351453,1057.164,1,0,100,2244
1787435382.3688965,1058.182,1,0,100,2244
1787435383.3871593,1059.2,1,0,99,2244
1787435384.4055486,1060.218,1,0,100,2244
1787435385.4235058,1061.236,1,0,100,2244
1787435386.4416842,1062.254,1,0,100,2244
1787435387.4590533,1063.272,1,0,100,2244
1787435388.4770985,1064.29,1,0,100,2244
1787435389.4940357,1065.307,1,0,100,2244
1787435390.5121799,1066.325,1,0,100,2244
1787435391.5304337,1067.343,1,0,100,2244
1787435392.5478263,1068.36,1,0,99,2244
1787435393.5654464,1069.378,1,0,100,2244
1787435394.5829768,1070.396,1,0,100,2244
1787435395.6005354,1071.413,1,0,100,2244
1787435396.618007,1072.431,1,0,100,2244
1787435397.6353693,1073.448,1,0,100,2244
1787435398.6533496,1074.466,1,0,100,2244
1787435399.6704001,1075.483,1,0,100,2244
1787435400.6883178,1076.501,1,0,100,2244
1787435401.7061098,1077.519,1,0,100,2244
1787435402.7239532,1078.537,1,0,99,2244
1787435403.7419229,1079.555,1,0,100,2244
1787435404.759875,1080.573,1,0,100,2244
1787435405.777814,1081.59,1,0,100,2244
1787435406.7950842,1082.608,1,0,100,2244
1787435407.8127484,1083.625,1,0,100,2244
1787435408.8303216,1084.643,1,0,100,2244
1787435409.8476377,1085.66,1,0,100,2244
1787435410.8647888,1086.677,1,0,100,2244
1787435411.8816104,1087.694,1,0,100,2244
1787435412.8988094,1088.711,1,0,99,2244
1787435413.9158468,1089.728,1,0,100,2244
1787435414.9330935,1090.746,1,0,100,2244
1787435415.9501803,1091.763,1,0,100,2244
1787435416.9671438,1092.78,1,0,100,2244
1787435417.9846447,1093.797,1,0,100,2244
1787435419.0017338,1094.814,1,0,100,2244
1787435420.0198636,1095.833,1,0,100,2244
1787435421.0373404,1096.85,1,0,100,2244
1787435422.053878,1097.867,1,0,100,2244
1787435423.071063,1098.884,1,0,99,2244
1787435424.0882578,1099.901,1,0,100,2244
1787435425.1053138,1100.918,1,0,100,2244
1787435426.122081,1101.935,1,0,100,2244
1787435427.1394312,1102.952,1,0,100,2244
1787435428.156802,1103.969,1,0,100,2244
1787435429.175055,1104.988,1,0,100,2244
1787435430.1921341,1106.005,1,0,100,2244
1787435431.2116292,1107.024,1,0,100,2244
1787435432.2282834,1108.041,1,0,99,2244
1787435433.245227,1109.058,1,0,100,2244
1787435434.2638247,1110.076,1,0,100,2244
1787435435.280807,1111.093,1,0,100,2244
1787435436.2977507,1112.11,1,0,100,2244
1787435437.3149564,1113.128,1,0,100,2244
1787435438.3321621,1114.145,1,0,100,2244
1787435439.349925,1115.163,1,0,100,2244
1787435440.3669786,1116.18,1,0,100,2244
1787435441.3839347,1117.197,1,0,100,2244
1787435442.4012787,1118.214,1,0,99,2244
1787435443.4184816,1119.231,1,0,100,2244
1787435444.4353676,1120.248,1,0,100,2244
1787435445.4524531,1121.265,1,0,100,2244
1787435446.469072,1122.282,1,0,100,2244
1787435447.486073,1123.299,1,0,100,2244
1787435448.5035574,1124.316,1,0,100,2244
1787435449.5215712,1125.334,1,0,100,2244
1787435450.53915,1126.352,1,0,100,2244
1787435451.5561464,1127.369,1,0,100,2244
1787435452.5727952,1128.385,1,0,99,2244
1787435453.5894518,1129.402,1,0,100,2244
1787435454.6068168,1130.419,1,0,100,2244
1787435455.6240036,1131.437,1,0,100,2244
1787435456.641019,1132.454,1,0,100,2244
1787435457.6583514,1133.471,1,0,100,2244
1787435458.6768188,1134.489,1,0,100,2244
1787435459.6939685,1135.507,1,0,100,2244
1787435460.7121136,1136.525,1,0,100,2244
1787435461.728519,1137.541,1,0,99,2244
1787435462.7449703,1138.558,1,0,100,2244
1787435463.761533,1139.574,1,0,100,2244
1787435464.7779756,1140.591,1,0,100,2244
1787435465.7947397,1141.607,1,0,100,2244
1787435466.8116612,1142.624,1,0,100,2244
1787435467.8284438,1143.641,1,0,100,2244
1787435468.845858,1144.659,1,0,100,2244
1787435469.863013,1145.676,1,0,100,2244
1787435470.882118,1146.695,1,0,100,2244
1787435471.898881,1147.712,1,0,99,2244
1787435472.9154825,1148.728,1,0,100,2244
1787435473.932429,1149.745,1,0,100,2244
1787435474.9498985,1150.763,1,0,100,2244
1787435475.96743,1151.78,1,0,100,2244
1787435476.9845693,1152.797,1,0,100,2244
1787435478.0015051,1153.814,1,0,100,2244
1787435479.0188541,1154.831,1,0,100,2244
1787435480.035555,1155.848,1,0,100,2244
1787435481.0524175,1156.865,1,0,99,2244
1787435482.0691547,1157.882,1,0,100,2244
1787435483.0860355,1158.899,1,0,100,2244
1787435484.102553,1159.915,1,0,100,2244
1787435485.1191893,1160.932,1,0,100,2244
1787435486.1361809,1161.949,1,0,100,2244
1787435487.15317,1162.966,1,0,100,2244
1787435488.17044,1163.983,1,0,100,2244
1787435489.187629,1165.0,1,0,100,2244
1787435490.2060091,1166.019,1,0,100,2244
1787435491.222779,1167.035,1,0,99,2244
1787435492.239838,1168.052,1,0,100,2244
1787435493.256399,1169.069,1,0,100,2244
1787435494.2725885,1170.085,1,0,100,2244
1787435495.2892675,1171.102,1,0,100,2244
1787435496.3062596,1172.119,1,0,100,2244
1787435497.3231974,1173.136,1,0,100,2244
1787435498.3415227,1174.154,1,0,100,2244
1787435499.3584316,1175.171,1,0,100,2244
1787435500.376365,1176.189,1,0,100,2244
1787435501.3933876,1177.206,1,0,99,2244
1787435502.4111035,1178.224,1,0,100,2244
1787435503.4280002,1179.241,1,0,100,2244
1787435504.4454672,1180.258,1,0,100,2244
1787435505.4621143,1181.275,1,0,100,2244
1787435506.4791086,1182.292,1,0,100,2244
1787435507.49593,1183.309,1,0,100,2244
1787435508.5137503,1184.326,1,0,100,2244
1787435509.5314617,1185.344,1,0,100,2244
1787435510.549344,1186.362,1,0,100,2244
1787435511.566099,1187.379,1,0,99,2244
1787435512.583336,1188.396,1,0,100,2244
1787435513.6007037,1189.413,1,0,100,2244
1787435514.6181598,1190.431,1,0,100,2244
1787435515.6357355,1191.448,1,0,100,2244
1787435516.6532032,1192.466,1,0,100,2244
1787435517.6711917,1193.484,1,0,100,2244
1787435518.6880562,1194.501,1,0,100,2244
1787435519.7059531,1195.519,1,0,100,2244
1787435520.7224865,1196.535,1,0,100,2244
1787435521.7395792,1197.552,1,0,99,2244
1787435522.7577748,1198.57,1,0,100,2244
1787435523.7749548,1199.588,1,0,100,2244
1787435524.7919185,1200.605,1,0,100,2244
1787435525.8089495,1201.622,1,0,100,2244
1787435526.825955,1202.639,1,0,100,2244
1787435527.843372,1203.656,1,0,100,2244
1787435528.8602104,1204.673,1,0,99,2244
1787435529.877747,1205.69,1,0,100,2244
1787435530.8947814,1206.707,1,0,99,2244
1787435531.9119437,1207.725,1,0,100,2244
1787435532.9287932,1208.741,1,0,100,2244
1787435533.9464548,1209.759,1,0,100,2244
1787435534.964275,1210.777,1,0,100,2244
1787435535.981447,1211.794,1,0,100,2244
1787435536.9986923,1212.811,1,0,100,2244
1787435538.0162883,1213.829,1,0,99,2244
1787435539.033981,1214.847,1,0,100,2244
1787435540.0520003,1215.865,1,0,99,2244
1787435541.069049,1216.882,1,0,100,2244
1787435542.086184,1217.899,1,0,100,2244
1787435543.1032133,1218.916,1,0,100,2244
1787435544.120605,1219.933,1,0,100,2244
1787435545.1375172,1220.95,1,0,100,2244
1787435546.1545928,1221.967,1,0,100,2244
1787435547.172431,1222.985,1,0,100,2244
1787435548.1893668,1224.002,1,0,100,2244
1787435549.2074904,1225.02,1,0,100,2244
1787435550.2245364,1226.037,1,0,99,2244
1787435551.2420986,1227.055,1,0,100,2244
1787435552.2599869,1228.073,1,0,100,2244
1787435553.2771347,1229.09,1,0,100,2244
1787435554.2946887,1230.107,1,0,100,2244
1787435555.3119674,1231.125,1,0,100,2244
1787435556.3291836,1232.142,1,0,100,2244
1787435557.3471625,1233.16,1,0,100,2244
1787435558.3643243,1234.177,1,0,100,2244
1787435559.381852,1235.194,1,0,100,2244
1787435560.398835,1236.211,1,0,99,2244
1787435561.4161463,1237.229,1,0,100,2244
1787435562.433257,1238.246,1,0,100,2244
1787435563.4505594,1239.263,1,0,100,2244
1787435564.468105,1240.281,1,0,100,2244
1787435565.4848533,1241.297,1,0,100,2244
1787435566.5019948,1242.315,1,0,100,2244
1787435567.519624,1243.332,1,0,100,2244
1787435568.5375285,1244.35,1,0,100,2244
1787435569.55504,1245.368,1,0,100,2244
1787435570.5721505,1246.385,1,0,99,2244
1787435571.5896113,1247.402,1,0,100,2244
1787435572.606663,1248.419,1,0,100,2244
1787435573.6235452,1249.436,1,0,100,2244
1787435574.640595,1250.453,1,0,100,2244
1787435575.6578112,1251.47,1,0,100,2244
1787435576.7094383,1252.522,1,0,100,2244
1787435577.7263849,1253.539,1,0,100,2244
1787435578.7441447,1254.557,1,0,100,2244
1787435579.760885,1255.574,1,0,99,2244
1787435580.7783492,1256.591,1,0,100,2244
1787435581.7965178,1257.609,1,0,100,2244
1787435582.8135746,1258.626,1,0,100,2244
1787435583.8310604,1259.644,1,0,100,2244
1787435584.848572,1260.661,1,0,100,2244
1787435585.8660073,1261.679,1,0,100,2244
1787435586.8835738,1262.696,1,0,100,2244
1787435587.9010487,1263.714,1,0,100,2244
1787435588.9191353,1264.732,1,0,100,2244
1787435589.935883,1265.749,1,0,99,2244
1787435590.9525642,1266.765,1,0,100,2244
1787435591.9692926,1267.782,1,0,100,2244
1787435592.9862258,1268.799,1,0,100,2244
1787435594.0040443,1269.817,1,0,100,2244
1787435595.0210035,1270.834,1,0,100,2244
1787435596.0391214,1271.852,1,0,100,2244
1787435597.0568676,1272.87,1,0,100,2244
1787435598.0744007,1273.887,1,0,100,2244
1787435599.0946317,1274.907,1,0,100,2244
1787435600.111772,1275.924,1,0,99,2244
1787435601.1300592,1276.943,1,0,100,2244
1787435602.1468415,1277.959,1,0,100,2244
1787435603.1642814,1278.977,1,0,100,2244
1787435604.1816869,1279.994,1,0,100,2244
1787435605.1991112,1281.012,1,0,100,2244
1787435606.2170188,1282.03,1,0,100,2244
1787435607.2341933,1283.047,1,0,100,2244
1787435608.2528226,1284.065,1,0,100,2244
1787435609.2694523,1285.082,1,0,99,2244
1787435610.2860167,1286.099,1,0,100,2244
1787435611.302744,1287.115,1,0,100,2244
1787435612.319635,1288.132,1,0,100,2244
1787435613.337184,1289.15,1,0,100,2244
1787435614.3540661,1290.167,1,0,100,2244
1787435615.3714118,1291.184,1,0,100,2244
1787435616.388862,1292.202,1,0,100,2244
1787435617.4059005,1293.219,1,0,100,2244
1787435618.4225657,1294.235,1,0,100,2244
1787435619.4401896,1295.253,1,0,99,2244
1787435620.4575038,1296.27,1,0,100,2244
1787435621.4746006,1297.287,1,0,100,2244
1787435622.4917352,1298.304,1,0,100,2244
1787435623.5085812,1299.321,1,0,100,2244
1787435624.525946,1300.339,1,0,100,2244
1787435625.5428312,1301.355,1,0,100,2244
1787435626.5613134,1302.374,1,0,100,2244
1787435627.5790277,1303.392,1,0,100,2244
1787435628.5959535,1304.409,1,0,99,2244
1787435629.6128542,1305.425,1,0,100,2244
1787435630.629813,1306.442,1,0,100,2244
1787435631.6469212,1307.46,1,0,100,2244
1787435632.6639175,1308.477,1,0,100,2244
1787435633.6814218,1309.494,1,0,100,2244
1787435634.698246,1310.511,1,0,100,2244
1787435635.7151744,1311.528,1,0,100,2244
1787435636.7320807,1312.545,1,0,100,2244
1787435637.749367,1313.562,1,0,100,2244
1787435638.7664986,1314.579,1,0,100,2244
1787435639.7836814,1315.596,1,0,100,2244
1787435640.8010712,1316.614,1,0,100,2244
1787435641.8186707,1317.631,1,0,100,2244
1787435642.836166,1318.649,1,0,100,2244
1787435643.8533328,1319.666,1,0,100,2244
1787435644.8705492,1320.683,1,0,100,2244
1787435645.8877633,1321.7,1,0,100,2244
1787435646.9045992,1322.717,1,0,100,2244
1787435647.9213638,1323.734,1,0,100,2244
1787435648.938101,1324.751,1,0,100,2244
1787435649.9550269,1325.768,1,0,100,2244
1787435650.9724047,1326.785,1,0,100,2244
1787435651.9898624,1327.803,1,0,100,2244
1787435653.0070903,1328.82,1,0,100,2244
1787435654.0243962,1329.837,1,0,100,2244
1787435655.0414422,1330.854,1,0,100,2244
1787435656.0586843,1331.871,1,0,100,2244
1787435657.0761755,1332.889,1,0,100,2244
1787435658.0934408,1333.906,1,0,100,2244
1787435659.1106725,1334.923,1,0,100,2244
1787435660.128035,1335.941,1,0,100,2244
1787435661.1452796,1336.958,1,0,100,2244
1787435662.1625795,1337.975,1,0,100,2244
1787435663.1812458,1338.994,1,0,100,2244
1787435664.1981225,1340.011,1,0,100,2244
1787435665.2149699,1341.028,1,0,100,2244
1787435666.2320492,1342.045,1,0,100,2244
1787435667.2491953,1343.062,1,0,100,2244
1787435668.2662745,1344.079,1,0,100,2244
1787435669.2833912,1345.096,1,0,100,2244
1787435670.3008995,1346.114,1,0,100,2244
1787435671.3184824,1347.131,1,0,100,2244
1787435672.3356345,1348.148,1,0,99,2244
1787435673.353194,1349.166,1,0,100,2244
1787435674.3698757,1350.183,1,0,100,2244
1787435675.3865662,1351.199,1,0,100,2244
1787435676.4031837,1352.216,1,0,100,2244
1787435677.4199781,1353.233,1,0,100,2244
1787435678.4370914,1354.25,1,0,100,2244
1787435679.4538317,1355.266,1,0,100,2244
1787435680.4713116,1356.284,1,0,100,2244
1787435681.488399,1357.301,1,0,99,2244
1787435682.5050218,1358.318,1,0,100,2244
1787435683.5222206,1359.335,1,0,100,2244
1787435684.5395687,1360.352,1,0,100,2244
1787435685.5570407,1361.37,1,0,100,2244
1787435686.5746832,1362.387,1,0,100,2244
1787435687.5920038,1363.405,1,0,100,2244
1787435688.6099532,1364.423,1,0,100,2244
1787435689.6271946,1365.44,1,0,100,2244
1787435690.6441567,1366.457,1,0,100,2244
1787435691.6611671,1367.474,1,0,99,2244
1787435692.678496,1368.491,1,0,100,2244
1787435693.6960158,1369.509,1,0,100,2244
1787435694.7133844,1370.526,1,0,100,2244
1787435695.7308402,1371.543,1,0,100,2244
1787435696.7480924,1372.561,1,0,100,2244
1787435697.7652543,1373.578,1,0,100,2244
1787435698.783137,1374.596,1,0,100,2244
1787435699.8008883,1375.614,1,0,100,2244
1787435700.8179948,1376.631,1,0,99,2244
1787435701.8349214,1377.648,1,0,100,2244
1787435702.85191,1378.665,1,0,100,2244
1787435703.8691127,1379.682,1,0,100,2244
1787435704.886101,1380.699,1,0,100,2244
1787435705.9028935,1381.716,1,0,100,2244
1787435706.919845,1382.732,1,0,100,2244
1787435707.9372618,1383.75,1,0,100,2244
1787435708.9547372,1384.767,1,0,100,2244
1787435709.973164,1385.786,1,0,100,2244
1787435710.9900396,1386.803,1,0,99,2244
1787435712.0070744,1387.82,1,0,100,2244
1787435713.024345,1388.837,1,0,100,2244
1787435714.0416462,1389.854,1,0,100,2244
1787435715.0588055,1390.871,1,0,100,2244
1787435716.0764027,1391.889,1,0,100,2244
1787435717.0937226,1392.906,1,0,100,2244
1787435718.11158,1393.924,1,0,100,2244
1787435719.1293292,1394.942,1,0,100,2244
1787435720.1463995,1395.959,1,0,100,2244
1787435721.1640909,1396.977,1,0,99,2244
1787435722.1830528,1397.996,1,0,100,2244
1787435723.20031,1399.013,1,0,100,2244
1787435724.2174854,1400.03,1,0,100,2244
1787435725.2350328,1401.048,1,0,100,2244
1787435726.2522864,1402.065,1,0,100,2244
1787435727.2693937,1403.082,1,0,100,2244
1787435728.287894,1404.101,1,0,100,2244
1787435729.3055425,1405.118,1,0,100,2244
1787435730.32295,1406.136,1,0,100,2244
1787435731.3401287,1407.153,1,0,99,2244
1787435732.3574438,1408.17,1,0,100,2244
1787435733.3745127,1409.187,1,0,100,2244
1787435734.3913453,1410.204,1,0,100,2244
1787435735.4078574,1411.221,1,0,100,2244
1787435736.4247236,1412.237,1,0,100,2244
1787435737.4414384,1413.254,1,0,100,2244
1787435738.4579766,1414.271,1,0,100,2244
1787435739.4751103,1415.288,1,0,100,2244
1787435740.4923015,1416.305,1,0,100,2244
1787435741.5098395,1417.322,1,0,99,2244
1787435742.5265741,1418.339,1,0,100,2244
1787435743.5434475,1419.356,1,0,100,2244
1787435744.5605729,1420.373,1,0,100,2244
1787435745.5773025,1421.39,1,0,100,2244
1787435746.594413,1422.407,1,0,100,2244
1787435747.6117437,1423.424,1,0,100,2244
1787435748.628706,1424.441,1,0,100,2244
1787435749.645084,1425.458,1,0,99,2244
1787435750.6620057,1426.475,1,0,100,2244
1787435751.6788392,1427.491,1,0,100,2244
1787435752.6953404,1428.508,1,0,100,2244
1787435753.7116847,1429.524,1,0,100,2244
1787435754.7287676,1430.541,1,0,100,2244
1787435755.746024,1431.559,1,0,100,2244
1787435756.762674,1432.575,1,0,100,2244
1787435757.7804053,1433.593,1,0,100,2244
1787435758.797833,1434.61,1,0,100,2244
1787435759.814809,1435.627,1,0,99,2244
1787435760.8318915,1436.645,1,0,100,2244
1787435761.849019,1437.662,1,0,100,2244
1787435762.8656676,1438.678,1,0,100,2244
1787435763.8825197,1439.695,1,0,100,2244
1787435764.8994772,1440.712,1,0,100,2244
1787435765.9163551,1441.729,1,0,100,2244
1787435766.9332633,1442.746,1,0,100,2244
1787435767.9498646,1443.763,1,0,100,2244
1787435768.9681854,1444.781,1,0,100,2244
1787435769.9847085,1445.797,1,0,99,2244
1787435771.002041,1446.815,1,0,100,2244
1787435772.019045,1447.832,1,0,100,2244
1787435773.0361881,1448.849,1,0,100,2244
1787435774.0535233,1449.866,1,0,100,2244
1787435775.0705311,1450.883,1,0,100,2244
1787435776.0872684,1451.9,1,0,100,2244
1787435777.1046925,1452.917,1,0,100,2244
1787435778.1214528,1453.934,1,0,100,2244
1787435779.1385145,1454.951,1,0,100,2244
1787435780.155016,1455.968,1,0,99,2244
1787435781.1723049,1456.985,1,0,100,2244
1787435782.189054,1458.002,1,0,100,2244
1787435783.2059405,1459.019,1,0,100,2244
1787435784.2230096,1460.036,1,0,100,2244
1787435785.2397552,1461.052,1,0,100,2244
1787435786.2573628,1462.07,1,0,100,2244
1787435787.2750607,1463.088,1,0,100,2244
1787435788.293282,1464.106,1,0,100,2244
1787435789.3103814,1465.123,1,0,100,2244
1787435790.3272939,1466.14,1,0,99,2244
1787435791.3446147,1467.157,1,0,100,2244
1787435792.3612366,1468.174,1,0,100,2244
1787435793.3784597,1469.191,1,0,100,2244
1787435794.3952663,1470.208,1,0,100,2244
1787435795.4128742,1471.226,1,0,100,2244
1787435796.4301112,1472.243,1,0,100,2244
1787435797.447344,1473.26,1,0,100,2244
1787435798.466118,1474.279,1,0,100,2244
1787435799.4830365,1475.296,1,0,99,2244
1787435800.499936,1476.313,1,0,100,2244
1787435801.5166326,1477.329,1,0,100,2244
1787435802.53347,1478.346,1,0,100,2244
1787435803.5498617,1479.363,1,0,100,2244
1787435804.566564,1480.379,1,0,100,2244
1787435805.5843549,1481.397,1,0,100,2244
1787435806.6022356,1482.415,1,0,100,2244
1787435807.6194274,1483.432,1,0,99,2244
1787435808.6365414,1484.449,1,0,100,2244
1787435809.653314,1485.466,1,0,99,2244
1787435810.6706593,1486.483,1,0,100,2244
1787435811.6876998,1487.5,1,0,100,2244
1787435812.7045531,1488.517,1,0,100,2244
1787435813.7213807,1489.534,1,0,100,2244
1787435814.7383375,1490.551,1,0,100,2244
1787435815.755481,1491.568,1,0,100,2244
1787435816.7731307,1492.586,1,0,100,2244
1787435817.7902882,1493.603,1,0,100,2244
1787435818.8069391,1494.62,1,0,100,2244
1787435819.8238337,1495.636,1,0,100,2244
1787435820.8409708,1496.654,1,0,100,2244
1787435821.8580966,1497.671,1,0,100,2244
1787435822.875129,1498.688,1,0,100,2244
1787435823.8921063,1499.705,1,0,100,2244
1787435824.9091177,1500.722,1,0,100,2244
1787435825.9263613,1501.739,1,0,100,2244
1787435826.9433684,1502.756,1,0,100,2244
1787435827.9632668,1503.776,1,0,100,2244
1787435828.9801111,1504.793,1,0,99,2244
1787435829.9967625,1505.809,1,0,100,2244
1787435831.0138583,1506.827,1,0,100,2244
1787435832.030951,1507.844,1,0,100,2244
1787435833.0478349,1508.86,1,0,100,2244
1787435834.0651505,1509.878,1,0,100,2244
1787435835.0824625,1510.895,1,0,100,2244
1787435836.1003394,1511.913,1,0,100,2244
1787435837.1177018,1512.93,1,0,100,2244
1787435838.1354842,1513.948,1,0,100,2244
1787435839.1525366,1514.965,1,0,99,2244
1787435840.170367,1515.983,1,0,100,2244
1787435841.1875298,1517.0,1,0,100,2244
1787435842.2048388,1518.017,1,0,100,2244
1787435843.2230637,1519.036,1,0,100,2244
1787435844.239986,1520.053,1,0,100,2244
1787435845.2572176,1521.07,1,0,100,2244
1787435846.275377,1522.088,1,0,100,2244
1787435847.293082,1523.106,1,0,100,2244
1787435848.311043,1524.124,1,0,100,2244
1787435849.3284478,1525.141,1,0,99,2244
1787435850.3460565,1526.159,1,0,100,2244
1787435851.3632722,1527.176,1,0,100,2244
1787435852.3804631,1528.193,1,0,100,2244
1787435853.3973823,1529.21,1,0,100,2244
1787435854.41414,1530.227,1,0,100,2244
1787435855.4317575,1531.244,1,0,100,2244
1787435856.448844,1532.261,1,0,100,2244
1787435857.466886,1533.28,1,0,100,2244
1787435858.483267,1534.296,1,0,99,2244
1787435859.4999406,1535.313,1,0,100,2244
1787435860.5175824,1536.33,1,0,100,2244
1787435861.5345755,1537.347,1,0,100,2244
1787435862.5516737,1538.364,1,0,100,2244
1787435863.5682738,1539.381,1,0,100,2244
1787435864.5851293,1540.398,1,0,100,2244
1787435865.6030293,1541.416,1,0,100,2244
1787435866.619955,1542.433,1,0,100,2244
1787435867.6371768,1543.45,1,0,100,2244
1787435868.6543272,1544.467,1,0,99,2244
1787435869.67163,1545.484,1,0,100,2244
1787435870.688746,1546.501,1,0,100,2244
1787435871.7055352,1547.518,1,0,100,2244
1787435872.722719,1548.535,1,0,100,2244
1787435873.7397947,1549.552,1,0,100,2244
1787435874.756783,1550.569,1,0,100,2244
1787435875.7746243,1551.587,1,0,100,2244
1787435876.791776,1552.604,1,0,100,2244
1787435877.8088512,1553.621,1,0,100,2244
1787435878.826221,1554.639,1,0,99,2244
1787435879.8434904,1555.656,1,0,100,2244
1787435880.8607984,1556.673,1,0,100,2244
1787435881.878196,1557.691,1,0,100,2244
1787435882.8952305,1558.708,1,0,100,2244
1787435883.9125605,1559.725,1,0,100,2244
1787435884.9294522,1560.742,1,0,100,2244
1787435885.9469671,1561.76,1,0,100,2244
1787435886.967507,1562.78,1,0,100,2244
1787435887.9846213,1563.797,1,0,100,2244
1787435889.001968,1564.815,1,0,99,2244
1787435890.019398,1565.832,1,0,100,2244
1787435891.0363364,1566.849,1,0,100,2244
1787435892.052966,1567.866,1,0,100,2244
1787435893.0695264,1568.882,1,0,100,2244
1787435894.0863366,1569.899,1,0,100,2244
1787435895.104492,1570.917,1,0,100,2244
1787435896.121657,1571.934,1,0,100,2244
1787435897.1385648,1572.951,1,0,100,2244
1787435898.155722,1573.968,1,0,99,2244
1787435899.1723435,1574.985,1,0,100,2244
1787435900.189013,1576.002,1,0,100,2244
1787435901.2062392,1577.019,1,0,100,2244
1787435902.2230182,1578.036,1,0,100,2244
1787435903.2405653,1579.053,1,0,100,2244
1787435904.2574885,1580.07,1,0,100,2244
1787435905.2752688,1581.088,1,0,100,2244
1787435906.2927754,1582.105,1,0,100,2244
1787435907.309521,1583.122,1,0,99,2244
1787435908.3266199,1584.139,1,0,100,2244
1787435909.3443732,1585.157,1,0,100,2244
1787435910.3613162,1586.174,1,0,100,2244
1787435911.377908,1587.191,1,0,100,2244
1787435912.3946557,1588.207,1,0,100,2244
1787435913.4121811,1589.225,1,0,100,2244
1787435914.4294415,1590.242,1,0,100,2244
1787435915.4463995,1591.259,1,0,100,2244
1787435916.4660244,1592.279,1,0,100,2244
1787435917.4832625,1593.296,1,0,99,2244
1787435918.5001612,1594.313,1,0,100,2244
1787435919.5183532,1595.331,1,0,100,2244
1787435920.5348074,1596.347,1,0,100,2244
1787435921.552003,1597.365,1,0,100,2244
1787435922.5690222,1598.382,1,0,100,2244
1787435923.5856562,1599.398,1,0,100,2244
1787435924.6029758,1600.416,1,0,100,2244
1787435925.6199374,1601.433,1,0,100,2244
1787435926.637854,1602.45,1,0,100,2244
1787435927.654561,1603.467,1,0,99,2244
1787435928.6712725,1604.484,1,0,100,2244
1787435929.688907,1605.502,1,0,100,2244
1787435930.7057862,1606.518,1,0,100,2244
1787435931.7239583,1607.537,1,0,100,2244
1787435932.7411773,1608.554,1,0,100,2244
1787435933.75858,1609.571,1,0,100,2244
1787435934.776453,1610.589,1,0,100,2244
1787435935.7940202,1611.607,1,0,100,2244
1787435936.8116417,1612.624,1,0,100,2244
1787435937.828372,1613.641,1,0,99,2244
1787435938.846702,1614.659,1,0,100,2244
1787435939.863296,1615.676,1,0,100,2244
1787435940.8802793,1616.693,1,0,100,2244
1787435941.8974304,1617.71,1,0,100,2244
1787435942.9145918,1618.727,1,0,100,2244
1787435943.932737,1619.745,1,0,100,2244
1787435944.9499612,1620.763,1,0,99,2244
1787435945.9690223,1621.782,1,0,100,2244
1787435946.986116,1622.799,1,0,100,2244
1787435948.003355,1623.816,1,0,99,2244
1787435949.0213945,1624.834,1,0,100,2244
1787435950.0385191,1625.851,1,0,100,2244
1787435951.05623,1626.869,1,0,100,2244
1787435952.0730557,1627.886,1,0,100,2244
1787435953.089644,1628.902,1,0,100,2244
1787435954.107088,1629.92,1,0,100,2244
1787435955.1239367,1630.937,1,0,100,2244
1787435956.1425242,1631.955,1,0,100,2244
1787435957.1595502,1632.972,1,0,99,2244
1787435958.1766646,1633.989,1,0,100,2244
1787435959.1934235,1635.006,1,0,100,2244
1787435960.2104719,1636.023,1,0,100,2244
1787435961.2285936,1637.041,1,0,100,2244
1787435962.2461314,1638.059,1,0,100,2244
1787435963.2639642,1639.077,1,0,100,2244
1787435964.2818985,1640.095,1,0,99,2244
1787435965.2993426,1641.112,1,0,100,2244
1787435966.317203,1642.13,1,0,99,2244
1787435967.3342636,1643.147,1,0,100,2244
1787435968.3523126,1644.165,1,0,100,2244
1787435969.3693666,1645.182,1,0,100,2244
1787435970.386611,1646.199,1,0,100,2244
1787435971.4036508,1647.216,1,0,100,2244
1787435972.4208798,1648.234,1,0,100,2244
1787435973.4397602,1649.252,1,0,100,2244
1787435974.4571586,1650.27,1,0,100,2244
1787435975.4757826,1651.288,1,0,100,2244
1787435976.49289,1652.306,1,0,99,2244
1787435977.5101187,1653.323,1,0,100,2244
1787435978.5281317,1654.341,1,0,100,2244
1787435979.5454607,1655.358,1,0,100,2244
1787435980.5633886,1656.376,1,0,100,2244
1787435981.5803168,1657.393,1,0,100,2244
1787435982.5972426,1658.41,1,0,100,2244
1787435983.614558,1659.427,1,0,100,2244
1787435984.6311092,1660.444,1,0,100,2244
1787435985.649047,1661.462,1,0,100,2244
1787435986.6654966,1662.478,1,0,99,2244
1787435987.6821256,1663.495,1,0,100,2244
1787435988.6984549,1664.511,1,0,100,2244
1787435989.714999,1665.528,1,0,100,2244
1787435990.7331464,1666.546,1,0,100,2244
1787435991.7498825,1667.563,1,0,100,2244
1787435992.7669663,1668.58,1,0,100,2244
1787435993.784418,1669.597,1,0,100,2244
1787435994.8019466,1670.615,1,0,100,2244
1787435995.819762,1671.632,1,0,100,2244
1787435996.8364956,1672.649,1,0,99,2244
1787435997.8544245,1673.667,1,0,100,2244
1787435998.8714552,1674.684,1,0,100,2244
1787435999.889147,1675.702,1,0,100,2244
1787436000.9064488,1676.719,1,0,91,2244
1787436001.923601,1677.736,1,0,100,2244
1787436002.941768,1678.754,1,0,100,2244
1787436003.9590435,1679.772,1,0,100,2244
1787436004.976876,1680.79,1,0,100,2244
1787436005.993197,1681.806,1,0,99,2244
1787436007.0097065,1682.822,1,0,100,2244
1787436008.0272436,1683.84,1,0,100,2244
1787436009.044027,1684.857,1,0,100,2244
1787436010.0612867,1685.874,1,0,100,2244
1787436011.0778074,1686.89,1,0,100,2244
1787436012.094527,1687.907,1,0,100,2244
1787436013.1122127,1688.925,1,0,100,2244
1787436014.1290104,1689.942,1,0,100,2244
1787436015.1469457,1690.96,1,0,100,2244
1787436016.1639075,1691.977,1,0,99,2244
1787436017.1811125,1692.994,1,0,100,2244
1787436018.1981351,1694.011,1,0,100,2244
1787436019.2152858,1695.028,1,0,100,2244
1787436020.2332585,1696.046,1,0,100,2244
1787436021.2501674,1697.063,1,0,100,2244
1787436022.2673864,1698.08,1,0,100,2244
1787436023.2850082,1699.098,1,0,100,2244
1787436024.302334,1700.115,1,0,100,2244
1787436025.3197303,1701.132,1,0,100,2244
1787436026.3372145,1702.15,1,0,99,2244
1787436027.3543322,1703.167,1,0,100,2244
1787436028.3706157,1704.183,1,0,100,2244
1787436029.387784,1705.2,1,0,100,2244
1787436030.4048142,1706.217,1,0,100,2244
1787436031.4218762,1707.235,1,0,100,2244
1787436032.4400957,1708.253,1,0,100,2244
1787436033.4574893,1709.27,1,0,100,2244
1787436034.4774375,1710.29,1,0,100,2244
1787436035.49443,1711.307,1,0,99,2244
1787436036.5112607,1712.324,1,0,100,2244
1787436037.528998,1713.342,1,0,100,2244
1787436038.5455058,1714.358,1,0,100,2244
1787436039.5629704,1715.376,1,0,100,2244
1787436040.5796425,1716.392,1,0,100,2244
1787436041.5965726,1717.409,1,0,100,2244
1787436042.6138926,1718.427,1,0,100,2244
1787436043.6308079,1719.443,1,0,100,2244
1787436044.648756,1720.461,1,0,100,2244
1787436045.665895,1721.479,1,0,99,2244
1787436046.6830819,1722.496,1,0,100,2244
1787436047.700091,1723.513,1,0,100,2244
1787436048.717312,1724.53,1,0,100,2244
1787436049.735559,1725.548,1,0,100,2244
1787436050.7526505,1726.565,1,0,100,2244
1787436051.7699394,1727.583,1,0,100,2244
1787436052.787831,1728.6,1,0,99,2244
1787436053.8054547,1729.618,1,0,100,2244
1787436054.822964,1730.636,1,0,99,2244
1787436055.8401623,1731.653,1,0,100,2244
1787436056.8574786,1732.67,1,0,100,2244
1787436057.874439,1733.687,1,0,100,2244
1787436058.8915908,1734.704,1,0,100,2244
1787436059.9086676,1735.721,1,0,100,2244
1787436060.9260015,1736.739,1,0,100,2244
1787436061.9435413,1737.756,1,0,100,2244
1787436062.9609215,1738.774,1,0,100,2244
1787436063.980315,1739.793,1,0,100,2244
1787436064.9973674,1740.81,1,0,99,2244
1787436066.0144346,1741.827,1,0,100,2244
1787436067.0328643,1742.846,1,0,100,2244
1787436068.0501025,1743.863,1,0,100,2244
1787436069.0671856,1744.88,1,0,100,2244
1787436070.0841725,1745.897,1,0,100,2244
1787436071.101399,1746.914,1,0,100,2244
1787436072.1195621,1747.932,1,0,100,2244
1787436073.137137,1748.95,1,0,100,2244
1787436074.1548629,1749.968,1,0,100,2244
1787436075.172152,1750.985,1,0,99,2244
1787436076.1894133,1752.002,1,0,100,2244
1787436077.2068634,1753.02,1,0,100,2244
1787436078.2241428,1754.037,1,0,100,2244
1787436079.241649,1755.054,1,0,100,2244
1787436080.2596514,1756.072,1,0,100,2244
1787436081.278075,1757.091,1,0,100,2244
1787436082.2955856,1758.108,1,0,100,2244
1787436083.313118,1759.126,1,0,100,2244
1787436084.331362,1760.144,1,0,100,2244
1787436085.349299,1761.162,1,0,100,2244
1787436086.3675478,1762.18,1,0,100,2244
1787436087.385193,1763.198,1,0,100,2244
1787436088.4026804,1764.215,1,0,100,2244
1787436089.4211836,1765.234,1,0,100,2244
1787436090.4392433,1766.252,1,0,100,2244
1787436091.4567583,1767.269,1,0,100,2244
1787436092.4740114,1768.287,1,0,100,2244
1787436093.4908218,1769.303,1,0,100,2244
1787436094.5084567,1770.321,1,0,100,2244
1787436095.5263433,1771.339,1,0,100,2244
1787436096.543735,1772.356,1,0,100,2244
1787436097.5611112,1773.374,1,0,100,2244
1787436098.5781593,1774.391,1,0,100,2244
1787436099.595882,1775.409,1,0,100,2244
1787436100.614301,1776.427,1,0,100,2244
1787436101.6319675,1777.445,1,0,100,2244
1787436102.6496205,1778.462,1,0,100,2244
1787436103.6674893,1779.48,1,0,100,2244
1787436104.6855707,1780.498,1,0,100,2244
1787436105.7034998,1781.516,1,0,100,2244
1787436106.721364,1782.534,1,0,100,2244
1787436107.7390165,1783.552,1,0,100,2244
1787436108.756505,1784.569,1,0,100,2244
1787436109.7746263,1785.587,1,0,100,2244
1787436110.7928817,1786.606,1,0,100,2244
1787436111.8106322,1787.623,1,0,100,2244
1787436112.8286123,1788.641,1,0,100,2244
1787436113.8464184,1789.659,1,0,100,2244
1787436114.8645802,1790.677,1,0,100,2244
1787436115.8824358,1791.695,1,0,100,2244
1787436116.90069,1792.713,1,0,100,2244
1787436117.9176066,1793.73,1,0,99,2244
1787436118.934098,1794.747,1,0,100,2244
1787436119.9504101,1795.763,1,0,100,2244
1787436120.967566,1796.78,1,0,100,2244
1787436121.985645,1797.798,1,0,100,2244
1787436123.0028937,1798.816,1,0,100,2244
1787436124.0204268,1799.833,1,0,100,2244
1787436125.0384562,1800.851,1,0,100,2244
1787436126.055795,1801.868,1,0,100,2244
1787436127.0728567,1802.886,1,0,99,2244
1787436128.0901644,1803.903,1,0,100,2244
1787436129.1080465,1804.921,1,0,100,2244
1787436130.125035,1805.938,1,0,100,2244
1787436131.142047,1806.955,1,0,100,2244
1787436132.1590843,1807.972,1,0,100,2244
1787436133.176329,1808.989,1,0,100,2244
1787436134.195499,1810.008,1,0,100,2244
1787436135.2125397,1811.025,1,0,100,2244
1787436136.230507,1812.043,1,0,100,2244
1787436137.247333,1813.06,1,0,99,2244
1787436138.2640586,1814.077,1,0,100,2244
1787436139.282823,1815.095,1,0,100,2244
1787436140.299911,1816.113,1,0,100,2244
1787436141.3178608,1817.131,1,0,100,2244
1787436142.3349936,1818.148,1,0,100,2244
1787436143.3520896,1819.165,1,0,100,2244
1787436144.3699071,1820.183,1,0,100,2244
1787436145.3870387,1821.2,1,0,100,2244
1787436146.4049244,1822.218,1,0,100,2244
1787436147.4221823,1823.235,1,0,99,2244
1787436148.4392853,1824.252,1,0,100,2244
1787436149.456325,1825.269,1,0,100,2244
1787436150.4731414,1826.286,1,0,100,2244
1787436151.4907641,1827.303,1,0,100,2244
1787436152.5071795,1828.32,1,0,100,2244
1787436153.5243323,1829.337,1,0,100,2244
1787436154.5414305,1830.354,1,0,100,2244
1787436155.5589209,1831.372,1,0,100,2244
1787436156.5756395,1832.388,1,0,100,2244
1787436157.592636,1833.405,1,0,99,2244
1787436158.6100621,1834.423,1,0,100,2244
1787436159.6266177,1835.439,1,0,100,2244
1787436160.6438072,1836.456,1,0,100,2244
1787436161.660669,1837.473,1,0,100,2244
1787436162.6776323,1838.49,1,0,100,2244
1787436163.6962085,1839.509,1,0,100,2244
1787436164.7132237,1840.526,1,0,100,2244
1787436165.7311153,1841.544,1,0,100,2244
1787436166.747896,1842.561,1,0,100,2244
1787436167.7649317,1843.578,1,0,99,2244
1787436168.7818916,1844.595,1,0,100,2244
1787436169.7994113,1845.612,1,0,100,2244
1787436170.817017,1846.63,1,0,100,2244
1787436171.833988,1847.647,1,0,100,2244
1787436172.8510869,1848.664,1,0,100,2244
1787436173.8688395,1849.681,1,0,100,2244
1787436174.8861477,1850.699,1,0,100,2244
1787436175.9040143,1851.717,1,0,100,2244
1787436176.920839,1852.733,1,0,99,2244
1787436177.938047,1853.751,1,0,100,2244
1787436178.9545898,1854.767,1,0,100,2244
1787436179.9717216,1855.784,1,0,100,2244
1787436180.9897203,1856.802,1,0,100,2244
1787436182.006533,1857.819,1,0,100,2244
1787436183.0243015,1858.837,1,0,100,2244
1787436184.04186,1859.855,1,0,99,2244
1787436185.059475,1860.872,1,0,100,2244
1787436186.0768127,1861.889,1,0,99,2244
1787436187.0941148,1862.907,1,0,100,2244
1787436188.1122646,1863.925,1,0,100,2244
1787436189.1292462,1864.942,1,0,100,2244
1787436190.1462514,1865.959,1,0,100,2244
1787436191.1632578,1866.976,1,0,100,2244
1787436192.180511,1867.993,1,0,100,2244
1787436193.1983275,1869.011,1,0,100,2244
1787436194.2162976,1870.029,1,0,100,2244
1787436195.2339144,1871.047,1,0,100,2244
1787436196.2510493,1872.064,1,0,99,2244
1787436197.267973,1873.081,1,0,100,2244
1787436198.28485,1874.097,1,0,100,2244
1787436199.3017676,1875.114,1,0,100,2244
1787436200.3190675,1876.132,1,0,100,2244
1787436201.3358743,1877.149,1,0,100,2244
1787436202.3533587,1878.166,1,0,100,2244
1787436203.3707228,1879.183,1,0,100,2244
1787436204.3879423,1880.201,1,0,100,2244
1787436205.405854,1881.218,1,0,100,2244
1787436206.4231677,1882.236,1,0,99,2244
1787436207.440565,1883.253,1,0,100,2244
1787436208.4576676,1884.27,1,0,100,2244
1787436209.4750893,1885.288,1,0,100,2244
1787436210.4929924,1886.306,1,0,100,2244
1787436211.510179,1887.323,1,0,100,2244
1787436212.528075,1888.341,1,0,100,2244
1787436213.5456579,1889.358,1,0,100,2244
1787436214.5632613,1890.376,1,0,100,2244
1787436215.5805411,1891.393,1,0,100,2244
1787436216.5975237,1892.41,1,0,99,2244
1787436217.6176653,1893.43,1,0,100,2244
1787436218.6345575,1894.447,1,0,100,2244
1787436219.6518056,1895.464,1,0,100,2244
1787436220.6688464,1896.481,1,0,100,2244
1787436221.686302,1897.499,1,0,100,2244
1787436222.703641,1898.516,1,0,100,2244
1787436223.720952,1899.534,1,0,100,2244
1787436224.7381878,1900.551,1,0,100,2244
1787436225.7549076,1901.568,1,0,99,2244
1787436226.7716014,1902.584,1,0,100,2244
1787436227.788439,1903.601,1,0,100,2244
1787436228.80512,1904.618,1,0,100,2244
1787436229.8231015,1905.636,1,0,100,2244
1787436230.8396697,1906.652,1,0,100,2244
1787436231.8569355,1907.67,1,0,100,2244
1787436232.8740678,1908.687,1,0,100,2244
1787436233.8914082,1909.704,1,0,100,2244
1787436234.9090185,1910.722,1,0,100,2244
1787436235.9257557,1911.738,1,0,99,2244
1787436236.94272,1912.755,1,0,100,2244
1787436237.959882,1913.773,1,0,100,2244
1787436238.976958,1914.79,1,0,100,2244
1787436239.994033,1915.807,1,0,100,2244
1787436241.0111206,1916.824,1,0,100,2244
1787436242.0288868,1917.842,1,0,100,2244
1787436243.0460997,1918.859,1,0,100,2244
1787436244.064053,1919.877,1,0,100,2244
1787436245.0810475,1920.894,1,0,100,2244
1787436246.0982034,1921.911,1,0,99,2244
1787436247.116072,1922.929,1,0,100,2244
1787436248.1328835,1923.946,1,0,100,2244
1787436249.14995,1924.963,1,0,100,2244
1787436250.1665204,1925.979,1,0,100,2244
1787436251.1830504,1926.996,1,0,100,2244
1787436252.20032,1928.013,1,0,100,2244
1787436253.2171197,1929.03,1,0,100,2244
1787436254.2348547,1930.047,1,0,100,2244
1787436255.2516608,1931.064,1,0,99,2244
1787436256.2684155,1932.081,1,0,100,2244
1787436257.285134,1933.098,1,0,100,2244
1787436258.301892,1934.115,1,0,100,2244
1787436259.319843,1935.132,1,0,100,2244
1787436260.3365207,1936.149,1,0,100,2244
1787436261.3534455,1937.166,1,0,100,2244
1787436262.3708317,1938.183,1,0,100,2244
1787436263.3886104,1939.201,1,0,100,2244
1787436264.4066324,1940.219,1,0,100,2244
1787436265.4237316,1941.236,1,0,99,2244
1787436266.4406624,1942.253,1,0,100,2244
1787436267.4575431,1943.27,1,0,100,2244
1787436268.4747472,1944.287,1,0,100,2244
1787436269.4930542,1945.306,1,0,100,2244
1787436270.5101523,1946.323,1,0,100,2244
1787436271.5279,1947.341,1,0,100,2244
1787436272.5454292,1948.358,1,0,99,2244
1787436273.5624251,1949.375,1,0,100,2244
1787436274.5797393,1950.392,1,0,99,2244
1787436275.5962448,1951.409,1,0,100,2244
1787436276.614332,1952.427,1,0,100,2244
1787436277.631513,1953.444,1,0,100,2244
1787436278.6583014,1954.471,1,0,100,2244
1787436279.6754193,1955.488,1,0,100,2244
1787436280.6928039,1956.505,1,0,100,2244
1787436281.710503,1957.523,1,0,100,2244
1787436282.727366,1958.54,1,0,99,2244
1787436283.7449768,1959.558,1,0,100,2244
1787436284.7620087,1960.575,1,0,99,2244
1787436285.7790878,1961.592,1,0,100,2244
1787436286.7962487,1962.609,1,0,100,2244
1787436287.8134181,1963.626,1,0,100,2244
1787436288.8312685,1964.644,1,0,100,2244
1787436289.8477454,1965.66,1,0,100,2244
1787436290.8648577,1966.678,1,0,100,2244
1787436291.8824036,1967.695,1,0,100,2244
1787436292.8997886,1968.712,1,0,100,2244
1787436293.9181087,1969.731,1,0,100,2244
1787436294.935572,1970.748,1,0,99,2244
1787436295.95297,1971.766,1,0,100,2244
1787436296.9697735,1972.782,1,0,100,2244
1787436297.9867983,1973.799,1,0,100,2244
1787436299.0053518,1974.818,1,0,100,2244
1787436300.02215,1975.835,1,0,100,2244
1787436301.0393746,1976.852,1,0,100,2244
1787436302.0570111,1977.87,1,0,100,2244
1787436303.0741098,1978.887,1,0,100,2244
1787436304.0915694,1979.904,1,0,100,2244
1787436305.1088994,1980.922,1,0,99,2244
1787436306.1268592,1981.94,1,0,100,2244
1787436307.1436799,1982.956,1,0,100,2244
1787436308.1607962,1983.973,1,0,100,2244
1787436309.1774306,1984.99,1,0,100,2244
1787436310.194352,1986.007,1,0,100,2244
1787436311.2122688,1987.025,1,0,100,2244
1787436312.229378,1988.042,1,0,100,2244
1787436313.2468846,1989.06,1,0,100,2244
1787436314.2638354,1990.076,1,0,100,2244
1787436315.2810771,1991.094,1,0,99,2244
1787436316.2979815,1992.111,1,0,100,2244
1787436317.3148015,1993.127,1,0,100,2244
1787436318.3327203,1994.145,1,0,100,2244
1787436319.3496683,1995.162,1,0,100,2244
1787436320.3668668,1996.18,1,0,100,2244
1787436321.383879,1997.197,1,0,100,2244
1787436322.401156,1998.214,1,0,100,2244
1787436323.418959,1999.232,1,0,99,2244
1787436324.4362693,2000.249,1,0,100,2244
1787436325.4540074,2001.267,1,0,100,2244
1787436326.4711418,2002.284,1,0,100,2244
1787436327.488382,2003.301,1,0,100,2244
1787436328.505512,2004.318,1,0,100,2244
1787436329.5230584,2005.336,1,0,100,2244
1787436330.5413485,2006.354,1,0,100,2244
1787436331.5589087,2007.372,1,0,100,2244
1787436332.5767436,2008.389,1,0,100,2244
1787436333.593753,2009.406,1,0,99,2244
1787436334.6109266,2010.424,1,0,100,2244
1787436335.6291764,2011.442,1,0,100,2244
1787436336.6463888,2012.459,1,0,100,2244
1787436337.6634655,2013.476,1,0,100,2244
1787436338.6803167,2014.493,1,0,100,2244
1787436339.6971302,2015.51,1,0,100,2244
1787436340.7151053,2016.528,1,0,92,2244
1787436341.7322545,2017.545,1,0,99,2244
1787436342.7506888,2018.563,1,0,100,2244
1787436343.7676873,2019.58,1,0,99,2244
1787436344.784989,2020.598,1,0,100,2244
1787436345.8030865,2021.616,1,0,100,2244
1787436346.820411,2022.633,1,0,100,2244
1787436347.8382986,2023.651,1,0,100,2244
1787436348.8550391,2024.668,1,0,100,2244
1787436349.8720658,2025.685,1,0,100,2244
1787436350.8894837,2026.702,1,0,100,2244
1787436351.906769,2027.719,1,0,100,2244
1787436352.9245658,2028.737,1,0,100,2244
1787436353.9413626,2029.754,1,0,99,2244
1787436354.9581065,2030.771,1,0,100,2244
1787436355.974838,2031.787,1,0,100,2244
1787436356.9915824,2032.804,1,0,100,2244
1787436358.0101323,2033.823,1,0,100,2244
1787436359.0275335,2034.84,1,0,100,2244
1787436360.0453317,2035.858,1,0,100,2244
1787436361.0621457,2036.875,1,0,100,2244
1787436362.0798464,2037.892,1,0,100,2244
1787436363.0967274,2038.909,1,0,100,2244
1787436364.1137035,2039.926,1,0,99,2244
1787436365.132097,2040.945,1,0,100,2244
1787436366.1489334,2041.962,1,0,100,2244
1787436367.1659472,2042.979,1,0,100,2244
1787436368.1823976,2043.995,1,0,100,2244
1787436369.2002501,2045.013,1,0,100,2244
1787436370.218247,2046.031,1,0,100,2244
1787436371.2358382,2047.048,1,0,99,2244
1787436372.2539601,2048.067,1,0,100,2244
1787436373.2716978,2049.084,1,0,99,2244
1787436374.2893605,2050.102,1,0,100,2244
1787436375.3075314,2051.12,1,0,100,2244
1787436376.3244064,2052.137,1,0,100,2244
1787436377.3421881,2053.155,1,0,100,2244
1787436378.3591201,2054.172,1,0,100,2244
1787436379.3761294,2055.189,1,0,100,2244
1787436380.393547,2056.206,1,0,100,2244
1787436381.4106414,2057.223,1,0,99,2244
1787436382.4287708,2058.241,1,0,100,2244
1787436383.4463239,2059.259,1,0,99,2244
1787436384.463238,2060.276,1,0,100,2244
1787436385.4798589,2061.293,1,0,100,2244
1787436386.496842,2062.309,1,0,100,2244
1787436387.514559,2063.327,1,0,100,2244
1787436388.5314078,2064.344,1,0,100,2244
1787436389.548876,2065.362,1,0,100,2244
1787436390.5660193,2066.379,1,0,100,2244
1787436391.5833027,2067.396,1,0,100,2244
1787436392.6003501,2068.413,1,0,100,2244
1787436393.6173952,2069.43,1,0,100,2244
1787436394.6353476,2070.448,1,0,100,2244
1787436395.652129,2071.465,1,0,100,2244
1787436396.668754,2072.481,1,0,100,2244
1787436397.6853461,2073.498,1,0,100,2244
1787436398.7017689,2074.514,1,0,100,2244
1787436399.7190678,2075.532,1,0,100,2244
1787436400.7356806,2076.548,1,0,100,2244
1787436401.753937,2077.567,1,0,100,2244
1787436402.7705915,2078.583,1,0,99,2244
1787436403.787701,2079.6,1,0,100,2244
1787436404.805347,2080.618,1,0,100,2244
1787436405.822094,2081.635,1,0,100,2244
1787436406.838911,2082.652,1,0,100,2244
1787436407.8558834,2083.669,1,0,100,2244
1787436408.8730721,2084.686,1,0,100,2244
1787436409.89009,2085.703,1,0,100,2244
1787436410.9074552,2086.72,1,0,100,2244
1787436411.9256582,2087.738,1,0,100,2244
1787436412.9425294,2088.755,1,0,99,2244
1787436413.959402,2089.772,1,0,100,2244
1787436414.9760983,2090.789,1,0,100,2244
1787436415.993119,2091.806,1,0,100,2244
1787436417.0106728,2092.823,1,0,100,2244
1787436418.0279095,2093.841,1,0,100,2244
1787436419.0454905,2094.858,1,0,100,2244
1787436420.0629709,2095.876,1,0,100,2244
1787436421.080464,2096.893,1,0,100,2244
1787436422.1002102,2097.913,1,0,99,2244
1787436423.1171355,2098.93,1,0,100,2244
1787436424.1348503,2099.947,1,0,100,2244
1787436425.151988,2100.965,1,0,100,2244
1787436426.168922,2101.982,1,0,100,2244
1787436427.1859658,2102.999,1,0,100,2244
1787436428.2029662,2104.016,1,0,100,2244
1787436429.2205307,2105.033,1,0,100,2244
1787436430.2373276,2106.05,1,0,100,2244
1787436431.2549212,2107.068,1,0,100,2244
1787436432.2718668,2108.085,1,0,99,2244
1787436433.2890034,2109.102,1,0,100,2244
1787436434.30682,2110.119,1,0,100,2244
1787436435.3234627,2111.136,1,0,100,2244
1787436436.340524,2112.153,1,0,100,2244
1787436437.357149,2113.17,1,0,100,2244
1787436438.374267,2114.187,1,0,100,2244
1787436439.3911533,2115.204,1,0,100,2244
1787436440.407736,2116.22,1,0,100,2244
1787436441.426219,2117.239,1,0,100,2244
1787436442.4431403,2118.256,1,0,99,2244
1787436443.4603279,2119.273,1,0,100,2244
1787436444.4774039,2120.29,1,0,100,2244
1787436445.4944205,2121.307,1,0,100,2244
1787436446.5123436,2122.325,1,0,100,2244
1787436447.5294905,2123.342,1,0,100,2244
1787436448.5468326,2124.359,1,0,100,2244
1787436449.5643067,2125.377,1,0,100,2244
1787436450.581888,2126.395,1,0,100,2244
1787436451.6015944,2127.414,1,0,100,2244
1787436452.618914,2128.432,1,0,99,2244
1787436453.636896,2129.45,1,0,100,2244
1787436454.654031,2130.467,1,0,100,2244
1787436455.6711462,2131.484,1,0,100,2244
1787436456.6878338,2132.5,1,0,100,2244
1787436457.7051451,2133.518,1,0,100,2244
1787436458.72311,2134.536,1,0,100,2244
1787436459.7400913,2135.553,1,0,100,2244
1787436460.758647,2136.571,1,0,100,2244
1787436461.7755942,2137.588,1,0,100,2244
1787436462.792588,2138.605,1,0,99,2244
1787436463.8105779,2139.623,1,0,100,2244
1787436464.8275023,2140.64,1,0,100,2244
1787436465.8453336,2141.658,1,0,100,2244
1787436466.8621767,2142.675,1,0,100,2244
1787436467.879108,2143.692,1,0,100,2244
1787436468.8962605,2144.709,1,0,100,2244
1787436469.9130635,2145.726,1,0,100,2244
1787436470.931152,2146.744,1,0,99,2244
1787436471.947729,2147.76,1,0,100,2244
1787436472.9644694,2148.777,1,0,100,2244
1787436473.9810982,2149.794,1,0,100,2244
1787436474.9986014,2150.811,1,0,100,2244
1787436476.01598,2151.829,1,0,100,2244
1787436477.0329237,2152.846,1,0,100,2244
1787436478.05147,2153.864,1,0,100,2244
1787436479.0681791,2154.881,1,0,99,2244
1787436480.0858285,2155.898,1,0,100,2244
1787436481.1028516,2156.915,1,0,99,2244
1787436482.1198905,2157.933,1,0,100,2244
1787436483.1382165,2158.951,1,0,100,2244
1787436484.1556768,2159.968,1,0,100,2244
1787436485.172824,2160.985,1,0,100,2244
1787436486.1899617,2162.003,1,0,100,2244
1787436487.2070925,2163.02,1,0,100,2244
1787436488.2252634,2164.038,1,0,100,2244
1787436489.242173,2165.055,1,0,100,2244
1787436490.261558,2166.074,1,0,100,2244
1787436491.2785528,2167.091,1,0,91,2244
1787436492.2955697,2168.108,1,0,100,2244
1787436493.3130968,2169.126,1,0,100,2244
1787436494.3301637,2170.143,1,0,100,2244
1787436495.347465,2171.16,1,0,100,2244
1787436496.364572,2172.177,1,0,100,2244
1787436497.3822548,2173.195,1,0,100,2244
1787436498.399572,2174.212,1,0,100,2244
1787436499.4166448,2175.229,1,0,100,2244
1787436500.435431,2176.248,1,0,100,2244
1787436501.4519088,2177.265,1,0,99,2244
1787436502.468693,2178.281,1,0,100,2244
1787436503.4855187,2179.298,1,0,100,2244
1787436504.5024934,2180.315,1,0,100,2244
1787436505.5209336,2181.334,1,0,100,2244
1787436506.538183,2182.351,1,0,100,2244
1787436507.5552049,2183.368,1,0,100,2244
1787436508.5721457,2184.385,1,0,100,2244
1787436509.5891922,2185.402,1,0,100,2244
1787436510.6070135,2186.42,1,0,100,2244
1787436511.6241539,2187.437,1,0,99,2244
1787436512.6415694,2188.454,1,0,100,2244
1787436513.6584423,2189.471,1,0,100,2244
1787436514.6756175,2190.488,1,0,100,2244
1787436515.6925962,2191.505,1,0,100,2244
1787436516.7112722,2192.524,1,0,100,2244
1787436517.7293298,2193.542,1,0,100,2244
1787436518.746378,2194.559,1,0,100,2244
1787436519.7645962,2195.577,1,0,100,2244
1787436520.7816217,2196.594,1,0,100,2244
1787436521.798892,2197.612,1,0,99,2244
1787436522.817066,2198.63,1,0,100,2244
1787436523.8340108,2199.647,1,0,100,2244
1787436524.8515353,2200.664,1,0,100,2244
1787436525.8684862,2201.681,1,0,100,2244
1787436526.8855913,2202.698,1,0,100,2244
1787436527.9032876,2203.716,1,0,100,2244
1787436528.9203663,2204.733,1,0,100,2244
1787436529.9379692,2205.751,1,0,100,2244
1787436530.9558384,2206.768,1,0,99,2244
1787436531.9734786,2207.786,1,0,100,2244
1787436532.9910533,2208.804,1,0,100,2244
1787436534.0088005,2209.821,1,0,100,2244
1787436535.0264435,2210.839,1,0,100,2244
1787436536.0443296,2211.857,1,0,100,2244
1787436537.0619626,2212.875,1,0,100,2244
1787436538.0794344,2213.892,1,0,100,2244
1787436539.0971332,2214.91,1,0,100,2244
1787436540.1145716,2215.927,1,0,100,2244
1787436541.1323996,2216.945,1,0,100,2244
1787436542.1503952,2217.963,1,0,100,2244
1787436543.1678228,2218.98,1,0,100,2244
1787436544.1855316,2219.998,1,0,100,2244
1787436545.2045257,2221.017,1,0,100,2244
1787436546.2225747,2222.035,1,0,100,2244
1787436547.2400963,2223.053,1,0,100,2244
1787436548.2576573,2224.07,1,0,100,2244
1787436549.275316,2225.088,1,0,100,2244
1787436550.2946906,2226.107,1,0,100,2244
1787436551.3126855,2227.125,1,0,100,2244
1787436552.3305776,2228.143,1,0,100,2244
1787436553.3480365,2229.161,1,0,100,2244
1787436554.3656237,2230.178,1,0,100,2244
1787436555.383375,2231.196,1,0,100,2244
1787436556.4016612,2232.214,1,0,100,2244
1787436557.419892,2233.233,1,0,100,2244
1787436558.4374385,2234.25,1,0,100,2244
1787436559.454973,2235.268,1,0,100,2244
1787436560.4725761,2236.285,1,0,100,2244
1787436561.4906962,2237.303,1,0,100,2244
1787436562.5086548,2238.321,1,0,100,2244
1787436563.526241,2239.339,1,0,100,2244
1787436564.543919,2240.357,1,0,100,2244
1787436565.5615633,2241.374,1,0,100,2244
1787436566.5795484,2242.392,1,0,100,2244
1787436567.5975199,2243.41,1,0,100,2244
1787436568.6150522,2244.428,1,0,100,2244
1787436569.6326778,2245.445,1,0,100,2244
1787436570.6502948,2246.463,1,0,100,2244
1787436571.6681113,2247.481,1,0,100,2244
1787436572.6857932,2248.498,1,0,100,2244
1787436573.7020676,2249.515,1,0,99,2244
1787436574.7193408,2250.532,1,0,100,2244
1787436575.736221,2251.549,1,0,100,2244
1787436576.7534423,2252.566,1,0,100,2244
1787436577.7720344,2253.585,1,0,100,2244
1787436578.7891502,2254.602,1,0,100,2244
1787436579.8070023,2255.62,1,0,100,2244
1787436580.8241124,2256.637,1,0,100,2244
1787436581.8416872,2257.654,1,0,100,2244
1787436582.8583467,2258.671,1,0,100,2244
1787436583.8745568,2259.687,1,0,99,2244
1787436584.891855,2260.705,1,0,100,2244
1787436585.9085178,2261.721,1,0,100,2244
1787436586.9256155,2262.738,1,0,100,2244
1787436587.94222,2263.755,1,0,100,2244
1787436588.959082,2264.772,1,0,100,2244
1787436589.9768903,2265.79,1,0,100,2244
1787436590.9937358,2266.806,1,0,100,2244
1787436592.012157,2267.825,1,0,100,2244
1787436593.0285406,2268.841,1,0,100,2244
1787436594.0453222,2269.858,1,0,99,2244
1787436595.063444,2270.876,1,0,100,2244
1787436596.0804183,2271.893,1,0,100,2244
1787436597.0978768,2272.911,1,0,100,2244
1787436598.114721,2273.927,1,0,100,2244
1787436599.1318333,2274.944,1,0,100,2244
1787436600.1488843,2275.962,1,0,100,2244
1787436601.165485,2276.978,1,0,100,2244
1787436602.2818677,2278.095,1,0,100,2244
1787436603.2989035,2279.112,1,0,100,2244
1787436604.315781,2280.128,1,0,100,2244
1787436605.3323328,2281.145,1,0,100,2244
1787436606.3489523,2282.162,1,0,100,2244
1787436607.365502,2283.178,1,0,100,2244
1787436608.3825555,2284.195,1,0,100,2244
1787436609.400086,2285.213,1,0,100,2244
1787436610.4176378,2286.23,1,0,100,2244
1787436611.4349093,2287.248,1,0,100,2244
1787436612.4522665,2288.265,1,0,99,2244
1787436613.4691398,2289.282,1,0,100,2244
1787436614.4867566,2290.299,1,0,100,2244
1787436615.5037558,2291.316,1,0,100,2244
1787436616.5205078,2292.333,1,0,100,2244
1787436617.5369587,2293.35,1,0,100,2244
1787436618.5542426,2294.367,1,0,100,2244
1787436619.5714233,2295.384,1,0,100,2244
1787436620.5882714,2296.401,1,0,100,2244
1787436621.6055105,2297.418,1,0,100,2244
1787436622.6225128,2298.435,1,0,99,2244
1787436623.6393406,2299.452,1,0,100,2244
1787436624.655722,2300.468,1,0,100,2244
1787436625.6726685,2301.485,1,0,100,2244
1787436626.6907806,2302.503,1,0,100,2244
1787436627.7084086,2303.521,1,0,100,2244
1787436628.7253149,2304.538,1,0,100,2244
1787436629.7426214,2305.555,1,0,100,2244
1787436630.759791,2306.572,1,0,100,2244
1787436631.7769737,2307.59,1,0,100,2244
1787436632.7941284,2308.607,1,0,99,2244
1787436633.8106775,2309.623,1,0,100,2244
1787436634.829516,2310.642,1,0,100,2244
1787436635.8463564,2311.659,1,0,100,2244
1787436636.8629322,2312.676,1,0,100,2244
1787436637.8798199,2313.692,1,0,100,2244
1787436638.897838,2314.71,1,0,100,2244
1787436639.9156618,2315.728,1,0,100,2244
1787436640.933,2316.746,1,0,100,2244
1787436641.9497602,2317.762,1,0,100,2244
1787436642.9669378,2318.78,1,0,99,2244
1787436643.9847,2319.797,1,0,100,2244
1787436645.0016425,2320.814,1,0,100,2244
1787436646.0184693,2321.831,1,0,100,2244
1787436647.035072,2322.848,1,0,100,2244
1787436648.051879,2323.865,1,0,100,2244
1787436649.0685556,2324.881,1,0,100,2244
1787436650.0853553,2325.898,1,0,100,2244
1787436651.1027853,2326.915,1,0,100,2244
1787436652.1197035,2327.932,1,0,99,2244
1787436653.1366422,2328.949,1,0,100,2244
1787436654.1530814,2329.966,1,0,100,2244
1787436655.1697931,2330.982,1,0,100,2244
1787436656.187798,2332.0,1,0,100,2244
1787436657.2051852,2333.018,1,0,100,2244
1787436658.222167,2334.035,1,0,100,2244
1787436659.239213,2335.052,1,0,100,2244
1787436660.2562962,2336.069,1,0,100,2244
1787436661.274172,2337.087,1,0,100,2244
1787436662.2914507,2338.104,1,0,99,2244
1787436663.3082066,2339.121,1,0,100,2244
1787436664.3255398,2340.138,1,0,100,2244
1787436665.3420334,2341.155,1,0,100,2244
1787436666.3583915,2342.171,1,0,100,2244
1787436667.3754137,2343.188,1,0,100,2244
1787436668.3934062,2344.206,1,0,100,2244
1787436669.410481,2345.223,1,0,100,2244
1787436670.4289842,2346.242,1,0,100,2244
1787436671.445729,2347.258,1,0,100,2244
1787436672.4631162,2348.276,1,0,99,2244
1787436673.4809992,2349.294,1,0,100,2244
1787436674.4980526,2350.311,1,0,100,2244
1787436675.5160592,2351.329,1,0,100,2244
1787436676.5331125,2352.346,1,0,100,2244
1787436677.5503073,2353.363,1,0,100,2244
1787436678.6157572,2354.428,1,0,100,2244
1787436679.6332664,2355.446,1,0,100,2244
1787436680.651918,2356.465,1,0,100,2244
1787436681.6687372,2357.481,1,0,99,2244
1787436682.6855578,2358.498,1,0,100,2244
1787436683.7077389,2359.52,1,0,100,2244
1787436684.7246127,2360.537,1,0,100,2244
1787436685.741837,2361.554,1,0,100,2244
1787436686.7593277,2362.572,1,0,100,2244
1787436687.7762907,2363.589,1,0,100,2244
1787436688.7935865,2364.606,1,0,100,2244
1787436689.8103871,2365.623,1,0,100,2244
1787436690.8284595,2366.641,1,0,100,2244
1787436691.845447,2367.658,1,0,99,2244
1787436692.8631432,2368.676,1,0,100,2244
1787436693.8798242,2369.692,1,0,100,2244
1787436694.896636,2370.709,1,0,100,2244
1787436695.9139438,2371.727,1,0,100,2244
1787436696.9309204,2372.744,1,0,100,2244
1787436697.9488466,2373.761,1,0,100,2244
1787436698.966262,2374.779,1,0,100,2244
1787436699.9842696,2375.797,1,0,100,2244
1787436701.0014744,2376.814,1,0,99,2244
1787436702.0186408,2377.831,1,0,100,2244
1787436703.0371356,2378.85,1,0,100,2244
1787436704.0544453,2379.867,1,0,100,2244
1787436705.0715168,2380.884,1,0,100,2244
1787436706.0886195,2381.901,1,0,100,2244
1787436707.1059294,2382.919,1,0,100,2244
1787436708.123358,2383.936,1,0,100,2244
1787436709.1404395,2384.953,1,0,100,2244
1787436710.1581702,2385.971,1,0,100,2244
1787436711.1747944,2386.987,1,0,99,2244
1787436712.1912882,2388.004,1,0,100,2244
1787436713.209068,2389.022,1,0,100,2244
1787436714.225641,2390.038,1,0,100,2244
1787436715.2436087,2391.056,1,0,100,2244
1787436716.2605093,2392.073,1,0,100,2244
1787436717.2776523,2393.09,1,0,100,2244
1787436718.2962577,2394.109,1,0,100,2244
1787436719.3129463,2395.126,1,0,100,2244
1787436720.330724,2396.143,1,0,100,2244
1787436721.347463,2397.16,1,0,99,2244
1787436722.3643138,2398.177,1,0,100,2244
1787436723.380821,2399.193,1,0,100,2244
1787436724.398026,2400.211,1,0,100,2244
1787436725.414823,2401.227,1,0,100,2244
1787436726.431087,2402.244,1,0,100,2244
1787436727.448828,2403.261,1,0,100,2244
1787436728.4658906,2404.279,1,0,100,2244
1787436729.4838533,2405.296,1,0,100,2244
1787436730.5006444,2406.313,1,0,100,2244
1787436731.5172853,2407.33,1,0,99,2244
1787436732.5351937,2408.348,1,0,100,2244
1787436733.5522208,2409.365,1,0,100,2244
1787436734.5689712,2410.382,1,0,100,2244
1787436735.5857189,2411.398,1,0,100,2244
1787436736.6029484,2412.416,1,0,100,2244
1787436737.620106,2413.433,1,0,100,2244
1787436738.6368244,2414.449,1,0,100,2244
1787436739.6551702,2415.468,1,0,100,2244
1787436740.6719725,2416.485,1,0,100,2244
1787436741.6883621,2417.501,1,0,100,2244
1787436742.7048934,2418.518,1,0,100,2244
1787436743.721995,2419.535,1,0,100,2244
1787436744.7397015,2420.552,1,0,100,2244
1787436745.7570777,2421.57,1,0,100,2244
1787436746.773667,2422.586,1,0,100,2244
1787436747.7918663,2423.605,1,0,99,2244
1787436748.8087304,2424.621,1,0,100,2244
1787436749.8626094,2425.675,1,0,99,2244
1787436750.8791714,2426.692,1,0,100,2244
1787436751.896146,2427.709,1,0,100,2244
1787436752.9127088,2428.725,1,0,100,2244
1787436753.9294133,2429.742,1,0,100,2244
1787436754.9466462,2430.759,1,0,100,2244
1787436755.9638352,2431.776,1,0,100,2244
1787436756.9819763,2432.795,1,0,100,2244
1787436757.998935,2433.812,1,0,100,2244
1787436759.0174494,2434.83,1,0,100,2244
1787436760.0341444,2435.847,1,0,99,2244
1787436761.0509036,2436.864,1,0,100,2244
1787436762.0685673,2437.881,1,0,100,2244
1787436763.0856843,2438.898,1,0,100,2244
1787436764.1029942,2439.916,1,0,100,2244
1787436765.119391,2440.932,1,0,100,2244
1787436766.1359646,2441.949,1,0,100,2244
1787436767.153462,2442.966,1,0,100,2244
1787436768.1701014,2443.983,1,0,100,2244
1787436769.1885695,2445.001,1,0,100,2244
1787436770.2054896,2446.018,1,0,99,2244
1787436771.2223866,2447.035,1,0,100,2244
1787436772.239161,2448.052,1,0,100,2244
1787436773.255924,2449.069,1,0,100,2244
1787436774.2741854,2450.087,1,0,100,2244
1787436775.2910771,2451.104,1,0,100,2244
1787436776.3083358,2452.121,1,0,100,2244
1787436777.3266263,2453.139,1,0,100,2244
1787436778.3435159,2454.156,1,0,100,2244
1787436779.3616521,2455.174,1,0,100,2244
1787436780.3784187,2456.191,1,0,99,2244
1787436781.3956683,2457.208,1,0,100,2244
1787436782.4120905,2458.225,1,0,100,2244
1787436783.428762,2459.241,1,0,100,2244
1787436784.4451904,2460.258,1,0,100,2244
1787436785.4616787,2461.274,1,0,100,2244
1787436786.4794054,2462.292,1,0,100,2244
1787436787.4965696,2463.309,1,0,100,2244
1787436788.5152586,2464.328,1,0,100,2244
1787436789.5318394,2465.344,1,0,100,2244
1787436790.5483313,2466.361,1,0,99,2244
1787436791.565953,2467.379,1,0,100,2244
1787436792.582635,2468.395,1,0,100,2244
1787436793.5998142,2469.412,1,0,100,2244
1787436794.6163366,2470.429,1,0,100,2244
1787436795.6332698,2471.446,1,0,100,2244
1787436796.651422,2472.464,1,0,100,2244
1787436797.6680243,2473.481,1,0,99,2244
1787436798.6865773,2474.499,1,0,100,2244
1787436799.7038033,2475.516,1,0,99,2244
1787436800.7203538,2476.533,1,0,100,2244
1787436801.736843,2477.549,1,0,100,2244
1787436802.7535586,2478.566,1,0,100,2244
1787436803.7713022,2479.584,1,0,100,2244
1787436804.7877293,2480.6,1,0,100,2244
1787436805.8049953,2481.618,1,0,100,2244
1787436806.8229384,2482.636,1,0,100,2244
1787436807.8400142,2483.653,1,0,99,2244
1787436808.8580308,2484.671,1,0,100,2244
1787436809.8749907,2485.688,1,0,99,2244
1787436810.8922558,2486.705,1,0,100,2244
1787436811.908777,2487.721,1,0,100,2244
1787436812.925268,2488.738,1,0,100,2244
1787436813.9421158,2489.755,1,0,100,2244
1787436814.9586782,2490.771,1,0,100,2244
1787436815.9753437,2491.788,1,0,100,2244
1787436816.9919693,2492.805,1,0,100,2244
1787436818.010234,2493.823,1,0,100,2244
1787436819.0265672,2494.839,1,0,99,2244
1787436820.042953,2495.856,1,0,100,2244
1787436821.0600169,2496.873,1,0,100,2244
1787436822.0774415,2497.89,1,0,100,2244
1787436823.0943553,2498.907,1,0,100,2244
1787436824.1109455,2499.924,1,0,100,2244
1787436825.1278238,2500.94,1,0,100,2244
1787436826.1453125,2501.958,1,0,100,2244
1787436827.1618946,2502.975,1,0,100,2244
1787436828.1794543,2503.992,1,0,100,2244
1787436829.1959403,2505.009,1,0,99,2244
1787436830.214321,2506.027,1,0,100,2244
1787436831.2309704,2507.044,1,0,92,2244
1787436832.2481678,2508.061,1,0,100,2244
1787436833.265258,2509.078,1,0,100,2244
1787436834.282103,2510.095,1,0,100,2244
1787436835.2988772,2511.112,1,0,100,2244
1787436836.3163931,2512.129,1,0,100,2244
1787436837.333184,2513.146,1,0,100,2244
1787436838.350421,2514.163,1,0,100,2244
1787436839.367425,2515.18,1,0,99,2244
1787436840.3842218,2516.197,1,0,100,2244
1787436841.4011738,2517.214,1,0,100,2244
1787436842.4184282,2518.231,1,0,100,2244
1787436843.4355414,2519.248,1,0,100,2244
1787436844.4531786,2520.266,1,0,100,2244
1787436845.4697275,2521.282,1,0,100,2244
1787436846.4872673,2522.3,1,0,100,2244
1787436847.504455,2523.317,1,0,100,2244
1787436848.5214617,2524.334,1,0,99,2244
1787436849.5388012,2525.351,1,0,100,2244
1787436850.5559921,2526.369,1,0,100,2244
1787436851.573082,2527.386,1,0,100,2244
1787436852.5900695,2528.403,1,0,100,2244
1787436853.607011,2529.42,1,0,100,2244
1787436854.624227,2530.437,1,0,100,2244
1787436855.6421688,2531.455,1,0,100,2244
1787436856.65905,2532.472,1,0,100,2244
1787436857.6767442,2533.489,1,0,100,2244
1787436858.6936145,2534.506,1,0,99,2244
1787436859.7107823,2535.523,1,0,100,2244
1787436860.7282596,2536.541,1,0,100,2244
1787436861.745202,2537.558,1,0,100,2244
1787436862.7627473,2538.575,1,0,100,2244
1787436863.779795,2539.592,1,0,100,2244
1787436864.7968829,2540.61,1,0,100,2244
1787436865.814141,2541.627,1,0,100,2244
1787436866.8314302,2542.644,1,0,100,2244
1787436867.8486474,2543.661,1,0,100,2244
1787436868.8661807,2544.679,1,0,99,2244
1787436869.8832457,2545.696,1,0,100,2244
1787436870.9039953,2546.717,1,0,100,2244
1787436871.9211204,2547.734,1,0,100,2244
1787436872.9383001,2548.751,1,0,100,2244
1787436873.9553442,2549.768,1,0,100,2244
1787436874.972667,2550.785,1,0,100,2244
1787436875.991013,2551.804,1,0,100,2244
1787436877.00979,2552.822,1,0,100,2244
1787436878.0274553,2553.84,1,0,100,2244
1787436879.0445373,2554.857,1,0,99,2244
1787436880.0614028,2555.874,1,0,100,2244
1787436881.0783358,2556.891,1,0,100,2244
1787436882.0958176,2557.908,1,0,100,2244
1787436883.112823,2558.925,1,0,100,2244
1787436884.1297708,2559.942,1,0,100,2244
1787436885.1473646,2560.96,1,0,100,2244
1787436886.164341,2561.977,1,0,100,2244
1787436887.1826053,2562.995,1,0,100,2244
1787436888.2000375,2564.013,1,0,99,2244
1787436889.217052,2565.03,1,0,100,2244
1787436890.2345438,2566.047,1,0,100,2244
1787436891.2520092,2567.065,1,0,100,2244
1787436892.2691083,2568.082,1,0,100,2244
1787436893.2860858,2569.099,1,0,100,2244
1787436894.3033555,2570.116,1,0,100,2244
1787436895.3215206,2571.134,1,0,100,2244
1787436896.338402,2572.151,1,0,100,2244
1787436897.3552632,2573.168,1,0,99,2244
1787436898.372381,2574.185,1,0,100,2244
1787436899.3891814,2575.202,1,0,100,2244
1787436900.405709,2576.218,1,0,100,2244
1787436901.4229352,2577.236,1,0,100,2244
1787436902.439771,2578.252,1,0,100,2244
1787436903.4568412,2579.269,1,0,100,2244
1787436904.4741256,2580.287,1,0,100,2244
1787436905.4927058,2581.305,1,0,100,2244
1787436906.5109973,2582.324,1,0,100,2244
1787436907.528622,2583.341,1,0,99,2244
1787436908.5455081,2584.358,1,0,100,2244
1787436909.5625403,2585.375,1,0,100,2244
1787436910.5798693,2586.393,1,0,100,2244
1787436911.5967987,2587.409,1,0,100,2244
1787436912.6147683,2588.427,1,0,100,2244
1787436913.631976,2589.445,1,0,100,2244
1787436914.6495106,2590.462,1,0,100,2244
1787436915.6661854,2591.479,1,0,100,2244
1787436916.6842961,2592.497,1,0,100,2244
1787436917.701288,2593.514,1,0,99,2244
1787436918.7182057,2594.531,1,0,100,2244
1787436919.7351935,2595.548,1,0,100,2244
1787436920.7522275,2596.565,1,0,100,2244
1787436921.7691512,2597.582,1,0,100,2244
1787436922.786092,2598.599,1,0,100,2244
1787436923.8032694,2599.616,1,0,100,2244
1787436924.8210566,2600.634,1,0,100,2244
1787436925.8381257,2601.651,1,0,100,2244
1787436926.8555408,2602.668,1,0,100,2244
1787436927.8725114,2603.685,1,0,99,2244
1787436928.8896801,2604.702,1,0,100,2244
1787436929.9063895,2605.719,1,0,100,2244
1787436930.9231472,2606.736,1,0,100,2244
1787436931.9397094,2607.752,1,0,100,2244
1787436932.9567275,2608.769,1,0,100,2244
1787436933.9736235,2609.786,1,0,100,2244
1787436934.9915862,2610.804,1,0,100,2244
1787436936.0096734,2611.822,1,0,100,2244
1787436937.0268984,2612.84,1,0,100,2244
1787436938.0439382,2613.857,1,0,99,2244
1787436939.061058,2614.874,1,0,100,2244
1787436940.0780325,2615.891,1,0,100,2244
1787436941.095033,2616.908,1,0,100,2244
1787436942.113235,2617.926,1,0,100,2244
1787436943.130451,2618.943,1,0,100,2244
1787436944.1477926,2619.96,1,0,100,2244
1787436945.1645117,2620.977,1,0,100,2244
1787436946.183018,2621.996,1,0,100,2244
1787436947.1998806,2623.013,1,0,99,2244
1787436948.2179205,2624.031,1,0,100,2244
1787436949.2351758,2625.048,1,0,100,2244
1787436950.252364,2626.065,1,0,100,2244
1787436951.2695231,2627.082,1,0,100,2244
1787436952.2863169,2628.099,1,0,100,2244
1787436953.3028555,2629.116,1,0,100,2244
1787436954.3204718,2630.133,1,0,100,2244
1787436955.337843,2631.15,1,0,100,2244
1787436956.3540683,2632.167,1,0,99,2244
1787436957.3712115,2633.184,1,0,100,2244
1787436958.3878894,2634.201,1,0,100,2244
1787436959.407386,2635.22,1,0,100,2244
1787436960.4244626,2636.237,1,0,100,2244
1787436961.4413106,2637.254,1,0,100,2244
1787436962.4585357,2638.271,1,0,100,2244
1787436963.4751663,2639.288,1,0,100,2244
1787436964.493407,2640.306,1,0,100,2244
1787436965.5119712,2641.325,1,0,100,2244
1787436966.5285804,2642.341,1,0,99,2244
1787436967.5457764,2643.358,1,0,100,2244
1787436968.5627718,2644.375,1,0,100,2244
1787436969.5796833,2645.392,1,0,100,2244
1787436970.5964625,2646.409,1,0,100,2244
1787436971.6131024,2647.426,1,0,100,2244
1787436972.6301615,2648.443,1,0,100,2244
1787436973.6469808,2649.46,1,0,100,2244
1787436974.663596,2650.476,1,0,100,2244
1787436975.6813998,2651.494,1,0,100,2244
1787436976.6994524,2652.512,1,0,99,2244
1787436977.7183247,2653.531,1,0,100,2244
1787436978.7359743,2654.549,1,0,100,2244
1787436979.7534108,2655.566,1,0,100,2244
1787436980.7705352,2656.583,1,0,100,2244
1787436981.7882252,2657.601,1,0,100,2244
1787436982.805998,2658.619,1,0,100,2244
1787436983.823525,2659.636,1,0,100,2244
1787436984.8413477,2660.654,1,0,100,2244
1787436985.8590465,2661.672,1,0,100,2244
1787436986.8771517,2662.69,1,0,100,2244
1787436987.8951228,2663.708,1,0,100,2244
1787436988.9130883,2664.726,1,0,100,2244
1787436989.9305768,2665.743,1,0,100,2244
1787436990.9484618,2666.761,1,0,100,2244
1787436991.966968,2667.78,1,0,100,2244
1787436992.9847503,2668.797,1,0,100,2244
1787436994.0025172,2669.815,1,0,100,2244
1787436995.0199766,2670.833,1,0,100,2244
1787436996.0371485,2671.85,1,0,100,2244
1787436997.0549445,2672.868,1,0,100,2244
1787436998.0727918,2673.885,1,0,100,2244
1787436999.090012,2674.903,1,0,100,2244
1787437000.1073737,2675.92,1,0,100,2244
1787437001.1250572,2676.938,1,0,100,2244
1787437002.1431015,2677.956,1,0,100,2244
1787437003.1612573,2678.974,1,0,100,2244
1787437004.1784148,2679.991,1,0,100,2244
1787437005.1958566,2681.009,1,0,100,2244
1787437006.2134447,2682.026,1,0,100,2244
1787437007.23226,2683.045,1,0,100,2244
1787437008.2504969,2684.063,1,0,100,2244
1787437009.268142,2685.081,1,0,100,2244
1787437010.2855961,2686.098,1,0,100,2244
1787437011.3029578,2687.116,1,0,100,2244
1787437012.320912,2688.134,1,0,100,2244
1787437013.3389595,2689.152,1,0,100,2244
1787437014.3565152,2690.169,1,0,100,2244
1787437015.3739612,2691.187,1,0,100,2244
1787437016.3914158,2692.204,1,0,100,2244
1787437017.4092634,2693.222,1,0,100,2244
1787437018.4270325,2694.24,1,0,100,2244
1787437019.444121,2695.257,1,0,99,2244
1787437020.4608474,2696.273,1,0,100,2244
1787437021.4774194,2697.29,1,0,100,2244
1787437022.494349,2698.307,1,0,100,2244
1787437023.5123818,2699.325,1,0,100,2244
1787437024.5297039,2700.342,1,0,100,2244
1787437025.5472443,2701.36,1,0,100,2244
1787437026.5653064,2702.378,1,0,99,2244
1787437027.5838606,2703.397,1,0,100,2244
1787437028.6017413,2704.414,1,0,99,2244
1787437029.6188698,2705.432,1,0,100,2244
1787437030.6364055,2706.449,1,0,100,2244
1787437031.6534827,2707.466,1,0,100,2244
1787437032.6703439,2708.483,1,0,100,2244
1787437033.6875045,2709.5,1,0,100,2244
1787437034.7049294,2710.518,1,0,100,2244
1787437035.7225137,2711.535,1,0,100,2244
1787437036.7397807,2712.552,1,0,100,2244
1787437037.757969,2713.571,1,0,100,2244
1787437038.7746873,2714.587,1,0,99,2244
1787437039.7919915,2715.605,1,0,100,2244
1787437040.810155,2716.623,1,0,100,2244
1787437041.8277957,2717.64,1,0,100,2244
1787437042.845018,2718.658,1,0,100,2244
1787437043.8618355,2719.674,1,0,99,2244
1787437044.878552,2720.691,1,0,100,2244
1787437045.8958483,2721.708,1,0,100,2244
1787437046.9128616,2722.726,1,0,100,2244
1787437047.9366996,2723.749,1,0,100,2244
1787437048.954057,2724.767,1,0,98,2244
1787437049.9718556,2725.785,1,0,100,2244
1787437050.9891136,2726.802,1,0,100,2244
1787437052.006812,2727.819,1,0,100,2244
1787437053.023878,2728.837,1,0,100,2244
1787437054.0410306,2729.854,1,0,100,2244
1787437055.0582576,2730.871,1,0,100,2244
1787437056.0755196,2731.888,1,0,100,2244
1787437057.092615,2732.905,1,0,100,2244
1787437058.110626,2733.923,1,0,100,2244
1787437059.1277814,2734.94,1,0,99,2244
1787437060.1459785,2735.959,1,0,100,2244
1787437061.1629372,2736.976,1,0,100,2244
1787437062.1803968,2737.993,1,0,100,2244
1787437063.1974826,2739.01,1,0,100,2244
1787437064.215005,2740.028,1,0,100,2244
1787437065.2331028,2741.046,1,0,100,2244
1787437066.2501466,2742.063,1,0,99,2244
1787437067.2684693,2743.081,1,0,100,2244
1787437068.2853386,2744.098,1,0,99,2244
1787437069.3025112,2745.115,1,0,100,2244
1787437070.3206303,2746.133,1,0,100,2244
1787437071.337874,2747.151,1,0,100,2244
1787437072.3550904,2748.168,1,0,100,2244
1787437073.3721209,2749.185,1,0,100,2244
1787437074.389458,2750.202,1,0,100,2244
1787437075.4068444,2751.219,1,0,100,2244
1787437076.4236581,2752.236,1,0,100,2244
1787437077.4407017,2753.253,1,0,100,2244
1787437078.4575243,2754.27,1,0,99,2244
1787437079.4745035,2755.287,1,0,100,2244
1787437080.4914575,2756.304,1,0,100,2244
1787437081.5085435,2757.321,1,0,100,2244
1787437082.5267663,2758.339,1,0,100,2244
1787437083.5439491,2759.357,1,0,100,2244
1787437084.56139,2760.374,1,0,100,2244
1787437085.5789497,2761.392,1,0,100,2244
1787437086.5961845,2762.409,1,0,100,2244
1787437087.6140566,2763.427,1,0,100,2244
1787437088.6314197,2764.444,1,0,99,2244
1787437089.6492956,2765.462,1,0,100,2244
1787437090.666362,2766.479,1,0,100,2244
1787437091.6833448,2767.496,1,0,100,2244
1787437092.700332,2768.513,1,0,100,2244
1787437093.7175872,2769.53,1,0,100,2244
1787437094.7354517,2770.548,1,0,100,2244
1787437095.7528448,2771.565,1,0,100,2244
1787437096.7711809,2772.584,1,0,100,2244
1787437097.7882195,2773.601,1,0,99,2244
1787437098.805285,2774.618,1,0,100,2244
1787437099.8231726,2775.636,1,0,100,2244
1787437100.8401291,2776.653,1,0,100,2244
1787437101.8574991,2777.67,1,0,100,2244
1787437102.8746157,2778.687,1,0,100,2244
1787437103.8916478,2779.704,1,0,100,2244
1787437104.9090722,2780.722,1,0,100,2244
1787437105.9260325,2781.739,1,0,100,2244
1787437106.9439597,2782.757,1,0,100,2244
1787437107.961135,2783.774,1,0,99,2244
1787437108.9782898,2784.791,1,0,100,2244
1787437109.9950736,2785.808,1,0,100,2244
1787437111.0118523,2786.824,1,0,100,2244
1787437112.0297737,2787.842,1,0,100,2244
1787437113.046436,2788.859,1,0,100,2244
1787437114.0633917,2789.876,1,0,100,2244
1787437115.0807154,2790.893,1,0,99,2244
1787437116.0973332,2791.91,1,0,100,2244
1787437117.114584,2792.927,1,0,99,2244
1787437118.1314518,2793.944,1,0,100,2244
1787437119.148888,2794.962,1,0,100,2244
1787437120.1656375,2795.978,1,0,100,2244
1787437121.1826396,2796.995,1,0,100,2244
1787437122.199605,2798.012,1,0,100,2244
1787437123.216605,2799.029,1,0,100,2244
1787437124.2342749,2800.047,1,0,100,2244
1787437125.251391,2801.064,1,0,100,2244
1787437126.2693908,2802.082,1,0,100,2244
1787437127.2860782,2803.099,1,0,99,2244
1787437128.3027308,2804.115,1,0,100,2244
1787437129.32077,2805.133,1,0,100,2244
1787437130.3378127,2806.15,1,0,100,2244
1787437131.3551567,2807.168,1,0,100,2244
1787437132.3721557,2808.185,1,0,100,2244
1787437133.3890276,2809.202,1,0,100,2244
1787437134.4065588,2810.219,1,0,100,2244
1787437135.4235182,2811.236,1,0,100,2244
1787437136.440741,2812.253,1,0,100,2244
1787437137.4574835,2813.27,1,0,99,2244
1787437138.4746366,2814.287,1,0,100,2244
1787437139.4916823,2815.304,1,0,100,2244
1787437140.5089014,2816.322,1,0,100,2244
1787437141.5266242,2817.339,1,0,100,2244
1787437142.5436199,2818.356,1,0,100,2244
1787437143.5608876,2819.374,1,0,100,2244
1787437144.5782611,2820.391,1,0,100,2244
1787437145.5955646,2821.408,1,0,100,2244
1787437146.6140313,2822.427,1,0,100,2244
1787437147.6310344,2823.444,1,0,99,2244
1787437148.6488786,2824.462,1,0,100,2244
1787437149.6657522,2825.478,1,0,100,2244
1787437150.6828258,2826.495,1,0,100,2244
1787437151.6999204,2827.513,1,0,100,2244
1787437152.716663,2828.529,1,0,100,2244
1787437153.7345548,2829.547,1,0,100,2244
1787437154.751631,2830.564,1,0,100,2244
1787437155.769876,2831.583,1,0,100,2244
1787437156.7868693,2832.6,1,0,100,2244
1787437157.803871,2833.617,1,0,99,2244
1787437158.8219373,2834.635,1,0,100,2244
1787437159.8393848,2835.652,1,0,100,2244
1787437160.857296,2836.67,1,0,100,2244
1787437161.874344,2837.687,1,0,100,2244
1787437162.8917475,2838.704,1,0,100,2244
1787437163.9096081,2839.722,1,0,100,2244
1787437164.9271238,2840.74,1,0,99,2244
1787437165.945481,2841.758,1,0,100,2244
1787437166.9624348,2842.775,1,0,99,2244
1787437167.9794693,2843.792,1,0,100,2244
1787437168.9964058,2844.809,1,0,100,2244
1787437170.0135243,2845.826,1,0,100,2244
1787437171.0311852,2846.844,1,0,91,2244
1787437172.0479777,2847.861,1,0,100,2244
1787437173.0650592,2848.878,1,0,100,2244
1787437174.0823472,2849.895,1,0,99,2244
1787437175.0994062,2850.912,1,0,100,2244
1787437176.1167274,2851.929,1,0,99,2244
1787437177.1337416,2852.946,1,0,100,2244
1787437178.1502926,2853.963,1,0,100,2244
1787437179.1682768,2854.981,1,0,100,2244
1787437180.1850178,2855.998,1,0,100,2244
1787437181.2024713,2857.015,1,0,100,2244
1787437182.2196486,2858.032,1,0,100,2244
1787437183.2375736,2859.05,1,0,100,2244
1787437184.2556555,2860.068,1,0,100,2244
1787437185.2737787,2861.086,1,0,100,2244
1787437186.290917,2862.104,1,0,99,2244
1787437187.3078694,2863.121,1,0,100,2244
1787437188.3257492,2864.138,1,0,100,2244
1787437189.3430355,2865.156,1,0,100,2244
1787437190.3595169,2866.172,1,0,100,2244
1787437191.3764045,2867.189,1,0,100,2244
1787437192.3932323,2868.206,1,0,100,2244
1787437193.4103837,2869.223,1,0,100,2244
1787437194.427706,2870.24,1,0,100,2244
1787437195.4453464,2871.258,1,0,100,2244
1787437196.4623997,2872.275,1,0,99,2244
1787437197.4793942,2873.292,1,0,100,2244
1787437198.4967277,2874.309,1,0,100,2244
1787437199.5140035,2875.327,1,0,100,2244
1787437200.531766,2876.344,1,0,100,2244
1787437201.5485132,2877.361,1,0,100,2244
1787437202.5649056,2878.378,1,0,100,2244
1787437203.5822916,2879.395,1,0,100,2244
1787437204.5995047,2880.412,1,0,100,2244
1787437205.618092,2881.431,1,0,100,2244
1787437206.6353989,2882.448,1,0,99,2244
1787437207.6526217,2883.465,1,0,100,2244
1787437208.670038,2884.483,1,0,100,2244
1787437209.6873372,2885.5,1,0,100,2244
1787437210.7046103,2886.517,1,0,100,2244
1787437211.723348,2887.536,1,0,100,2244
1787437212.7416136,2888.554,1,0,100,2244
1787437213.758906,2889.572,1,0,100,2244
1787437214.7768474,2890.589,1,0,100,2244
1787437215.7937179,2891.606,1,0,100,2244
1787437216.811191,2892.624,1,0,99,2244
1787437217.8292542,2893.642,1,0,100,2244
1787437218.8464468,2894.659,1,0,100,2244
1787437219.8632119,2895.676,1,0,100,2244
1787437220.8803656,2896.693,1,0,100,2244
1787437221.897862,2897.711,1,0,100,2244
1787437222.9157002,2898.728,1,0,100,2244
1787437223.942663,2899.755,1,0,100,2244
1787437224.9607604,2900.773,1,0,100,2244
1787437225.9774675,2901.79,1,0,99,2244
1787437226.9945354,2902.807,1,0,100,2244
1787437228.0115614,2903.824,1,0,100,2244
1787437229.0289004,2904.842,1,0,100,2244
1787437230.0467565,2905.859,1,0,100,2244
1787437231.0640128,2906.877,1,0,100,2244
1787437232.081026,2907.894,1,0,100,2244
1787437233.0986772,2908.911,1,0,100,2244
1787437234.1158893,2909.929,1,0,99,2244
1787437235.133766,2910.946,1,0,100,2244
1787437236.1507425,2911.963,1,0,99,2244
1787437237.1676958,2912.98,1,0,100,2244
1787437238.1843698,2913.997,1,0,100,2244
1787437239.2015316,2915.014,1,0,100,2244
1787437240.218632,2916.031,1,0,100,2244
1787437241.2360163,2917.049,1,0,100,2244
1787437242.2541966,2918.067,1,0,100,2244
1787437243.2711143,2919.084,1,0,100,2244
1787437244.289486,2920.102,1,0,100,2244
1787437245.3072484,2921.12,1,0,99,2244
1787437246.3243258,2922.137,1,0,100,2244
1787437247.3423157,2923.155,1,0,100,2244
1787437248.3595848,2924.172,1,0,100,2244
1787437249.3760467,2925.189,1,0,100,2244
1787437250.3930936,2926.206,1,0,100,2244
1787437251.4099565,2927.223,1,0,100,2244
1787437252.427537,2928.24,1,0,100,2244
1787437253.444317,2929.257,1,0,100,2244
1787437254.461292,2930.274,1,0,100,2244
1787437255.4785461,2931.291,1,0,99,2244
1787437256.4954672,2932.308,1,0,100,2244
1787437257.5119743,2933.325,1,0,100,2244
1787437258.5290291,2934.342,1,0,100,2244
1787437259.5466678,2935.359,1,0,100,2244
1787437260.563989,2936.377,1,0,100,2244
1787437261.5813248,2937.394,1,0,100,2244
1787437262.5987072,2938.411,1,0,100,2244
1787437263.6152701,2939.428,1,0,100,2244
1787437264.6328924,2940.446,1,0,100,2244
1787437265.6506202,2941.463,1,0,99,2244
1787437266.6675525,2942.48,1,0,100,2244
1787437267.684365,2943.497,1,0,100,2244
1787437268.7013664,2944.514,1,0,100,2244
1787437269.7178466,2945.53,1,0,100,2244
1787437270.7345676,2946.547,1,0,100,2244
1787437271.7522564,2947.565,1,0,100,2244
1787437272.7689471,2948.582,1,0,100,2244
1787437273.7874331,2949.6,1,0,100,2244
1787437274.8044283,2950.617,1,0,99,2244
1787437275.821418,2951.634,1,0,100,2244
1787437276.8396184,2952.652,1,0,100,2244
1787437277.8568084,2953.669,1,0,100,2244
1787437278.8738422,2954.686,1,0,100,2244
1787437279.8906631,2955.703,1,0,100,2244
1787437280.9071522,2956.72,1,0,100,2244
1787437281.9240594,2957.737,1,0,100,2244
1787437282.940512,2958.753,1,0,100,2244
1787437283.9577777,2959.77,1,0,100,2244
1787437284.9745283,2960.787,1,0,99,2244
1787437285.991203,2961.804,1,0,100,2244
1787437287.0078816,2962.821,1,0,100,2244
1787437288.025052,2963.838,1,0,100,2244
1787437289.0430112,2964.856,1,0,100,2244
1787437290.0595782,2965.872,1,0,100,2244
1787437291.0763695,2966.889,1,0,100,2244
1787437292.0935493,2967.906,1,0,100,2244
1787437293.110589,2968.923,1,0,100,2244
1787437294.1285467,2969.941,1,0,100,2244
1787437295.145743,2970.958,1,0,99,2244
1787437296.163041,2971.976,1,0,100,2244
1787437297.1800919,2972.993,1,0,100,2244
1787437298.1972532,2974.01,1,0,100,2244
1787437299.2144103,2975.027,1,0,100,2244
1787437300.2324643,2976.045,1,0,100,2244
1787437301.2503138,2977.063,1,0,100,2244
1787437302.2674282,2978.08,1,0,100,2244
1787437303.2851799,2979.098,1,0,100,2244
1787437304.3022544,2980.115,1,0,100,2244
1787437305.3191369,2981.132,1,0,99,2244
1787437306.3370502,2982.15,1,0,100,2244
1787437307.3540533,2983.167,1,0,100,2244
1787437308.3710465,2984.184,1,0,100,2244
1787437309.3882709,2985.201,1,0,100,2244
1787437310.4053924,2986.218,1,0,100,2244
1787437311.4229743,2987.236,1,0,100,2244
1787437312.4398901,2988.253,1,0,100,2244
1787437313.4576204,2989.27,1,0,100,2244
1787437314.4743865,2990.287,1,0,99,2244
1787437315.491576,2991.304,1,0,100,2244
1787437316.5089707,2992.322,1,0,100,2244
1787437317.5260565,2993.339,1,0,100,2244
1787437318.544159,2994.357,1,0,100,2244
1787437319.5619335,2995.375,1,0,100,2244
1787437320.5790477,2996.392,1,0,100,2244
1787437321.5965428,2997.409,1,0,91,2244
1787437322.6139693,2998.427,1,0,100,2244
1787437323.6317625,2999.444,1,0,100,2244
1787437324.6489277,3000.462,1,0,99,2244
1787437325.6659663,3001.479,1,0,100,2244
1787437326.682807,3002.495,1,0,100,2244
1787437327.700043,3003.513,1,0,100,2244
1787437328.7179203,3004.531,1,0,100,2244
1787437329.7349095,3005.548,1,0,100,2244
1787437330.7526987,3006.565,1,0,100,2244
1787437331.7703865,3007.583,1,0,100,2244
1787437332.7882593,3008.601,1,0,100,2244
1787437333.8050466,3009.618,1,0,99,2244
1787437334.8219364,3010.635,1,0,100,2244
1787437335.839817,3011.652,1,0,100,2244
1787437336.8572967,3012.67,1,0,100,2244
1787437337.8745663,3013.687,1,0,100,2244
1787437338.8918133,3014.704,1,0,100,2244
1787437339.9091167,3015.722,1,0,100,2244
1787437340.9271307,3016.74,1,0,100,2244
1787437341.9443789,3017.757,1,0,100,2244
1787437342.9629385,3018.776,1,0,100,2244
1787437343.979919,3019.793,1,0,99,2244
1787437344.9969547,3020.81,1,0,100,2244
1787437346.014306,3021.827,1,0,100,2244
1787437347.030903,3022.844,1,0,100,2244
1787437348.0485423,3023.861,1,0,100,2244
1787437349.0653515,3024.878,1,0,100,2244
1787437350.0820692,3025.895,1,0,100,2244
1787437351.0989563,3026.912,1,0,100,2244
1787437352.1155694,3027.928,1,0,100,2244
1787437353.1331103,3028.946,1,0,100,2244
1787437354.1493242,3029.962,1,0,99,2244
1787437355.166094,3030.979,1,0,100,2244
1787437356.1824667,3031.995,1,0,100,2244
1787437357.1989589,3033.012,1,0,100,2244
1787437358.2170012,3034.03,1,0,100,2244
1787437359.2338743,3035.047,1,0,100,2244
1787437360.25119,3036.064,1,0,100,2244
1787437361.268975,3037.082,1,0,100,2244
1787437362.2860725,3038.099,1,0,100,2244
1787437363.3030064,3039.116,1,0,100,2244
1787437364.3199995,3040.133,1,0,99,2244
1787437365.3380818,3041.151,1,0,100,2244
1787437366.3545585,3042.167,1,0,100,2244
1787437367.3711455,3043.184,1,0,100,2244
1787437368.387449,3044.2,1,0,100,2244
1787437369.4041505,3045.217,1,0,100,2244
1787437370.4222784,3046.235,1,0,100,2244
1787437371.439241,3047.252,1,0,100,2244
1787437372.456616,3048.269,1,0,100,2244
1787437373.4736543,3049.286,1,0,100,2244
1787437374.4910262,3050.304,1,0,99,2244
1787437375.5081944,3051.321,1,0,100,2244
1787437376.524933,3052.338,1,0,100,2244
1787437377.5427256,3053.355,1,0,100,2244
1787437378.5592332,3054.372,1,0,100,2244
1787437379.575951,3055.389,1,0,100,2244
1787437380.5927632,3056.405,1,0,100,2244
1787437381.6098251,3057.422,1,0,100,2244
1787437382.6280954,3058.441,1,0,100,2244
1787437383.6448324,3059.457,1,0,99,2244
1787437384.6621737,3060.475,1,0,100,2244
1787437385.679091,3061.492,1,0,100,2244
1787437386.6956997,3062.508,1,0,100,2244
1787437387.7132642,3063.526,1,0,100,2244
1787437388.7300227,3064.543,1,0,100,2244
1787437389.7473252,3065.56,1,0,100,2244
1787437390.7650511,3066.578,1,0,100,2244
1787437391.7829845,3067.596,1,0,100,2244
1787437392.8000398,3068.613,1,0,99,2244
1787437393.8169456,3069.63,1,0,100,2244
1787437394.8345165,3070.647,1,0,100,2244
1787437395.8514698,3071.664,1,0,100,2244
1787437396.8684275,3072.681,1,0,100,2244
1787437397.8850017,3073.698,1,0,100,2244
1787437398.9019682,3074.715,1,0,100,2244
1787437399.9198391,3075.732,1,0,100,2244
1787437400.937004,3076.75,1,0,100,2244
1787437401.9547184,3077.767,1,0,100,2244
1787437402.971779,3078.784,1,0,99,2244
1787437403.9890828,3079.802,1,0,100,2244
1787437405.0060601,3080.819,1,0,100,2244
1787437406.0235157,3081.836,1,0,100,2244
1787437407.0413942,3082.854,1,0,100,2244
1787437408.0585458,3083.871,1,0,100,2244
1787437409.0754166,3084.888,1,0,100,2244
1787437410.0922675,3085.905,1,0,100,2244
1787437411.1099274,3086.923,1,0,100,2244
1787437412.1276436,3087.94,1,0,100,2244
1787437413.1445913,3088.957,1,0,99,2244
1787437414.1616883,3089.974,1,0,100,2244
1787437415.1781864,3090.991,1,0,100,2244
1787437416.1954167,3092.008,1,0,100,2244
1787437417.213858,3093.027,1,0,100,2244
1787437418.230603,3094.043,1,0,100,2244
1787437419.248011,3095.061,1,0,100,2244
1787437420.2655444,3096.078,1,0,100,2244
1787437421.2830908,3097.096,1,0,100,2244
1787437422.3006458,3098.113,1,0,100,2244
1787437423.3184927,3099.131,1,0,99,2244
1787437424.3361487,3100.149,1,0,100,2244
1787437425.3544135,3101.167,1,0,100,2244
1787437426.3724158,3102.185,1,0,100,2244
1787437427.389657,3103.202,1,0,100,2244
1787437428.4067194,3104.219,1,0,100,2244
1787437429.424083,3105.237,1,0,100,2244
1787437430.4420052,3106.255,1,0,100,2244
1787437431.4597313,3107.272,1,0,100,2244
1787437432.4774945,3108.29,1,0,100,2244
1787437433.495022,3109.308,1,0,100,2244
1787437434.512772,3110.325,1,0,100,2244
1787437435.530854,3111.343,1,0,100,2244
1787437436.5493639,3112.362,1,0,100,2244
1787437437.5669818,3113.38,1,0,100,2244
1787437438.5845537,3114.397,1,0,100,2244
1787437439.6020608,3115.415,1,0,100,2244
1787437440.6201694,3116.433,1,0,100,2244
1787437441.6383035,3117.451,1,0,100,2244
1787437442.6560159,3118.469,1,0,100,2244
1787437443.673582,3119.486,1,0,100,2244
1787437444.6914191,3120.504,1,0,100,2244
1787437445.709385,3121.522,1,0,100,2244
1787437446.7272606,3122.54,1,0,100,2244
1787437447.745027,3123.558,1,0,100,2244
1787437448.7626104,3124.575,1,0,100,2244
1787437449.780442,3125.593,1,0,100,2244
1787437450.7984645,3126.611,1,0,100,2244
1787437451.8163073,3127.629,1,0,100,2244
1787437452.834311,3128.647,1,0,100,2244
1787437453.8521361,3129.665,1,0,100,2244
1787437454.8699095,3130.683,1,0,100,2244
1787437455.8880627,3131.701,1,0,100,2244
1787437456.9061608,3132.719,1,0,100,2244
1787437457.9242227,3133.737,1,0,100,2244
1787437458.9419017,3134.755,1,0,100,2244
1787437459.9596694,3135.772,1,0,100,2244
1787437460.9776523,3136.79,1,0,100,2244
1787437461.995432,3137.808,1,0,100,2244
1787437463.0132866,3138.826,1,0,100,2244
1787437464.0308921,3139.844,1,0,100,2244
1787437465.0476434,3140.86,1,0,99,2244
1787437466.0647058,3141.877,1,0,100,2244
1787437467.0820823,3142.895,1,0,100,2244
1787437468.098845,3143.911,1,0,100,2244
1787437469.1153576,3144.928,1,0,100,2244
1787437470.1319547,3145.945,1,0,100,2244
1787437471.1486173,3146.961,1,0,100,2244
1787437472.1657507,3147.978,1,0,100,2244
1787437473.1825714,3148.995,1,0,100,2244
1787437474.199788,3150.012,1,0,100,2244
1787437475.216242,3151.029,1,0,99,2244
1787437476.2329078,3152.046,1,0,100,2244
1787437477.2493353,3153.062,1,0,100,2244
1787437478.2657578,3154.078,1,0,100,2244
1787437479.2839751,3155.097,1,0,100,2244
1787437480.3004196,3156.113,1,0,100,2244
1787437481.3174083,3157.13,1,0,100,2244
1787437482.3345604,3158.147,1,0,100,2244
1787437483.3514464,3159.164,1,0,100,2244
1787437484.36995,3160.183,1,0,100,2244
1787437485.387009,3161.2,1,0,99,2244
1787437486.4037137,3162.216,1,0,100,2244
1787437487.4201832,3163.233,1,0,100,2244
1787437488.4368653,3164.25,1,0,100,2244
1787437489.453223,3165.266,1,0,100,2244
1787437490.4697099,3166.282,1,0,100,2244
1787437491.4875572,3167.3,1,0,100,2244
1787437492.5049825,3168.318,1,0,99,2244
1787437493.521993,3169.335,1,0,100,2244
1787437494.538504,3170.351,1,0,99,2244
1787437495.5554383,3171.368,1,0,100,2244
1787437496.5734575,3172.386,1,0,100,2244
1787437497.5900424,3173.403,1,0,100,2244
1787437498.6070447,3174.42,1,0,100,2244
1787437499.6238313,3175.436,1,0,100,2244
1787437500.6405334,3176.453,1,0,100,2244
1787437501.6579628,3177.471,1,0,100,2244
1787437502.67492,3178.488,1,0,100,2244
1787437503.6920683,3179.505,1,0,100,2244
1787437504.7090943,3180.522,1,0,99,2244
1787437505.7265463,3181.539,1,0,100,2244
1787437506.743865,3182.557,1,0,100,2244
1787437507.7611332,3183.574,1,0,100,2244
1787437508.7791214,3184.592,1,0,100,2244
1787437509.7959678,3185.609,1,0,100,2244
1787437510.8135948,3186.626,1,0,100,2244
1787437511.8309052,3187.644,1,0,100,2244
1787437512.848113,3188.661,1,0,100,2244
1787437513.8655603,3189.678,1,0,100,2244
1787437514.8829017,3190.696,1,0,99,2244
1787437515.905264,3191.718,1,0,100,2244
1787437516.9222424,3192.735,1,0,100,2244
1787437517.9389381,3193.752,1,0,100,2244
1787437518.955813,3194.768,1,0,100,2244
1787437519.9729457,3195.786,1,0,100,2244
1787437520.990563,3196.803,1,0,100,2244
1787437522.0083673,3197.821,1,0,100,2244
1787437523.0255558,3198.838,1,0,100,2244
1787437524.0423381,3199.855,1,0,100,2244
1787437525.0591545,3200.872,1,0,99,2244
1787437526.077582,3201.89,1,0,100,2244
1787437527.0948548,3202.907,1,0,100,2244
1787437528.1115866,3203.924,1,0,100,2244
1787437529.130597,3204.943,1,0,100,2244
1787437530.1473622,3205.96,1,0,100,2244
1787437531.164449,3206.977,1,0,100,2244
1787437532.1818612,3207.995,1,0,100,2244
1787437533.199753,3209.012,1,0,100,2244
1787437534.216957,3210.03,1,0,99,2244
1787437535.2340279,3211.047,1,0,100,2244
1787437536.2507432,3212.063,1,0,100,2244
1787437537.2679815,3213.081,1,0,100,2244
1787437538.2855089,3214.098,1,0,100,2244
1787437539.3024828,3215.115,1,0,100,2244
1787437540.319489,3216.132,1,0,100,2244
1787437541.336677,3217.149,1,0,99,2244
1787437542.3542545,3218.167,1,0,100,2244
1787437543.372318,3219.185,1,0,99,2244
1787437544.389593,3220.202,1,0,100,2244
1787437545.40683,3221.219,1,0,100,2244
1787437546.4240851,3222.237,1,0,100,2244
1787437547.4413388,3223.254,1,0,100,2244
1787437548.4581466,3224.271,1,0,100,2244
1787437549.475043,3225.288,1,0,100,2244
1787437550.4924002,3226.305,1,0,100,2244
1787437551.509843,3227.322,1,0,100,2244
1787437552.5268853,3228.34,1,0,100,2244
1787437553.5435736,3229.356,1,0,99,2244
1787437554.5606318,3230.373,1,0,100,2244
1787437555.5785067,3231.391,1,0,100,2244
1787437556.5956967,3232.408,1,0,100,2244
1787437557.6123679,3233.425,1,0,100,2244
1787437558.629133,3234.442,1,0,100,2244
1787437559.6458378,3235.458,1,0,100,2244
1787437560.6633685,3236.476,1,0,100,2244
1787437561.6805317,3237.493,1,0,100,2244
1787437562.6982996,3238.511,1,0,100,2244
1787437563.7157993,3239.528,1,0,99,2244
1787437564.7339146,3240.547,1,0,100,2244
1787437565.7510388,3241.564,1,0,100,2244
1787437566.7679894,3242.581,1,0,100,2244
1787437567.7860963,3243.599,1,0,100,2244
1787437568.8031569,3244.616,1,0,100,2244
1787437569.8207428,3245.633,1,0,100,2244
1787437570.837844,3246.65,1,0,100,2244
1787437571.855058,3247.668,1,0,100,2244
1787437572.8731968,3248.686,1,0,100,2244
1787437573.8903005,3249.703,1,0,99,2244
1787437574.9076295,3250.72,1,0,100,2244
1787437575.9246836,3251.737,1,0,100,2244
1787437576.9418037,3252.754,1,0,100,2244
1787437577.9590113,3253.772,1,0,100,2244
1787437578.9759586,3254.789,1,0,100,2244
1787437579.9935892,3255.806,1,0,100,2244
1787437581.0111477,3256.824,1,0,100,2244
1787437582.0293126,3257.842,1,0,100,2244
1787437583.0467727,3258.859,1,0,100,2244
1787437584.0639837,3259.877,1,0,99,2244
1787437585.0815532,3260.894,1,0,100,2244
1787437586.098311,3261.911,1,0,100,2244
1787437587.1150103,3262.928,1,0,100,2244
1787437588.1314592,3263.944,1,0,100,2244
1787437589.1478264,3264.96,1,0,100,2244
1787437590.1650376,3265.978,1,0,100,2244
1787437591.181851,3266.994,1,0,99,2244
1787437592.1991248,3268.012,1,0,100,2244
1787437593.215624,3269.028,1,0,99,2244
1787437594.2337515,3270.046,1,0,100,2244
1787437595.250586,3271.063,1,0,100,2244
1787437596.2674098,3272.08,1,0,100,2244
1787437597.2851605,3273.098,1,0,100,2244
1787437598.3021495,3274.115,1,0,100,2244
1787437599.3193378,3275.132,1,0,100,2244
1787437600.336887,3276.15,1,0,100,2244
1787437601.35394,3277.167,1,0,100,2244
1787437602.3721657,3278.185,1,0,99,2244
1787437603.3893206,3279.202,1,0,100,2244
1787437604.4064279,3280.219,1,0,100,2244
1787437605.4233274,3281.236,1,0,100,2244
1787437606.4404275,3282.253,1,0,100,2244
1787437607.4573867,3283.27,1,0,100,2244
1787437608.4740958,3284.287,1,0,100,2244
1787437609.4920385,3285.305,1,0,100,2244
1787437610.5087025,3286.321,1,0,100,2244
1787437611.5261147,3287.339,1,0,100,2244
1787437612.5425525,3288.355,1,0,99,2244
1787437613.5595994,3289.372,1,0,100,2244
1787437614.5775607,3290.39,1,0,100,2244
1787437615.5948205,3291.407,1,0,100,2244
1787437616.612135,3292.425,1,0,100,2244
1787437617.6288168,3293.441,1,0,100,2244
1787437618.645995,3294.459,1,0,100,2244
1787437619.6634262,3295.476,1,0,100,2244
1787437620.680547,3296.493,1,0,100,2244
1787437621.6982057,3297.511,1,0,100,2244
1787437622.715246,3298.528,1,0,99,2244
1787437623.7322743,3299.545,1,0,100,2244
1787437624.7491927,3300.562,1,0,100,2244
1787437625.7658617,3301.579,1,0,100,2244
1787437626.783514,3302.596,1,0,100,2244
1787437627.8006773,3303.613,1,0,100,2244
1787437628.8176003,3304.63,1,0,100,2244
1787437629.8370366,3305.65,1,0,100,2244
1787437630.8538196,3306.666,1,0,100,2244
1787437631.8714268,3307.684,1,0,100,2244
1787437632.8885775,3308.701,1,0,99,2244
1787437633.9055836,3309.718,1,0,100,2244
1787437634.922415,3310.735,1,0,100,2244
1787437635.9389093,3311.752,1,0,100,2244
1787437636.9556162,3312.768,1,0,100,2244
1787437637.9728682,3313.786,1,0,100,2244
1787437638.9906223,3314.803,1,0,100,2244
1787437640.007757,3315.82,1,0,100,2244
1787437641.0256274,3316.838,1,0,100,2244
1787437642.042718,3317.855,1,0,99,2244
1787437643.0599487,3318.873,1,0,100,2244
1787437644.0779178,3319.891,1,0,100,2244
1787437645.0951521,3320.908,1,0,100,2244
1787437646.1125507,3321.925,1,0,100,2244
1787437647.1295934,3322.942,1,0,100,2244
1787437648.1465392,3323.959,1,0,100,2244
1787437649.1640089,3324.977,1,0,100,2244
1787437650.18102,3325.994,1,0,99,2244
1787437651.1991918,3327.012,1,0,100,2244
1787437652.2160778,3328.029,1,0,99,2244
1787437653.2347276,3329.047,1,0,100,2244
1787437654.251421,3330.064,1,0,100,2244
1787437655.2681565,3331.081,1,0,100,2244
1787437656.2858372,3332.098,1,0,100,2244
1787437657.3025675,3333.115,1,0,100,2244
1787437658.3195674,3334.132,1,0,100,2244
1787437659.3367877,3335.149,1,0,100,2244
1787437660.3536382,3336.166,1,0,100,2244
1787437661.3710797,3337.184,1,0,100,2244
1787437662.388314,3338.201,1,0,91,2244
1787437663.4054244,3339.218,1,0,100,2244
1787437664.425499,3340.238,1,0,100,2244
1787437665.4424713,3341.255,1,0,100,2244
1787437666.4595912,3342.272,1,0,100,2244
1787437667.477265,3343.29,1,0,100,2244
1787437668.4950078,3344.308,1,0,100,2244
1787437669.5125337,3345.325,1,0,100,2244
1787437670.5302684,3346.343,1,0,100,2244
1787437671.547171,3347.36,1,0,100,2244
1787437672.5641966,3348.377,1,0,99,2244
1787437673.5822349,3349.395,1,0,100,2244
1787437674.599079,3350.412,1,0,100,2244
1787437675.615773,3351.428,1,0,100,2244
1787437676.6321242,3352.445,1,0,100,2244
1787437677.6489837,3353.462,1,0,100,2244
1787437678.6670678,3354.48,1,0,100,2244
1787437679.684037,3355.497,1,0,100,2244
1787437680.7010684,3356.514,1,0,100,2244
1787437681.7178593,3357.531,1,0,99,2244
1787437682.7364526,3358.549,1,0,100,2244
1787437683.75339,3359.566,1,0,100,2244
1787437684.7703366,3360.583,1,0,100,2244
1787437685.788509,3361.601,1,0,100,2244
1787437686.805408,3362.618,1,0,100,2244
1787437687.8220608,3363.635,1,0,100,2244
1787437688.8389816,3364.652,1,0,100,2244
1787437689.8556554,3365.668,1,0,100,2244
1787437690.8736129,3366.686,1,0,100,2244
1787437691.8905714,3367.703,1,0,99,2244
1787437692.9069772,3368.72,1,0,100,2244
1787437693.9234395,3369.736,1,0,100,2244
1787437694.9401438,3370.753,1,0,100,2244
1787437695.9567816,3371.769,1,0,100,2244
1787437696.9733121,3372.786,1,0,100,2244
1787437697.9912825,3373.804,1,0,100,2244
1787437699.0084677,3374.821,1,0,100,2244
1787437700.026489,3375.839,1,0,100,2244
1787437701.0434663,3376.856,1,0,99,2244
1787437702.060652,3377.873,1,0,100,2244
1787437703.078465,3378.891,1,0,100,2244
1787437704.095437,3379.908,1,0,100,2244
1787437705.1123478,3380.925,1,0,100,2244
1787437706.1287847,3381.941,1,0,100,2244
1787437707.1462047,3382.959,1,0,100,2244
1787437708.1640522,3383.977,1,0,100,2244
1787437709.1812408,3384.994,1,0,100,2244
1787437710.19836,3386.011,1,0,100,2244
1787437711.2150009,3387.028,1,0,99,2244
1787437712.2317064,3388.044,1,0,100,2244
1787437713.2481158,3389.061,1,0,100,2244
1787437714.2646747,3390.077,1,0,100,2244
1787437715.281919,3391.095,1,0,100,2244
1787437716.2990746,3392.112,1,0,100,2244
1787437717.3164785,3393.129,1,0,100,2244
1787437718.3338826,3394.147,1,0,100,2244
1787437719.3510273,3395.164,1,0,100,2244
1787437720.3686924,3396.181,1,0,100,2244
1787437721.3855205,3397.198,1,0,99,2244
1787437722.4023225,3398.215,1,0,100,2244
1787437723.4189026,3399.232,1,0,100,2244
1787437724.435394,3400.248,1,0,100,2244
1787437725.4523726,3401.265,1,0,100,2244
1787437726.4695785,3402.282,1,0,100,2244
1787437727.4874601,3403.3,1,0,100,2244
1787437728.505229,3404.318,1,0,100,2244
1787437729.5231164,3405.336,1,0,100,2244
1787437730.5400956,3406.353,1,0,100,2244
1787437731.557053,3407.37,1,0,99,2244
1787437732.5744638,3408.387,1,0,100,2244
1787437733.590994,3409.404,1,0,100,2244
1787437734.6080372,3410.421,1,0,100,2244
1787437735.6245425,3411.437,1,0,100,2244
1787437736.6410246,3412.454,1,0,100,2244
1787437737.658941,3413.472,1,0,100,2244
1787437738.6760795,3414.489,1,0,100,2244
1787437739.6933253,3415.506,1,0,100,2244
1787437740.7103817,3416.523,1,0,100,2244
1787437741.727678,3417.54,1,0,99,2244
1787437742.74446,3418.557,1,0,100,2244
1787437743.761386,3419.574,1,0,100,2244
1787437744.7794223,3420.592,1,0,100,2244
1787437745.796449,3421.609,1,0,100,2244
1787437746.8135843,3422.626,1,0,100,2244
1787437747.830526,3423.643,1,0,100,2244
1787437748.8471856,3424.66,1,0,100,2244
1787437749.865241,3425.678,1,0,99,2244
1787437750.8821619,3426.695,1,0,100,2244
1787437751.8989596,3427.712,1,0,100,2244
1787437752.9159055,3428.729,1,0,100,2244
1787437753.9330578,3429.746,1,0,100,2244
1787437754.9501822,3430.763,1,0,100,2244
1787437755.9669752,3431.78,1,0,100,2244
1787437756.9850643,3432.798,1,0,100,2244
1787437758.003105,3433.816,1,0,100,2244
1787437759.0202744,3434.833,1,0,100,2244
1787437760.037016,3435.85,1,0,99,2244
1787437761.053959,3436.867,1,0,100,2244
1787437762.0714257,3437.884,1,0,100,2244
1787437763.0883574,3438.901,1,0,100,2244
1787437764.105375,3439.918,1,0,100,2244
1787437765.1224391,3440.935,1,0,100,2244
1787437766.1395726,3441.952,1,0,100,2244
1787437767.157568,3442.97,1,0,100,2244
1787437768.1755047,3443.988,1,0,100,2244
1787437769.1931055,3445.006,1,0,100,2244
1787437770.2108119,3446.023,1,0,99,2244
1787437771.228881,3447.042,1,0,100,2244
1787437772.2468672,3448.06,1,0,100,2244
1787437773.2655196,3449.078,1,0,100,2244
1787437774.2836869,3450.096,1,0,100,2244
1787437775.3016663,3451.114,1,0,100,2244
1787437776.319373,3452.132,1,0,100,2244
1787437777.3372493,3453.15,1,0,100,2244
1787437778.3549104,3454.168,1,0,100,2244
1787437779.372958,3455.186,1,0,100,2244
1787437780.3899775,3456.203,1,0,99,2244
1787437781.40775,3457.22,1,0,100,2244
1787437782.4247477,3458.237,1,0,100,2244
1787437783.442002,3459.255,1,0,100,2244
1787437784.459024,3460.272,1,0,100,2244
1787437785.4754224,3461.288,1,0,100,2244
1787437786.4933455,3462.306,1,0,100,2244
1787437787.5118084,3463.324,1,0,100,2244
1787437788.5288222,3464.341,1,0,100,2244
1787437789.5459516,3465.359,1,0,100,2244
1787437790.5625894,3466.375,1,0,99,2244
1787437791.5800314,3467.393,1,0,100,2244
1787437792.597127,3468.41,1,0,100,2244
1787437793.614011,3469.427,1,0,100,2244
1787437794.6308613,3470.444,1,0,100,2244
1787437795.6476724,3471.46,1,0,100,2244
1787437796.6650023,3472.478,1,0,100,2244
1787437797.6819916,3473.495,1,0,100,2244
1787437798.699873,3474.513,1,0,100,2244
1787437799.7168016,3475.529,1,0,99,2244
1787437800.733907,3476.547,1,0,100,2244
1787437801.7506726,3477.563,1,0,100,2244
1787437802.7674558,3478.58,1,0,100,2244
1787437803.78409,3479.597,1,0,100,2244
1787437804.801646,3480.614,1,0,100,2244
1787437805.8186314,3481.631,1,0,100,2244
1787437806.8361065,3482.649,1,0,100,2244
1787437807.85277,3483.665,1,0,100,2244
1787437808.8694336,3484.682,1,0,100,2244
1787437809.8863518,3485.699,1,0,99,2244
1787437810.902965,3486.716,1,0,100,2244
1787437811.9195638,3487.732,1,0,100,2244
1787437812.9365466,3488.749,1,0,91,2244
1787437813.9534564,3489.766,1,0,100,2244
1787437814.970236,3490.783,1,0,100,2244
1787437815.9873593,3491.8,1,0,100,2244
1787437817.0054843,3492.818,1,0,100,2244
1787437818.0233126,3493.836,1,0,100,2244
1787437819.0402975,3494.853,1,0,99,2244
1787437820.0570242,3495.87,1,0,100,2244
1787437821.0743933,3496.887,1,0,100,2244
1787437822.0908778,3497.904,1,0,100,2244
1787437823.107778,3498.92,1,0,100,2244
1787437824.1246278,3499.937,1,0,100,2244
1787437825.1413598,3500.954,1,0,100,2244
1787437826.157907,3501.971,1,0,100,2244
1787437827.1744382,3502.987,1,0,100,2244
1787437828.1925986,3504.005,1,0,100,2244
1787437829.2089443,3505.022,1,0,99,2244
1787437830.2255282,3506.038,1,0,100,2244
1787437831.2421725,3507.055,1,0,100,2244
1787437832.2588925,3508.072,1,0,100,2244
1787437833.2759252,3509.089,1,0,100,2244
1787437834.2924252,3510.105,1,0,100,2244
1787437835.3090007,3511.122,1,0,100,2244
1787437836.3270638,3512.14,1,0,100,2244
1787437837.344143,3513.157,1,0,100,2244
1787437838.3609571,3514.174,1,0,100,2244
1787437839.3773885,3515.19,1,0,99,2244
1787437840.393983,3516.207,1,0,100,2244
1787437841.410699,3517.223,1,0,100,2244
1787437842.427435,3518.24,1,0,100,2244
1787437843.444309,3519.257,1,0,100,2244
1787437844.4610634,3520.274,1,0,100,2244
1787437845.4782748,3521.291,1,0,100,2244
1787437846.495903,3522.309,1,0,100,2244
1787437847.5133924,3523.326,1,0,100,2244
1787437848.5298965,3524.343,1,0,100,2244
1787437849.546113,3525.359,1,0,99,2244
1787437850.5630744,3526.376,1,0,100,2244
1787437851.5793805,3527.392,1,0,100,2244
1787437852.5961175,3528.409,1,0,100,2244
1787437853.6129231,3529.426,1,0,100,2244
1787437854.6295612,3530.442,1,0,100,2244
1787437855.64688,3531.46,1,0,100,2244
1787437856.663456,3532.476,1,0,100,2244
1787437857.6815581,3533.494,1,0,100,2244
1787437858.6977897,3534.51,1,0,99,2244
1787437859.7144573,3535.527,1,0,100,2244
1787437860.7313251,3536.544,1,0,100,2244
1787437861.7482984,3537.561,1,0,100,2244
1787437862.7655408,3538.578,1,0,100,2244
1787437863.7821906,3539.595,1,0,100,2244
1787437864.7985244,3540.611,1,0,100,2244
1787437865.8159451,3541.629,1,0,100,2244
1787437866.8330379,3542.646,1,0,100,2244
1787437867.850691,3543.663,1,0,100,2244
1787437868.8671265,3544.68,1,0,99,2244
1787437869.8843489,3545.697,1,0,100,2244
1787437870.9010284,3546.714,1,0,100,2244
1787437871.9179237,3547.731,1,0,100,2244
1787437872.9347627,3548.747,1,0,100,2244
1787437873.9514196,3549.764,1,0,100,2244
1787437874.9681168,3550.781,1,0,100,2244
1787437875.9851553,3551.798,1,0,100,2244
1787437877.0019975,3552.815,1,0,100,2244
1787437878.0189943,3553.832,1,0,100,2244
1787437879.036003,3554.849,1,0,100,2244
1787437880.052975,3555.866,1,0,100,2244
1787437881.0701706,3556.883,1,0,100,2244
1787437882.0870407,3557.9,1,0,100,2244
1787437883.104046,3558.917,1,0,100,2244
1787437884.1205924,3559.933,1,0,100,2244
1787437885.137176,3560.95,1,0,100,2244
1787437886.1536696,3561.966,1,0,100,2244
1787437887.1704824,3562.983,1,0,100,2244
1787437888.187814,3564.0,1,0,100,2244
1787437889.2054887,3565.018,1,0,100,2244
1787437890.2224927,3566.035,1,0,100,2244
1787437891.2409508,3567.054,1,0,100,2244
1787437892.2579849,3568.071,1,0,100,2244
1787437893.2748997,3569.088,1,0,100,2244
1787437894.291955,3570.105,1,0,100,2244
1787437895.308866,3571.122,1,0,100,2244
1787437896.3259647,3572.139,1,0,100,2244
1787437897.3429449,3573.156,1,0,100,2244
1787437898.3598065,3574.172,1,0,100,2244
1787437899.3768198,3575.189,1,0,100,2244
1787437900.3940895,3576.207,1,0,100,2244
1787437901.4111526,3577.224,1,0,100,2244
1787437902.4282994,3578.241,1,0,100,2244
1787437903.4455097,3579.258,1,0,100,2244
1787437904.4631255,3580.276,1,0,100,2244
1787437905.4806085,3581.293,1,0,100,2244
1787437906.4979107,3582.311,1,0,100,2244
1787437907.5151143,3583.328,1,0,100,2244
1787437908.5321283,3584.345,1,0,100,2244
1787437909.5495422,3585.362,1,0,100,2244
1787437910.566843,3586.379,1,0,100,2244
1787437911.5836773,3587.396,1,0,99,2244
1787437912.6010783,3588.414,1,0,100,2244
1787437913.6178362,3589.43,1,0,100,2244
1787437914.6343696,3590.447,1,0,100,2244
1787437915.6511905,3591.464,1,0,100,2244
1787437916.667679,3592.48,1,0,100,2244
1787437917.684903,3593.498,1,0,100,2244
1787437918.7030094,3594.516,1,0,100,2244
1787437919.721008,3595.534,1,0,100,2244
1787437920.737846,3596.55,1,0,99,2244
1787437921.7546818,3597.567,1,0,100,2244
1787437922.7727585,3598.585,1,0,100,2244
1787437923.7896461,3599.602,1,0,100,2244
1787437924.8070862,3600.62,1,0,100,2244
1787437925.8239899,3601.637,1,0,100,2244
1787437926.841276,3602.654,1,0,100,2244
1787437927.858954,3603.672,1,0,100,2244
1787437928.8767457,3604.689,1,0,99,2244
1787437929.8948135,3605.707,1,0,100,2244
1787437930.9119723,3606.725,1,0,99,2244
1787437931.9295144,3607.742,1,0,100,2244
1787437932.946841,3608.759,1,0,100,2244
1787437933.964086,3609.777,1,0,100,2244
1787437934.9811609,3610.794,1,0,100,2244
1787437935.9984655,3611.811,1,0,100,2244
1787437937.015755,3612.828,1,0,100,2244
1787437938.0332682,3613.846,1,0,100,2244
1787437939.050247,3614.863,1,0,100,2244
1787437940.067215,3615.88,1,0,100,2244
1787437941.0848536,3616.897,1,0,99,2244
1787437942.1022518,3617.915,1,0,100,2244
1787437943.1189067,3618.932,1,0,100,2244
1787437944.1358607,3619.949,1,0,100,2244
1787437945.152698,3620.965,1,0,100,2244
1787437946.1696188,3621.982,1,0,100,2244
1787437947.1866908,3622.999,1,0,100,2244
1787437948.204577,3624.017,1,0,100,2244
1787437949.2228096,3625.035,1,0,100,2244
1787437950.239911,3626.053,1,0,100,2244
1787437951.2569225,3627.07,1,0,99,2244
1787437952.2742884,3628.087,1,0,100,2244
1787437953.2910042,3629.104,1,0,100,2244
1787437954.30775,3630.12,1,0,100,2244
1787437955.3245602,3631.137,1,0,100,2244
1787437956.3417263,3632.154,1,0,100,2244
1787437957.3592856,3633.172,1,0,100,2244
1787437958.3762934,3634.189,1,0,100,2244
1787437959.3945324,3635.207,1,0,100,2244
1787437960.4112635,3636.224,1,0,100,2244
1787437961.428014,3637.241,1,0,99,2244
1787437962.4448082,3638.257,1,0,100,2244
1787437963.461133,3639.274,1,0,100,2244
1787437964.4778273,3640.29,1,0,100,2244
1787437965.49419,3641.307,1,0,100,2244
1787437966.5107625,3642.323,1,0,100,2244
1787437967.528176,3643.341,1,0,100,2244
1787437968.5448003,3644.357,1,0,100,2244
1787437969.5619354,3645.375,1,0,99,2244
1787437970.5793922,3646.392,1,0,100,2244
1787437971.5968938,3647.41,1,0,100,2244
1787437972.6139498,3648.427,1,0,100,2244
1787437973.631441,3649.444,1,0,100,2244
1787437974.6485074,3650.461,1,0,100,2244
1787437975.6649258,3651.478,1,0,100,2244
1787437976.6818726,3652.495,1,0,100,2244
1787437977.699789,3653.512,1,0,100,2244
1787437978.7179883,3654.531,1,0,100,2244
1787437979.7349584,3655.548,1,0,99,2244
1787437980.751997,3656.565,1,0,100,2244
1787437981.7692254,3657.582,1,0,100,2244
1787437982.785965,3658.599,1,0,100,2244
1787437983.8029459,3659.616,1,0,100,2244
1787437984.8197315,3660.632,1,0,100,2244
1787437985.836608,3661.649,1,0,100,2244
1787437986.8541622,3662.667,1,0,100,2244
1787437987.8711643,3663.684,1,0,100,2244
1787437988.889355,3664.702,1,0,100,2244
1787437989.9065926,3665.719,1,0,99,2244
1787437990.9239979,3666.737,1,0,100,2244
1787437991.9410558,3667.754,1,0,100,2244
1787437992.9577858,3668.77,1,0,100,2244
1787437993.9745193,3669.787,1,0,100,2244
1787437994.9915915,3670.804,1,0,100,2244
1787437996.0085735,3671.821,1,0,100,2244
1787437997.0261748,3672.839,1,0,100,2244
1787437998.0426922,3673.855,1,0,100,2244
1787437999.0596895,3674.872,1,0,100,2244
1787438000.0763826,3675.889,1,0,99,2244
1787438001.0936182,3676.906,1,0,100,2244
1787438002.1103284,3677.923,1,0,91,2244
1787438003.1274464,3678.94,1,0,100,2244
1787438004.144544,3679.957,1,0,100,2244
1787438005.1613789,3680.974,1,0,100,2244
1787438006.1789467,3681.992,1,0,100,2244
1787438007.1969962,3683.01,1,0,100,2244
1787438008.2146251,3684.027,1,0,100,2244
1787438009.231511,3685.044,1,0,100,2244
1787438010.2482178,3686.061,1,0,99,2244
1787438011.2656665,3687.078,1,0,100,2244
1787438012.2830114,3688.096,1,0,100,2244
1787438013.3000407,3689.113,1,0,100,2244
1787438014.3166075,3690.129,1,0,100,2244
1787438015.3330517,3691.146,1,0,100,2244
1787438016.3498187,3692.162,1,0,100,2244
1787438017.3666568,3693.179,1,0,100,2244
1787438018.3850317,3694.198,1,0,100,2244
1787438019.4020526,3695.215,1,0,99,2244
1787438020.4190419,3696.232,1,0,100,2244
1787438021.4358773,3697.249,1,0,100,2244
1787438022.4526577,3698.265,1,0,100,2244
1787438023.4696205,3699.282,1,0,100,2244
1787438024.4867272,3700.299,1,0,100,2244
1787438025.5038338,3701.316,1,0,100,2244
1787438026.5218904,3702.335,1,0,100,2244
1787438027.5389512,3703.352,1,0,100,2244
1787438028.5561485,3704.369,1,0,100,2244
1787438029.572546,3705.385,1,0,99,2244
1787438030.5893788,3706.402,1,0,100,2244
1787438031.6059248,3707.419,1,0,100,2244
1787438032.6231503,3708.436,1,0,100,2244
1787438033.6404362,3709.453,1,0,100,2244
1787438034.6575596,3710.47,1,0,100,2244
1787438035.6749487,3711.488,1,0,100,2244
1787438036.692978,3712.506,1,0,100,2244
1787438037.710702,3713.523,1,0,100,2244
1787438038.727867,3714.541,1,0,99,2244
1787438039.7463067,3715.559,1,0,100,2244
1787438040.7629397,3716.576,1,0,100,2244
1787438041.7797446,3717.592,1,0,100,2244
1787438042.7966182,3718.609,1,0,100,2244
1787438043.8133683,3719.626,1,0,100,2244
1787438044.8305774,3720.643,1,0,100,2244
1787438045.8478262,3721.66,1,0,100,2244
1787438046.8651183,3722.678,1,0,100,2244
1787438047.883877,3723.697,1,0,100,2244
1787438048.900968,3724.714,1,0,99,2244
1787438049.9182618,3725.731,1,0,100,2244
1787438050.935383,3726.748,1,0,100,2244
1787438051.952099,3727.765,1,0,100,2244
1787438052.9689012,3728.782,1,0,100,2244
1787438053.9853415,3729.798,1,0,100,2244
1787438055.0020468,3730.815,1,0,100,2244
1787438056.0199347,3731.833,1,0,100,2244
1787438057.0366178,3732.849,1,0,100,2244
1787438058.0538845,3733.867,1,0,100,2244
1787438059.0706427,3734.883,1,0,99,2244
1787438060.0878952,3735.901,1,0,100,2244
1787438061.1051686,3736.918,1,0,100,2244
1787438062.1226456,3737.935,1,0,100,2244
1787438063.1399689,3738.953,1,0,100,2244
1787438064.1569703,3739.97,1,0,100,2244
1787438065.1737764,3740.986,1,0,100,2244
1787438066.1916075,3742.004,1,0,100,2244
1787438067.208663,3743.021,1,0,100,2244
1787438068.2252524,3744.038,1,0,99,2244
1787438069.2421794,3745.055,1,0,100,2244
1787438070.2598214,3746.072,1,0,100,2244
1787438071.2764719,3747.089,1,0,100,2244
1787438072.2935088,3748.106,1,0,100,2244
1787438073.3102927,3749.123,1,0,100,2244
1787438074.3275144,3750.14,1,0,100,2244
1787438075.3442514,3751.157,1,0,100,2244
1787438076.3610253,3752.174,1,0,100,2244
1787438077.3794835,3753.192,1,0,100,2244
1787438078.3964038,3754.209,1,0,99,2244
1787438079.4131215,3755.226,1,0,100,2244
1787438080.4299412,3756.243,1,0,100,2244
1787438081.446997,3757.26,1,0,100,2244
1787438082.4640028,3758.277,1,0,100,2244
1787438083.4808726,3759.294,1,0,100,2244
1787438084.4980376,3760.311,1,0,100,2244
1787438085.5155587,3761.328,1,0,100,2244
1787438086.5325723,3762.345,1,0,100,2244
1787438087.549249,3763.362,1,0,100,2244
1787438088.56642,3764.379,1,0,99,2244
1787438089.5837517,3765.396,1,0,100,2244
1787438090.6008594,3766.414,1,0,100,2244
1787438091.6177938,3767.43,1,0,100,2244
1787438092.6347272,3768.447,1,0,100,2244
1787438093.6518548,3769.464,1,0,100,2244
1787438094.6690125,3770.482,1,0,100,2244
1787438095.6866362,3771.499,1,0,100,2244
1787438096.703903,3772.517,1,0,100,2244
1787438097.7205875,3773.533,1,0,100,2244
1787438098.7370403,3774.55,1,0,99,2244
1787438099.7537224,3775.566,1,0,100,2244
1787438100.7703717,3776.583,1,0,100,2244
1787438101.7871864,3777.6,1,0,100,2244
1787438102.804055,3778.617,1,0,100,2244
1787438103.8205945,3779.633,1,0,100,2244
1787438104.837607,3780.65,1,0,100,2244
1787438105.854899,3781.668,1,0,100,2244
1787438106.8732545,3782.686,1,0,100,2244
1787438107.890443,3783.703,1,0,100,2244
1787438108.9077055,3784.72,1,0,99,2244
1787438109.9250207,3785.738,1,0,100,2244
1787438110.94161,3786.754,1,0,100,2244
1787438111.9596326,3787.772,1,0,100,2244
1787438112.97607,3788.789,1,0,100,2244
1787438113.9929602,3789.806,1,0,100,2244
1787438115.01057,3790.823,1,0,100,2244
1787438116.0275142,3791.84,1,0,100,2244
1787438117.0448477,3792.857,1,0,99,2244
1787438118.0621336,3793.875,1,0,100,2244
1787438119.0801153,3794.893,1,0,100,2244
1787438120.0968628,3795.91,1,0,100,2244
1787438121.1135485,3796.926,1,0,100,2244
1787438122.1301763,3797.943,1,0,100,2244
1787438123.1475155,3798.96,1,0,100,2244
1787438124.1645641,3799.977,1,0,100,2244
1787438125.1825097,3800.995,1,0,100,2244
1787438126.2001894,3802.013,1,0,100,2244
1787438127.2170599,3803.03,1,0,99,2244
1787438128.2340317,3804.047,1,0,100,2244
1787438129.2508845,3805.064,1,0,100,2244
1787438130.2682054,3806.081,1,0,100,2244
1787438131.2850754,3807.098,1,0,100,2244
1787438132.3020518,3808.115,1,0,100,2244
1787438133.3194277,3809.132,1,0,100,2244
1787438134.336538,3810.149,1,0,100,2244
1787438135.3538792,3811.167,1,0,100,2244
1787438136.3725426,3812.185,1,0,100,2244
1787438137.3893168,3813.202,1,0,99,2244
1787438138.406415,3814.219,1,0,100,2244
1787438139.4231722,3815.236,1,0,100,2244
1787438140.4398355,3816.252,1,0,100,2244
1787438141.4569628,3817.27,1,0,100,2244
1787438142.473586,3818.286,1,0,100,2244
1787438143.490437,3819.303,1,0,100,2244
1787438144.5079603,3820.321,1,0,100,2244
1787438145.524255,3821.337,1,0,100,2244
1787438146.5413737,3822.354,1,0,100,2244
1787438147.5582783,3823.371,1,0,99,2244
1787438148.5751314,3824.388,1,0,100,2244
1787438149.591956,3825.405,1,0,100,2244
1787438150.60898,3826.422,1,0,100,2244
1787438151.6261506,3827.439,1,0,100,2244
1787438152.642936,3828.456,1,0,91,2244
1787438153.660105,3829.473,1,0,100,2244
1787438154.6782424,3830.491,1,0,100,2244
1787438155.696528,3831.509,1,0,100,2244
1787438156.713412,3832.526,1,0,100,2244
1787438157.7303665,3833.543,1,0,99,2244
1787438158.7495806,3834.562,1,0,100,2244
1787438159.7658873,3835.579,1,0,100,2244
1787438160.7827342,3836.595,1,0,100,2244
1787438161.7994106,3837.612,1,0,100,2244
1787438162.8164291,3838.629,1,0,100,2244
1787438163.8335834,3839.646,1,0,100,2244
1787438164.8500705,3840.663,1,0,100,2244
1787438165.868078,3841.681,1,0,100,2244
1787438166.8845472,3842.697,1,0,100,2244
1787438167.901312,3843.714,1,0,99,2244
1787438168.9183302,3844.731,1,0,100,2244
1787438169.9351718,3845.748,1,0,100,2244
1787438170.952645,3846.765,1,0,100,2244
1787438171.9695463,3847.782,1,0,100,2244
1787438172.986531,3848.799,1,0,100,2244
1787438174.0045283,3849.817,1,0,100,2244
1787438175.0220084,3850.835,1,0,100,2244
1787438176.0387123,3851.851,1,0,100,2244
1787438177.055387,3852.868,1,0,99,2244
1787438178.072336,3853.885,1,0,100,2244
1787438179.0888314,3854.901,1,0,100,2244
1787438180.1059525,3855.919,1,0,100,2244
1787438181.1226451,3856.935,1,0,100,2244
1787438182.139585,3857.952,1,0,100,2244
1787438183.1563745,3858.969,1,0,100,2244
1787438184.1743135,3859.987,1,0,100,2244
1787438185.1918187,3861.004,1,0,100,2244
1787438186.2088025,3862.021,1,0,99,2244
1787438187.2257655,3863.038,1,0,100,2244
1787438188.2426503,3864.055,1,0,100,2244
1787438189.259317,3865.072,1,0,100,2244
1787438190.2758777,3866.089,1,0,100,2244
1787438191.292561,3867.105,1,0,100,2244
1787438192.30919,3868.122,1,0,100,2244
1787438193.3259895,3869.139,1,0,100,2244
1787438194.3430018,3870.156,1,0,100,2244
1787438195.3614628,3871.174,1,0,100,2244
1787438196.3784554,3872.191,1,0,99,2244
1787438197.3955405,3873.208,1,0,100,2244
1787438198.4126017,3874.225,1,0,100,2244
1787438199.4296536,3875.242,1,0,100,2244
1787438200.4461825,3876.259,1,0,100,2244
1787438201.4626465,3877.275,1,0,100,2244
1787438202.4796782,3878.292,1,0,100,2244
1787438203.4971414,3879.31,1,0,100,2244
1787438204.5138972,3880.327,1,0,100,2244
1787438205.530593,3881.343,1,0,100,2244
1787438206.5472653,3882.36,1,0,99,2244
1787438207.5644433,3883.377,1,0,100,2244
1787438208.581516,3884.394,1,0,100,2244
1787438209.598002,3885.411,1,0,100,2244
1787438210.6144383,3886.427,1,0,100,2244
1787438211.6309865,3887.444,1,0,100,2244
1787438212.6477222,3888.46,1,0,100,2244
1787438213.6652431,3889.478,1,0,100,2244
1787438214.6820376,3890.495,1,0,100,2244
1787438215.6998491,3891.512,1,0,100,2244
1787438216.7169936,3892.53,1,0,99,2244
1787438217.734615,3893.547,1,0,100,2244
1787438218.7514,3894.564,1,0,100,2244
1787438219.7680547,3895.581,1,0,100,2244
1787438220.785149,3896.598,1,0,100,2244
1787438221.8020535,3897.615,1,0,100,2244
1787438222.8193111,3898.632,1,0,100,2244
1787438223.8357053,3899.648,1,0,100,2244
1787438224.8554823,3900.668,1,0,100,2244
1787438225.8722079,3901.685,1,0,99,2244
1787438226.8895285,3902.702,1,0,100,2244
1787438227.9066572,3903.719,1,0,100,2244
1787438228.923947,3904.737,1,0,100,2244
1787438229.9410262,3905.754,1,0,100,2244
1787438230.957582,3906.77,1,0,100,2244
1787438231.97475,3907.787,1,0,100,2244
1787438232.9926507,3908.805,1,0,100,2244
1787438234.0099087,3909.823,1,0,100,2244
1787438235.0273712,3910.84,1,0,100,2244
1787438236.043735,3911.856,1,0,99,2244
1787438237.0605125,3912.873,1,0,100,2244
1787438238.076993,3913.89,1,0,100,2244
1787438239.1036634,3914.916,1,0,100,2244
1787438240.120703,3915.933,1,0,100,2244
1787438241.1380644,3916.951,1,0,100,2244
1787438242.1554372,3917.968,1,0,100,2244
1787438243.173854,3918.986,1,0,100,2244
1787438244.1925035,3920.005,1,0,100,2244
1787438245.2099864,3921.023,1,0,100,2244
1787438246.226953,3922.04,1,0,99,2244
1787438247.2445805,3923.057,1,0,100,2244
1787438248.2609777,3924.074,1,0,100,2244
1787438249.277978,3925.091,1,0,100,2244
1787438250.2943974,3926.107,1,0,100,2244
1787438251.3109004,3927.124,1,0,100,2244
1787438252.3274243,3928.14,1,0,100,2244
1787438253.3440263,3929.157,1,0,100,2244
1787438254.3622906,3930.175,1,0,100,2244
1787438255.379035,3931.192,1,0,99,2244
1787438256.3958945,3932.209,1,0,100,2244
1787438257.413081,3933.226,1,0,100,2244
1787438258.430272,3934.243,1,0,100,2244
1787438259.4474065,3935.26,1,0,100,2244
1787438260.4648304,3936.277,1,0,100,2244
1787438261.4816241,3937.294,1,0,100,2244
1787438262.499229,3938.312,1,0,100,2244
1787438263.515815,3939.328,1,0,100,2244
1787438264.5328693,3940.346,1,0,100,2244
1787438265.550184,3941.363,1,0,99,2244
1787438266.5675316,3942.38,1,0,100,2244
1787438267.5843618,3943.397,1,0,100,2244
1787438268.6011527,3944.414,1,0,100,2244
1787438269.6176395,3945.43,1,0,100,2244
1787438270.6347377,3946.447,1,0,100,2244
1787438271.652551,3947.465,1,0,100,2244
1787438272.670865,3948.484,1,0,100,2244
1787438273.6885018,3949.501,1,0,100,2244
1787438274.7056713,3950.518,1,0,99,2244
1787438275.7229304,3951.536,1,0,100,2244
1787438276.7403731,3952.553,1,0,100,2244
1787438277.758948,3953.572,1,0,100,2244
1787438278.776453,3954.589,1,0,100,2244
1787438279.793449,3955.606,1,0,100,2244
1787438280.8104079,3956.623,1,0,100,2244
1787438281.826936,3957.64,1,0,100,2244
1787438282.8439834,3958.657,1,0,100,2244
1787438283.862344,3959.675,1,0,100,2244
1787438284.8790038,3960.692,1,0,99,2244
1787438285.8955142,3961.708,1,0,100,2244
1787438286.9124236,3962.725,1,0,100,2244
1787438287.929015,3963.742,1,0,100,2244
1787438288.9462771,3964.759,1,0,100,2244
1787438289.9631426,3965.776,1,0,100,2244
1787438290.9802148,3966.793,1,0,100,2244
1787438291.9983044,3967.811,1,0,100,2244
1787438293.0156386,3968.828,1,0,100,2244
1787438294.0333018,3969.846,1,0,100,2244
1787438295.0503716,3970.863,1,0,99,2244
1787438296.0673137,3971.88,1,0,100,2244
1787438297.0840495,3972.897,1,0,100,2244
1787438298.1006107,3973.913,1,0,100,2244
1787438299.1175845,3974.93,1,0,100,2244
1787438300.134851,3975.947,1,0,100,2244
1787438301.1518154,3976.964,1,0,100,2244
1787438302.1696231,3977.982,1,0,91,2244
1787438303.1866019,3978.999,1,0,100,2244
1787438304.2033029,3980.016,1,0,100,2244
1787438305.2199647,3981.033,1,0,99,2244
1787438306.236676,3982.049,1,0,100,2244
1787438307.2536979,3983.066,1,0,100,2244
1787438308.2704542,3984.083,1,0,100,2244
1787438309.2875128,3985.1,1,0,100,2244
1787438310.304421,3986.117,1,0,100,2244
1787438311.3215163,3987.134,1,0,100,2244
1787438312.3384907,3988.151,1,0,100,2244
1787438313.3569345,3989.17,1,0,100,2244
1787438314.3740664,3990.187,1,0,100,2244
1787438315.3913453,3991.204,1,0,99,2244
1787438316.4083114,3992.221,1,0,100,2244
1787438317.4254327,3993.238,1,0,100,2244
1787438318.4424276,3994.255,1,0,100,2244
1787438319.4594111,3995.272,1,0,100,2244
1787438320.4763296,3996.289,1,0,100,2244
1787438321.4932456,3997.306,1,0,100,2244
1787438322.510422,3998.323,1,0,100,2244
1787438323.527353,3999.34,1,0,100,2244
1787438324.5441763,4000.357,1,0,100,2244
1787438325.5611413,4001.374,1,0,100,2244
1787438326.5781207,4002.391,1,0,100,2244
1787438327.5954344,4003.408,1,0,100,2244
1787438328.6124415,4004.425,1,0,100,2244
1787438329.6295466,4005.442,1,0,100,2244
1787438330.6469862,4006.46,1,0,100,2244
1787438331.6643095,4007.477,1,0,100,2244
1787438332.681427,4008.494,1,0,100,2244
1787438333.6986084,4009.511,1,0,100,2244
1787438334.715797,4010.528,1,0,100,2244
1787438335.7330494,4011.546,1,0,100,2244
1787438336.7503855,4012.563,1,0,100,2244
1787438337.7675297,4013.58,1,0,100,2244
1787438338.7846923,4014.597,1,0,100,2244
1787438339.801872,4015.615,1,0,100,2244
1787438340.8187826,4016.631,1,0,100,2244
1787438341.8359163,4017.649,1,0,100,2244
1787438342.852752,4018.665,1,0,100,2244
1787438343.869677,4019.682,1,0,100,2244
1787438344.887011,4020.7,1,0,100,2244
1787438345.9041119,4021.717,1,0,100,2244
1787438346.9208193,4022.733,1,0,100,2244
1787438347.9382708,4023.751,1,0,100,2244
1787438348.955339,4024.768,1,0,100,2244
1787438349.9723582,4025.785,1,0,100,2244
1787438350.9890711,4026.802,1,0,100,2244
1787438352.0060797,4027.819,1,0,100,2244
1787438353.02346,4028.836,1,0,100,2244
1787438354.04029,4029.853,1,0,100,2244
1787438355.05668,4030.869,1,0,100,2244
1787438356.0749295,4031.888,1,0,100,2244
1787438357.0918536,4032.904,1,0,99,2244
1787438358.10899,4033.922,1,0,100,2244
1787438359.1263487,4034.939,1,0,100,2244
1787438360.1432633,4035.956,1,0,100,2244
1787438361.1606526,4036.973,1,0,100,2244
1787438362.1780803,4037.991,1,0,100,2244
1787438363.1951807,4039.008,1,0,100,2244
1787438364.2129846,4040.026,1,0,100,2244
1787438365.2301502,4041.043,1,0,100,2244
1787438366.2471685,4042.06,1,0,100,2244
1787438367.263795,4043.076,1,0,99,2244
1787438368.2803614,4044.093,1,0,100,2244
1787438369.2967687,4045.109,1,0,100,2244
1787438370.3131266,4046.126,1,0,100,2244
1787438371.3304245,4047.143,1,0,100,2244
1787438372.3469725,4048.16,1,0,100,2244
1787438373.363822,4049.176,1,0,100,2244
1787438374.3812363,4050.194,1,0,100,2244
1787438375.398265,4051.211,1,0,100,2244
1787438376.4151092,4052.228,1,0,100,2244
1787438377.4319324,4053.245,1,0,99,2244
1787438378.4487941,4054.261,1,0,100,2244
1787438379.4660063,4055.279,1,0,100,2244
1787438380.483134,4056.296,1,0,100,2244
1787438381.4999502,4057.313,1,0,100,2244
1787438382.517018,4058.33,1,0,100,2244
1787438383.5343716,4059.347,1,0,100,2244
1787438384.5511851,4060.364,1,0,100,2244
1787438385.5689032,4061.382,1,0,100,2244
1787438386.5861113,4062.399,1,0,99,2244
1787438387.6033332,4063.416,1,0,100,2244
1787438388.6205063,4064.433,1,0,100,2244
1787438389.6373582,4065.45,1,0,100,2244
1787438390.6541963,4066.467,1,0,100,2244
1787438391.6709125,4067.484,1,0,100,2244
1787438392.6877708,4068.5,1,0,100,2244
1787438393.7057543,4069.518,1,0,100,2244
1787438394.7233531,4070.536,1,0,100,2244
1787438395.740485,4071.553,1,0,100,2244
1787438396.7577055,4072.57,1,0,99,2244
1787438397.7745583,4073.587,1,0,100,2244
1787438398.7910461,4074.604,1,0,100,2244
1787438399.807925,4075.621,1,0,100,2244
1787438400.8248043,4076.637,1,0,100,2244
1787438401.8417652,4077.654,1,0,100,2244
1787438402.8588946,4078.672,1,0,100,2244
1787438403.876129,4079.689,1,0,100,2244
1787438404.8938982,4080.707,1,0,100,2244
1787438405.910893,4081.724,1,0,98,2244
1787438406.9280584,4082.741,1,0,100,2244
1787438407.9451075,4083.758,1,0,100,2244
1787438408.9620433,4084.775,1,0,100,2244
1787438409.9790878,4085.792,1,0,100,2244
1787438410.9960725,4086.809,1,0,100,2244
1787438412.0132093,4087.826,1,0,100,2244
1787438413.0310662,4088.844,1,0,100,2244
1787438414.0480328,4089.861,1,0,100,2244
1787438415.0655997,4090.878,1,0,100,2244
1787438416.0831003,4091.896,1,0,99,2244
1787438417.100183,4092.913,1,0,100,2244
1787438418.1170688,4093.93,1,0,100,2244
1787438419.133779,4094.946,1,0,100,2244
1787438420.150297,4095.963,1,0,100,2244
1787438421.1676528,4096.98,1,0,100,2244
1787438422.1840763,4097.997,1,0,100,2244
1787438423.2016442,4099.014,1,0,100,2244
1787438424.2190635,4100.032,1,0,100,2244
1787438425.2364252,4101.049,1,0,99,2244
1787438426.2537868,4102.066,1,0,100,2244
1787438427.2704537,4103.083,1,0,100,2244
1787438428.2879317,4104.101,1,0,100,2244
1787438429.3045352,4105.117,1,0,100,2244
1787438430.3213527,4106.134,1,0,100,2244
1787438431.3385794,4107.151,1,0,100,2244
1787438432.355378,4108.168,1,0,100,2244
1787438433.3822627,4109.195,1,0,100,2244
1787438434.4004228,4110.213,1,0,100,2244
1787438435.4172595,4111.23,1,0,99,2244
1787438436.4343207,4112.247,1,0,100,2244
1787438437.4515145,4113.264,1,0,100,2244
1787438438.4687557,4114.281,1,0,100,2244
1787438439.485685,4115.298,1,0,100,2244
1787438440.5029545,4116.316,1,0,100,2244
1787438441.5200198,4117.333,1,0,100,2244
1787438442.5380495,4118.351,1,0,100,2244
1787438443.555289,4119.368,1,0,100,2244
1787438444.5719469,4120.385,1,0,100,2244
1787438445.5888414,4121.401,1,0,99,2244
1787438446.6054943,4122.418,1,0,100,2244
1787438447.622172,4123.435,1,0,100,2244
1787438448.6389952,4124.452,1,0,100,2244
1787438449.656281,4125.469,1,0,100,2244
1787438450.6736746,4126.486,1,0,100,2244
1787438451.6910558,4127.504,1,0,100,2244
1787438452.7091112,4128.522,1,0,100,2244
1787438453.729375,4129.542,1,0,100,2244
1787438454.747265,4130.56,1,0,100,2244
1787438455.7642574,4131.577,1,0,99,2244
1787438456.781256,4132.594,1,0,100,2244
1787438457.798247,4133.611,1,0,100,2244
1787438458.81509,4134.628,1,0,100,2244
1787438459.8322043,4135.645,1,0,100,2244
1787438460.8493536,4136.662,1,0,100,2244
1787438461.866303,4137.679,1,0,100,2244
1787438462.8831286,4138.696,1,0,99,2244
1787438463.9039624,4139.717,1,0,100,2244
1787438464.9209554,4140.734,1,0,99,2244
1787438465.9381773,4141.751,1,0,100,2244
1787438466.955214,4142.768,1,0,100,2244
1787438467.9723072,4143.785,1,0,100,2244
1787438468.98908,4144.802,1,0,100,2244
1787438470.0062947,4145.819,1,0,100,2244
1787438471.0233772,4146.836,1,0,100,2244
1787438472.040961,4147.854,1,0,100,2244
1787438473.0581326,4148.871,1,0,100,2244
1787438474.074944,4149.888,1,0,99,2244
1787438475.0918844,4150.905,1,0,100,2244
1787438476.1087728,4151.921,1,0,100,2244
1787438477.1256044,4152.938,1,0,100,2244
1787438478.14246,4153.955,1,0,100,2244
1787438479.159445,4154.972,1,0,100,2244
1787438480.176157,4155.989,1,0,100,2244
1787438481.1929598,4157.006,1,0,100,2244
1787438482.2102337,4158.023,1,0,100,2244
1787438483.228432,4159.041,1,0,100,2244
1787438484.245082,4160.058,1,0,99,2244
1787438485.262003,4161.075,1,0,100,2244
1787438486.2789083,4162.092,1,0,100,2244
1787438487.2958093,4163.108,1,0,100,2244
1787438488.3133147,4164.126,1,0,100,2244
1787438489.3305538,4165.143,1,0,100,2244
1787438490.3479042,4166.161,1,0,100,2244
1787438491.3655405,4167.178,1,0,100,2244
1787438492.3824172,4168.195,1,0,100,2244
1787438493.398853,4169.211,1,0,100,2244
1787438494.4161394,4170.229,1,0,99,2244
1787438495.4333236,4171.246,1,0,100,2244
1787438496.4500716,4172.263,1,0,100,2244
1787438497.4674015,4173.28,1,0,100,2244
1787438498.484514,4174.297,1,0,100,2244
1787438499.5018594,4175.315,1,0,100,2244
1787438500.5191946,4176.332,1,0,100,2244
1787438501.5372689,4177.35,1,0,100,2244
1787438502.5547173,4178.367,1,0,100,2244
1787438503.5720248,4179.385,1,0,99,2244
1787438504.5892503,4180.402,1,0,100,2244
1787438505.6061826,4181.419,1,0,100,2244
1787438506.623477,4182.436,1,0,100,2244
1787438507.640559,4183.453,1,0,100,2244
1787438508.6574256,4184.47,1,0,100,2244
1787438509.6740983,4185.487,1,0,100,2244
1787438510.6912735,4186.504,1,0,100,2244
1787438511.708383,4187.521,1,0,99,2244
1787438512.7268956,4188.54,1,0,100,2244
1787438513.7433872,4189.556,1,0,99,2244
1787438514.7597215,4190.572,1,0,100,2244
1787438515.7767174,4191.589,1,0,100,2244
1787438516.7948835,4192.608,1,0,100,2244
1787438517.8125494,4193.625,1,0,100,2244
1787438518.8295121,4194.642,1,0,99,2244
1787438519.8468294,4195.659,1,0,100,2244
1787438520.8651526,4196.678,1,0,100,2244
1787438521.8825235,4197.695,1,0,100,2244
1787438522.9002411,4198.713,1,0,100,2244
1787438523.9175024,4199.73,1,0,99,2244
1787438524.934662,4200.747,1,0,100,2244
1787438525.951315,4201.764,1,0,100,2244
1787438526.9678373,4202.78,1,0,100,2244
1787438527.9845302,4203.797,1,0,100,2244
1787438529.001522,4204.814,1,0,100,2244
1787438530.0188923,4205.832,1,0,100,2244
1787438531.0361538,4206.849,1,0,100,2244
1787438532.0557132,4207.868,1,0,100,2244
1787438533.072362,4208.885,1,0,100,2244
1787438534.0895708,4209.902,1,0,99,2244
1787438535.1073956,4210.92,1,0,100,2244
1787438536.1244638,4211.937,1,0,100,2244
1787438537.1413567,4212.954,1,0,100,2244
1787438538.1581516,4213.971,1,0,100,2244
1787438539.1754885,4214.988,1,0,100,2244
1787438540.193598,4216.006,1,0,100,2244
1787438541.2110052,4217.024,1,0,100,2244
1787438542.2281203,4218.041,1,0,100,2244
1787438543.245276,4219.058,1,0,99,2244
1787438544.2623398,4220.075,1,0,100,2244
1787438545.2794843,4221.092,1,0,100,2244
1787438546.296759,4222.109,1,0,100,2244
1787438547.3136463,4223.126,1,0,100,2244
1787438548.330876,4224.144,1,0,100,2244
1787438549.348266,4225.161,1,0,100,2244
1787438550.3665535,4226.179,1,0,100,2244
1787438551.3842487,4227.197,1,0,100,2244
1787438552.401332,4228.214,1,0,99,2244
1787438553.418284,4229.231,1,0,100,2244
1787438554.436409,4230.249,1,0,100,2244
1787438555.4534373,4231.266,1,0,100,2244
1787438556.4705477,4232.283,1,0,100,2244
1787438557.4872954,4233.3,1,0,100,2244
1787438558.5051384,4234.318,1,0,100,2244
1787438559.5222769,4235.335,1,0,100,2244
1787438560.5391653,4236.352,1,0,100,2244
1787438561.5569403,4237.37,1,0,100,2244
1787438562.5740366,4238.387,1,0,99,2244
1787438563.5909278,4239.404,1,0,100,2244
1787438564.6075375,4240.42,1,0,100,2244
1787438565.6241157,4241.437,1,0,100,2244
1787438566.6410856,4242.454,1,0,100,2244
1787438567.6584888,4243.471,1,0,100,2244
1787438568.6754372,4244.488,1,0,100,2244
1787438569.6935039,4245.506,1,0,100,2244
1787438570.7102728,4246.523,1,0,100,2244
1787438571.7275345,4247.54,1,0,100,2244
1787438572.7443354,4248.557,1,0,99,2244
1787438573.7612906,4249.574,1,0,100,2244
1787438574.7778945,4250.591,1,0,100,2244
1787438575.795174,4251.608,1,0,100,2244
1787438576.8123384,4252.625,1,0,100,2244
1787438577.8294168,4253.642,1,0,100,2244
1787438578.8471737,4254.66,1,0,100,2244
1787438579.8642793,4255.677,1,0,100,2244
1787438580.882886,4256.696,1,0,100,2244
1787438581.8998024,4257.712,1,0,99,2244
1787438582.9170547,4258.73,1,0,100,2244
1787438583.9345067,4259.747,1,0,100,2244
1787438584.951755,4260.764,1,0,100,2244
1787438585.9690018,4261.782,1,0,100,2244
1787438586.9858534,4262.798,1,0,100,2244
1787438588.00318,4263.816,1,0,100,2244
1787438589.0208206,4264.833,1,0,100,2244
1787438590.038288,4265.851,1,0,100,2244
1787438591.0555577,4266.868,1,0,100,2244
1787438592.0724235,4267.885,1,0,99,2244
1787438593.0896194,4268.902,1,0,100,2244
1787438594.106694,4269.919,1,0,100,2244
1787438595.124293,4270.937,1,0,100,2244
1787438596.1411793,4271.954,1,0,100,2244
1787438597.1582677,4272.971,1,0,100,2244
1787438598.1748886,4273.988,1,0,100,2244
1787438599.193013,4275.006,1,0,100,2244
1787438600.2105634,4276.023,1,0,100,2244
1787438601.2285273,4277.041,1,0,100,2244
1787438602.2461166,4278.059,1,0,99,2244
1787438603.2629516,4279.076,1,0,100,2244
1787438604.280203,4280.093,1,0,100,2244
1787438605.297232,4281.11,1,0,100,2244
1787438606.3143432,4282.127,1,0,100,2244
1787438607.3315947,4283.144,1,0,100,2244
1787438608.3488593,4284.162,1,0,100,2244
1787438609.3659222,4285.179,1,0,100,2244
1787438610.3839488,4286.197,1,0,100,2244
1787438611.4006186,4287.213,1,0,100,2244
1787438612.4176645,4288.23,1,0,99,2244
1787438613.4352405,4289.248,1,0,100,2244
1787438614.452555,4290.265,1,0,100,2244
1787438615.469353,4291.282,1,0,100,2244
1787438616.4873745,4292.3,1,0,100,2244
1787438617.5042565,4293.317,1,0,100,2244
1787438618.5222204,4294.335,1,0,100,2244
1787438619.5391955,4295.352,1,0,100,2244
1787438620.556016,4296.369,1,0,99,2244
1787438621.572895,4297.386,1,0,100,2244
1787438622.58949,4298.402,1,0,100,2244
1787438623.6079323,4299.421,1,0,100,2244
1787438624.625002,4300.438,1,0,100,2244
1787438625.6423144,4301.455,1,0,100,2244
1787438626.659852,4302.472,1,0,100,2244
1787438627.677105,4303.49,1,0,100,2244
1787438628.6944532,4304.507,1,0,100,2244
1787438629.712414,4305.525,1,0,100,2244
1787438630.729318,4306.542,1,0,99,2244
1787438631.7463238,4307.559,1,0,100,2244
1787438632.7635458,4308.576,1,0,100,2244
1787438633.7807636,4309.593,1,0,100,2244
1787438634.7972639,4310.61,1,0,100,2244
1787438635.8139334,4311.627,1,0,100,2244
1787438636.8310678,4312.644,1,0,100,2244
1787438637.8482013,4313.661,1,0,100,2244
1787438638.864873,4314.678,1,0,100,2244
1787438639.883092,4315.696,1,0,100,2244
1787438640.900025,4316.713,1,0,99,2244
1787438641.9169817,4317.73,1,0,100,2244
1787438642.9338305,4318.746,1,0,100,2244
1787438643.9511228,4319.764,1,0,100,2244
1787438644.9680212,4320.781,1,0,100,2244
1787438645.9852695,4321.798,1,0,100,2244
1787438647.00208,4322.815,1,0,100,2244
1787438648.0200212,4323.833,1,0,100,2244
1787438649.0373535,4324.85,1,0,100,2244
1787438650.055055,4325.868,1,0,100,2244
1787438651.0722373,4326.885,1,0,99,2244
1787438652.090418,4327.903,1,0,100,2244
1787438653.1075172,4328.92,1,0,100,2244
1787438654.1251538,4329.938,1,0,100,2244
1787438655.1425254,4330.955,1,0,100,2244
1787438656.1597483,4331.972,1,0,100,2244
1787438657.1771543,4332.99,1,0,100,2244
1787438658.1944976,4334.007,1,0,100,2244
1787438659.2130287,4335.026,1,0,100,2244
1787438660.2300951,4336.043,1,0,99,2244
1787438661.247389,4337.06,1,0,100,2244
1787438662.265188,4338.078,1,0,100,2244
1787438663.2824411,4339.095,1,0,100,2244
1787438664.29929,4340.112,1,0,100,2244
1787438665.316574,4341.129,1,0,100,2244
1787438666.3341694,4342.147,1,0,100,2244
1787438667.3517103,4343.164,1,0,100,2244
1787438668.3687303,4344.181,1,0,100,2244
1787438669.385494,4345.198,1,0,100,2244
1787438670.4027498,4346.215,1,0,99,2244
1787438671.4201615,4347.233,1,0,100,2244
1787438672.4371822,4348.25,1,0,100,2244
1787438673.454425,4349.267,1,0,100,2244
1787438674.472189,4350.285,1,0,100,2244
1787438675.4894595,4351.302,1,0,100,2244
1787438676.5064828,4352.319,1,0,100,2244
1787438677.5245965,4353.337,1,0,100,2244
1787438678.5424836,4354.355,1,0,100,2244
1787438679.5602036,4355.373,1,0,100,2244
1787438680.5772724,4356.39,1,0,99,2244
1787438681.5942569,4357.407,1,0,100,2244
1787438682.6116638,4358.424,1,0,100,2244
1787438683.6291134,4359.442,1,0,100,2244
1787438684.6463578,4360.459,1,0,100,2244
1787438685.6637416,4361.476,1,0,100,2244
1787438686.6826177,4362.495,1,0,100,2244
1787438687.6999173,4363.513,1,0,100,2244
1787438688.717797,4364.53,1,0,100,2244
1787438689.7348905,4365.548,1,0,99,2244
1787438690.7520804,4366.565,1,0,100,2244
1787438691.7694404,4367.582,1,0,100,2244
1787438692.7867618,4368.599,1,0,100,2244
1787438693.8033223,4369.616,1,0,100,2244
1787438694.8205228,4370.633,1,0,100,2244
1787438695.8374734,4371.65,1,0,100,2244
1787438696.8578033,4372.67,1,0,99,2244
1787438697.8752108,4373.688,1,0,100,2244
1787438698.8916397,4374.704,1,0,99,2244
1787438699.908439,4375.721,1,0,100,2244
1787438700.924919,4376.738,1,0,100,2244
1787438701.9415886,4377.754,1,0,100,2244
1787438702.9587486,4378.771,1,0,100,2244
1787438703.9763482,4379.789,1,0,100,2244
1787438704.9934525,4380.806,1,0,100,2244
1787438706.0110877,4381.824,1,0,100,2244
1787438707.028112,4382.841,1,0,100,2244
1787438708.0469232,4383.86,1,0,100,2244
1787438709.0640688,4384.877,1,0,99,2244
1787438710.081394,4385.894,1,0,100,2244
1787438711.098503,4386.911,1,0,100,2244
1787438712.115516,4387.928,1,0,100,2244
1787438713.1320136,4388.945,1,0,100,2244
1787438714.1490655,4389.962,1,0,100,2244
1787438715.1660187,4390.979,1,0,100,2244
1787438716.1840358,4391.997,1,0,100,2244
1787438717.2004426,4393.013,1,0,100,2244
1787438718.2173097,4394.03,1,0,100,2244
1787438719.234339,4395.047,1,0,99,2244
1787438720.2514453,4396.064,1,0,100,2244
1787438721.2686324,4397.081,1,0,100,2244
1787438722.285613,4398.098,1,0,100,2244
1787438723.3024578,4399.115,1,0,100,2244
1787438724.3194654,4400.132,1,0,100,2244
1787438725.3369823,4401.15,1,0,100,2244
1787438726.354526,4402.167,1,0,100,2244
1787438727.372444,4403.185,1,0,100,2244
1787438728.3891845,4404.202,1,0,100,2244
1787438729.406308,4405.219,1,0,99,2244
1787438730.4231434,4406.236,1,0,100,2244
1787438731.4405124,4407.253,1,0,100,2244
1787438732.457958,4408.271,1,0,100,2244
1787438733.4743934,4409.287,1,0,100,2244
1787438734.4910588,4410.304,1,0,100,2244
1787438735.508697,4411.321,1,0,100,2244
1787438736.5256064,4412.338,1,0,100,2244
1787438737.54395,4413.357,1,0,100,2244
1787438738.5610518,4414.374,1,0,99,2244
1787438739.578092,4415.391,1,0,100,2244
1787438740.5953453,4416.408,1,0,100,2244
1787438741.6123233,4417.425,1,0,100,2244
1787438742.6295016,4418.442,1,0,100,2244
1787438743.647421,4419.46,1,0,100,2244
1787438744.664965,4420.478,1,0,100,2244
1787438745.6826396,4421.495,1,0,100,2244
1787438746.6992795,4422.512,1,0,100,2244
1787438747.71636,4423.529,1,0,100,2244
1787438748.7329292,4424.546,1,0,99,2244
1787438749.7500706,4425.563,1,0,100,2244
1787438750.7670486,4426.58,1,0,100,2244
1787438751.7839131,4427.597,1,0,100,2244
1787438752.80065,4428.613,1,0,100,2244
1787438753.8173876,4429.63,1,0,100,2244
1787438754.834296,4430.647,1,0,100,2244
1787438755.852038,4431.665,1,0,100,2244
1787438756.8719451,4432.685,1,0,100,2244
1787438757.8889728,4433.702,1,0,100,2244
1787438758.9059913,4434.719,1,0,99,2244
1787438759.9231586,4435.736,1,0,100,2244
1787438760.940588,4436.753,1,0,100,2244
1787438761.9577062,4437.77,1,0,100,2244
1787438762.9749198,4438.788,1,0,100,2244
1787438763.992047,4439.805,1,0,100,2244
1787438765.009372,4440.822,1,0,100,2244
1787438766.026825,4441.839,1,0,100,2244
1787438767.0439894,4442.857,1,0,100,2244
1787438768.0611112,4443.874,1,0,100,2244
1787438769.0779915,4444.891,1,0,100,2244
1787438770.0946615,4445.907,1,0,100,2244
1787438771.111841,4446.924,1,0,100,2244
1787438772.128458,4447.941,1,0,100,2244
1787438773.1453726,4448.958,1,0,100,2244
1787438774.1625552,4449.975,1,0,100,2244
1787438775.1799803,4450.993,1,0,100,2244
1787438776.1972623,4452.01,1,0,100,2244
1787438777.2147021,4453.027,1,0,100,2244
1787438778.2319984,4454.045,1,0,100,2244
1787438779.2491648,4455.062,1,0,100,2244
1787438780.2664227,4456.079,1,0,100,2244
1787438781.2833211,4457.096,1,0,100,2244
1787438782.3000193,4458.113,1,0,100,2244
1787438783.3166165,4459.129,1,0,100,2244
1787438784.3357804,4460.148,1,0,100,2244
1787438785.35282,4461.165,1,0,100,2244
1787438786.369571,4462.182,1,0,100,2244
1787438787.3857143,4463.198,1,0,100,2244
1787438788.4021776,4464.215,1,0,100,2244
1787438789.4208887,4465.234,1,0,100,2244
1787438790.4378343,4466.25,1,0,100,2244
1787438791.4550164,4467.268,1,0,100,2244
1787438792.472001,4468.285,1,0,100,2244
1787438793.4886224,4469.301,1,0,100,2244
1787438794.5061636,4470.319,1,0,100,2244
1787438795.523404,4471.336,1,0,100,2244
1787438796.5405364,4472.353,1,0,100,2244
1787438797.5576952,4473.37,1,0,100,2244
1787438798.5750906,4474.388,1,0,100,2244
1787438799.594272,4475.407,1,0,100,2244
