timestamp,elapsed_s,rank,gpu_index,utilization_gpu_pct,memory_used_mib
1787434324.1720665,0.032,0,0,100,1636
1787434325.2036483,1.064,0,0,100,1636
1787434326.2397258,2.1,0,0,100,1636
1787434327.2695198,3.13,0,0,100,1636
1787434328.2987492,4.159,0,0,100,1636
1787434329.3295155,5.19,0,0,100,1636
1787434330.3598204,6.22,0,0,100,1636
1787434331.394636,7.255,0,0,83,1636
1787434332.4287302,8.289,0,0,0,1636
1787434333.462062,9.322,0,0,0,1652
1787434334.497898,10.358,0,0,14,1988
1787434335.5393932,11.4,0,0,96,2002
1787434336.5704308,12.431,0,0,99,2024
1787434337.6011903,13.462,0,0,98,2024
1787434338.628487,14.489,0,0,99,2024
1787434339.6584506,15.519,0,0,100,2024
1787434340.6845396,16.545,0,0,100,2024
1787434341.7162225,17.577,0,0,99,2024
1787434342.7469635,18.607,0,0,100,2024
1787434343.775563,19.636,0,0,96,2024
1787434344.8094182,20.67,0,0,100,2024
1787434345.840289,21.701,0,0,100,2024
1787434346.8715043,22.732,0,0,100,2026
1787434347.9020207,23.762,0,0,100,2026
1787434348.934265,24.795,0,0,100,2026
1787434349.9642923,25.825,0,0,100,2026
1787434350.9924135,26.853,0,0,100,2026
1787434352.0219395,27.882,0,0,99,2026
1787434353.0511243,28.912,0,0,100,2026
1787434354.081359,29.942,0,0,85,2060
1787434355.1130478,30.973,0,0,100,2062
1787434356.1425915,32.003,0,0,100,2080
1787434357.168986,33.029,0,0,100,2092
1787434358.1976876,34.058,0,0,100,2092
1787434359.2268107,35.087,0,0,100,2092
1787434360.2592347,36.12,0,0,100,2092
1787434361.2887857,37.149,0,0,100,2092
1787434362.3147423,38.175,0,0,99,2092
1787434363.3506916,39.211,0,0,100,2092
1787434364.3822021,40.243,0,0,98,2092
1787434365.4100406,41.27,0,0,100,2092
1787434366.4386148,42.299,0,0,100,2092
1787434367.469668,43.33,0,0,100,2092
1787434368.4963264,44.357,0,0,100,2092
1787434369.5264788,45.387,0,0,96,2094
1787434370.5578117,46.418,0,0,100,2094
1787434371.585169,47.446,0,0,100,2094
1787434372.6191144,48.48,0,0,100,2094
1787434373.6477823,49.508,0,0,100,2094
1787434374.676509,50.537,0,0,99,2094
1787434375.7032547,51.564,0,0,100,2094
1787434376.7322936,52.593,0,0,100,2094
1787434377.76153,53.622,0,0,100,2094
1787434378.789511,54.65,0,0,100,2094
1787434379.817009,55.677,0,0,100,2094
1787434380.8440514,56.704,0,0,100,2094
1787434381.8745298,57.735,0,0,100,2094
1787434382.907189,58.768,0,0,100,2094
1787434383.941619,59.802,0,0,99,2094
1787434384.9703357,60.831,0,0,100,2094
1787434386.0001137,61.861,0,0,100,2094
1787434387.0299525,62.89,0,0,100,2094
1787434388.057524,63.918,0,0,100,2094
1787434389.086395,64.947,0,0,100,2094
1787434390.1159143,65.976,0,0,100,2094
1787434391.1490345,67.009,0,0,100,2094
1787434392.1753843,68.036,0,0,100,2094
1787434393.2077951,69.068,0,0,100,2094
1787434394.2371213,70.098,0,0,98,2094
1787434395.270285,71.131,0,0,100,2094
1787434396.3075469,72.168,0,0,83,2094
1787434397.3405597,73.201,0,0,100,2094
1787434398.3721,74.232,0,0,100,2094
1787434399.3985164,75.259,0,0,100,2094
1787434400.4245934,76.285,0,0,100,2094
1787434401.4542654,77.315,0,0,100,2094
1787434402.485156,78.346,0,0,100,2094
1787434403.516668,79.377,0,0,99,2094
1787434404.5479977,80.408,0,0,100,2094
1787434405.580697,81.441,0,0,100,2094
1787434406.6082387,82.469,0,0,99,2094
1787434407.639319,83.5,0,0,100,2094
1787434408.6660876,84.526,0,0,100,2094
1787434409.6929429,85.553,0,0,100,2094
1787434410.7207508,86.581,0,0,100,2094
1787434411.7468753,87.607,0,0,99,2094
1787434412.7753687,88.636,0,0,100,2094
1787434413.808818,89.669,0,0,99,2094
1787434414.8430681,90.703,0,0,100,2094
1787434415.874395,91.735,0,0,100,2094
1787434416.9073853,92.768,0,0,100,2094
1787434417.9407904,93.801,0,0,100,2094
1787434418.9688244,94.829,0,0,100,2094
1787434419.9985454,95.859,0,0,100,2094
1787434421.0292041,96.89,0,0,99,2094
1787434422.0618575,97.922,0,0,100,2094
1787434423.0898085,98.95,0,0,99,2094
1787434424.1182117,99.979,0,0,100,2094
1787434425.1479092,101.008,0,0,99,2094
1787434426.1770995,102.037,0,0,100,2094
1787434427.2074738,103.068,0,0,100,2094
1787434428.2360828,104.096,0,0,100,2094
1787434429.2690926,105.129,0,0,100,2094
1787434430.299054,106.159,0,0,100,2094
1787434431.3288014,107.189,0,0,100,2094
1787434432.3572085,108.218,0,0,100,2094
1787434433.389756,109.25,0,0,99,2094
1787434434.4164355,110.277,0,0,100,2094
1787434435.4454892,111.306,0,0,99,2094
1787434436.4718025,112.332,0,0,100,2094
1787434437.5017188,113.362,0,0,100,2094
1787434438.5305545,114.391,0,0,99,2094
1787434439.5599816,115.42,0,0,100,2094
1787434440.59107,116.451,0,0,99,2094
1787434441.621842,117.482,0,0,100,2094
1787434442.6538289,118.514,0,0,100,2094
1787434443.685698,119.546,0,0,99,2094
1787434444.7152586,120.576,0,0,100,2094
1787434445.7432332,121.604,0,0,100,2094
1787434446.7699814,122.63,0,0,100,2094
1787434447.7958012,123.656,0,0,100,2094
1787434448.8276396,124.688,0,0,100,2094
1787434449.8644412,125.725,0,0,100,2094
1787434450.8942099,126.755,0,0,100,2094
1787434451.9257941,127.786,0,0,100,2094
1787434452.9600766,128.82,0,0,97,2094
1787434453.9949222,129.855,0,0,100,2094
1787434455.0272448,130.888,0,0,100,2094
1787434456.0556498,131.916,0,0,100,2094
1787434457.0842354,132.945,0,0,100,2094
1787434458.1108773,133.971,0,0,100,2094
1787434459.139459,135.0,0,0,100,2094
1787434460.1709604,136.031,0,0,99,2094
1787434461.198221,137.059,0,0,100,2094
1787434462.2298725,138.09,0,0,99,2094
1787434463.2583241,139.119,0,0,100,2094
1787434464.2868109,140.147,0,0,100,2094
1787434465.3144782,141.175,0,0,100,2094
1787434466.3424346,142.203,0,0,100,2094
1787434467.3685515,143.229,0,0,100,2094
1787434468.3966637,144.257,0,0,100,2094
1787434469.4249914,145.285,0,0,99,2094
1787434470.4528024,146.313,0,0,100,2094
1787434471.4810977,147.341,0,0,100,2094
1787434472.5098162,148.37,0,0,99,2094
1787434473.5397341,149.4,0,0,100,2094
1787434474.5691383,150.43,0,0,100,2094
1787434475.5956469,151.456,0,0,100,2094
1787434476.6233444,152.484,0,0,100,2094
1787434477.6526365,153.513,0,0,100,2094
1787434478.683172,154.544,0,0,100,2094
1787434479.711428,155.572,0,0,100,2094
1787434480.7382598,156.599,0,0,100,2094
1787434481.7710125,157.631,0,0,100,2094
1787434482.7990782,158.659,0,0,99,2094
1787434483.8302011,159.691,0,0,100,2094
1787434484.8602781,160.721,0,0,100,2094
1787434485.890749,161.751,0,0,100,2094
1787434486.9173346,162.778,0,0,100,2094
1787434487.9453912,163.806,0,0,100,2094
1787434488.9754713,164.836,0,0,100,2094
1787434490.0096877,165.87,0,0,100,2094
1787434491.0400527,166.9,0,0,100,2094
1787434492.0677712,167.928,0,0,100,2094
1787434493.0972514,168.958,0,0,99,2094
1787434494.1240935,169.984,0,0,100,2094
1787434495.1503332,171.011,0,0,100,2094
1787434496.181984,172.042,0,0,100,2094
1787434497.212518,173.073,0,0,100,2094
1787434498.2425218,174.103,0,0,100,2094
1787434499.2708185,175.131,0,0,99,2094
1787434500.2978334,176.158,0,0,100,2094
1787434501.3274841,177.188,0,0,99,2094
1787434502.3570628,178.217,0,0,100,2094
1787434503.3848593,179.245,0,0,100,2094
1787434504.4139843,180.274,0,0,100,2094
1787434505.4465194,181.307,0,0,100,2094
1787434506.4757788,182.336,0,0,100,2094
1787434507.5061922,183.367,0,0,100,2094
1787434508.536341,184.397,0,0,100,2094
1787434509.5656433,185.426,0,0,100,2094
1787434510.5948293,186.455,0,0,100,2094
1787434511.6250644,187.485,0,0,99,2094
1787434512.6522481,188.513,0,0,100,2094
1787434513.6813602,189.542,0,0,100,2094
1787434514.7087085,190.569,0,0,100,2094
1787434515.7377682,191.598,0,0,100,2094
1787434516.770869,192.631,0,0,100,2094
1787434517.801739,193.662,0,0,100,2094
1787434518.8294847,194.69,0,0,100,2094
1787434519.8596554,195.72,0,0,100,2094
1787434520.8893862,196.75,0,0,100,2094
1787434521.9194288,197.78,0,0,99,2094
1787434522.9494715,198.81,0,0,100,2094
1787434523.976781,199.837,0,0,100,2094
1787434525.0062366,200.867,0,0,100,2094
1787434526.0358403,201.896,0,0,100,2094
1787434527.0636609,202.924,0,0,100,2094
1787434528.0895674,203.95,0,0,100,2094
1787434529.117396,204.978,0,0,100,2094
1787434530.147275,206.008,0,0,100,2094
1787434531.1746879,207.035,0,0,100,2094
1787434532.2020693,208.062,0,0,99,2094
1787434533.230404,209.091,0,0,100,2094
1787434534.2564592,210.117,0,0,100,2094
1787434535.2856014,211.146,0,0,100,2094
1787434536.3180838,212.178,0,0,100,2094
1787434537.346075,213.206,0,0,100,2094
1787434538.3729281,214.233,0,0,100,2094
1787434539.3998795,215.26,0,0,100,2094
1787434540.570838,216.431,0,0,100,2094
1787434541.5988178,217.459,0,0,94,2094
1787434542.6286433,218.489,0,0,100,2094
1787434543.661792,219.522,0,0,100,2094
1787434544.6918488,220.552,0,0,100,2094
1787434545.722014,221.582,0,0,100,2094
1787434546.7506363,222.611,0,0,100,2094
1787434547.7772024,223.638,0,0,100,2094
1787434548.808592,224.669,0,0,100,2094
1787434549.8378236,225.698,0,0,100,2094
1787434550.8673186,226.728,0,0,99,2094
1787434551.8945653,227.755,0,0,100,2094
1787434552.921003,228.781,0,0,100,2094
1787434553.9474325,229.808,0,0,100,2094
1787434554.9778075,230.838,0,0,100,2094
1787434556.005804,231.866,0,0,100,2094
1787434557.0330896,232.893,0,0,100,2094
1787434558.063438,233.924,0,0,100,2094
1787434559.0925834,234.953,0,0,100,2094
1787434560.12162,235.982,0,0,100,2094
1787434561.154002,237.014,0,0,99,2094
1787434562.1808522,238.041,0,0,100,2094
1787434563.2070386,239.067,0,0,100,2094
1787434564.2331667,240.094,0,0,100,2094
1787434565.2600598,241.12,0,0,100,2094
1787434566.2898145,242.15,0,0,100,2094
1787434567.31648,243.177,0,0,100,2094
1787434568.3438385,244.204,0,0,100,2094
1787434569.3735502,245.234,0,0,100,2094
1787434570.4020035,246.262,0,0,100,2094
1787434571.4331334,247.294,0,0,99,2094
1787434572.4659019,248.326,0,0,100,2094
1787434573.495632,249.356,0,0,100,2094
1787434574.5261652,250.387,0,0,100,2094
1787434575.5580761,251.418,0,0,100,2094
1787434576.5870366,252.447,0,0,100,2094
1787434577.6204503,253.481,0,0,99,2094
1787434578.6509168,254.511,0,0,100,2094
1787434579.6806965,255.541,0,0,100,2094
1787434580.7087033,256.569,0,0,99,2094
1787434581.737868,257.598,0,0,100,2094
1787434582.764042,258.624,0,0,99,2094
1787434583.7900534,259.65,0,0,100,2094
1787434584.8201325,260.681,0,0,100,2094
1787434585.8504848,261.711,0,0,100,2094
1787434586.8801188,262.741,0,0,100,2094
1787434587.913224,263.774,0,0,100,2094
1787434588.9444656,264.805,0,0,100,2094
1787434589.9774203,265.838,0,0,99,2094
1787434591.0066957,266.867,0,0,100,2094
1787434592.0365448,267.897,0,0,100,2094
1787434593.064689,268.925,0,0,100,2094
1787434594.0938764,269.954,0,0,100,2094
1787434595.122573,270.983,0,0,100,2094
1787434596.1549804,272.015,0,0,100,2094
1787434597.1870177,273.047,0,0,100,2094
1787434598.2133036,274.074,0,0,99,2094
1787434599.2445483,275.105,0,0,100,2094
1787434600.2751567,276.136,0,0,99,2094
1787434601.309875,277.17,0,0,100,2094
1787434602.335708,278.196,0,0,100,2094
1787434603.3627987,279.223,0,0,100,2094
1787434604.3893025,280.25,0,0,100,2094
1787434605.4181724,281.279,0,0,100,2094
1787434606.4510024,282.311,0,0,100,2094
1787434607.482903,283.343,0,0,100,2094
1787434608.5134664,284.374,0,0,100,2094
1787434609.6007667,285.461,0,0,99,2094
1787434610.627875,286.488,0,0,100,2094
1787434611.653486,287.514,0,0,100,2094
1787434612.6811917,288.542,0,0,100,2094
1787434613.711566,289.572,0,0,100,2094
1787434614.7381124,290.599,0,0,100,2094
1787434615.7689538,291.629,0,0,100,2094
1787434616.7949831,292.655,0,0,100,2094
1787434617.8209002,293.681,0,0,100,2094
1787434618.8550677,294.715,0,0,100,2094
1787434619.8875911,295.748,0,0,99,2094
1787434620.9154844,296.776,0,0,100,2094
1787434621.9436684,297.804,0,0,100,2094
1787434622.9710844,298.831,0,0,100,2094
1787434624.0023994,299.863,0,0,100,2094
1787434625.0312865,300.892,0,0,100,2094
1787434626.0644429,301.925,0,0,100,2094
1787434627.0924368,302.953,0,0,100,2094
1787434628.1222332,303.983,0,0,100,2094
1787434629.15229,305.013,0,0,100,2094
1787434630.1812081,306.042,0,0,99,2094
1787434631.213803,307.074,0,0,100,2094
1787434632.2424302,308.103,0,0,100,2094
1787434633.2725477,309.133,0,0,100,2094
1787434634.2988052,310.159,0,0,100,2094
1787434635.3259993,311.186,0,0,100,2094
1787434636.3524995,312.213,0,0,100,2094
1787434637.3818455,313.242,0,0,100,2094
1787434638.4110534,314.271,0,0,100,2094
1787434639.4450886,315.305,0,0,99,2094
1787434640.4742522,316.335,0,0,100,2094
1787434641.5037427,317.364,0,0,100,2094
1787434642.5313842,318.392,0,0,100,2094
1787434643.5635233,319.424,0,0,100,2094
1787434644.5934792,320.454,0,0,100,2094
1787434645.6198096,321.48,0,0,100,2094
1787434646.6494143,322.51,0,0,100,2094
1787434647.6796083,323.54,0,0,99,2094
1787434648.7104757,324.571,0,0,100,2094
1787434649.7384558,325.599,0,0,100,2094
1787434650.7740862,326.634,0,0,100,2094
1787434651.8026052,327.663,0,0,100,2094
1787434652.832774,328.693,0,0,100,2094
1787434653.859217,329.72,0,0,100,2094
1787434654.8865502,330.747,0,0,100,2094
1787434655.9189737,331.779,0,0,100,2094
1787434656.9508348,332.811,0,0,100,2094
1787434657.9837434,333.844,0,0,100,2094
1787434659.013246,334.874,0,0,99,2094
1787434660.0451374,335.906,0,0,100,2094
1787434661.0769062,336.937,0,0,100,2094
1787434662.1069002,337.967,0,0,100,2094
1787434663.1367705,338.997,0,0,100,2094
1787434664.1648161,340.025,0,0,100,2094
1787434665.1924257,341.053,0,0,100,2094
1787434666.2259007,342.086,0,0,100,2094
1787434667.253928,343.114,0,0,100,2094
1787434668.2847028,344.145,0,0,100,2094
1787434669.3195648,345.18,0,0,99,2094
1787434670.3517494,346.212,0,0,100,2094
1787434671.380841,347.241,0,0,100,2094
1787434672.414317,348.275,0,0,100,2094
1787434673.4470174,349.307,0,0,100,2094
1787434674.4809017,350.341,0,0,100,2094
1787434675.5098693,351.37,0,0,100,2094
1787434676.5388367,352.399,0,0,100,2094
1787434677.5734768,353.434,0,0,100,2094
1787434678.6067147,354.467,0,0,100,2094
1787434679.6341326,355.495,0,0,98,2094
1787434680.663718,356.524,0,0,100,2094
1787434681.6933572,357.554,0,0,99,2094
1787434682.7210813,358.581,0,0,100,2094
1787434683.7501094,359.611,0,0,100,2094
1787434684.7806656,360.641,0,0,100,2094
1787434685.808941,361.669,0,0,100,2094
1787434686.8353791,362.696,0,0,99,2094
1787434687.8638594,363.724,0,0,98,2094
1787434688.8932729,364.754,0,0,100,2094
1787434689.921805,365.782,0,0,100,2094
1787434690.9526467,366.813,0,0,99,2094
1787434691.9818652,367.842,0,0,100,2094
1787434693.0130246,368.873,0,0,100,2094
1787434694.0391412,369.9,0,0,100,2094
1787434695.0704744,370.931,0,0,100,2094
1787434696.1008115,371.961,0,0,99,2094
1787434697.128884,372.989,0,0,100,2094
1787434698.1563625,374.017,0,0,99,2094
1787434699.1911728,375.052,0,0,100,2094
1787434700.2233307,376.084,0,0,100,2094
1787434701.2502818,377.111,0,0,100,2094
1787434702.2799985,378.14,0,0,100,2094
1787434703.3090086,379.169,0,0,100,2094
1787434704.3415375,380.202,0,0,100,2094
1787434705.3722923,381.233,0,0,100,2094
1787434706.402496,382.263,0,0,100,2094
1787434707.4371076,383.298,0,0,100,2094
1787434708.469066,384.329,0,0,99,2094
1787434709.4973907,385.358,0,0,100,2094
1787434710.5269217,386.387,0,0,100,2094
1787434711.5543945,387.415,0,0,100,2094
1787434712.5815248,388.442,0,0,100,2094
1787434713.6138132,389.474,0,0,100,2094
1787434714.646,390.506,0,0,100,2094
1787434715.6790824,391.539,0,0,100,2094
1787434716.7066245,392.567,0,0,100,2094
1787434717.7422347,393.603,0,0,100,2094
1787434718.7762406,394.637,0,0,99,2094
1787434719.8049154,395.665,0,0,100,2094
1787434720.8373983,396.698,0,0,100,2094
1787434721.8687823,397.729,0,0,100,2094
1787434722.9025717,398.763,0,0,100,2094
1787434723.9335053,399.794,0,0,100,2094
1787434724.9663165,400.827,0,0,100,2094
1787434725.9944744,401.855,0,0,100,2094
1787434727.0268145,402.887,0,0,99,2094
1787434728.053243,403.914,0,0,100,2094
1787434729.0817063,404.942,0,0,100,2094
1787434730.109587,405.97,0,0,100,2094
1787434731.1360788,406.996,0,0,100,2094
1787434732.1644096,408.025,0,0,100,2094
1787434733.1940958,409.054,0,0,100,2094
1787434734.2216167,410.082,0,0,100,2094
1787434735.2505777,411.111,0,0,99,2094
1787434736.2787473,412.139,0,0,100,2094
1787434737.309198,413.17,0,0,98,2094
1787434738.3427632,414.203,0,0,100,2094
1787434739.3734026,415.234,0,0,100,2094
1787434740.403181,416.264,0,0,100,2094
1787434741.431193,417.292,0,0,100,2094
1787434742.4608164,418.321,0,0,100,2094
1787434743.4942427,419.355,0,0,100,2094
1787434744.5214543,420.382,0,0,100,2094
1787434745.5486565,421.409,0,0,100,2094
1787434746.5789769,422.439,0,0,100,2094
1787434747.6118178,423.472,0,0,100,2094
1787434748.6387088,424.499,0,0,100,2094
1787434749.6684256,425.529,0,0,100,2094
1787434750.6958997,426.556,0,0,100,2094
1787434751.7259572,427.586,0,0,100,2094
1787434752.7527177,428.613,0,0,100,2094
1787434753.7781723,429.639,0,0,100,2094
1787434754.8057864,430.666,0,0,100,2094
1787434755.8376062,431.698,0,0,100,2094
1787434756.8680627,432.728,0,0,100,2094
1787434757.894721,433.755,0,0,100,2094
1787434758.9224913,434.783,0,0,100,2094
1787434759.9490247,435.809,0,0,100,2094
1787434760.9749053,436.835,0,0,100,2094
1787434762.0136406,437.874,0,0,100,2094
1787434763.042664,438.903,0,0,100,2094
1787434764.0759783,439.936,0,0,100,2094
1787434765.105009,440.965,0,0,100,2094
1787434766.132469,441.993,0,0,100,2094
1787434767.1629229,443.023,0,0,100,2094
1787434768.1962373,444.057,0,0,100,2094
1787434769.226534,445.087,0,0,100,2094
1787434770.2538908,446.114,0,0,100,2094
1787434771.2815163,447.142,0,0,100,2094
1787434772.3089569,448.169,0,0,100,2094
1787434773.3370893,449.197,0,0,100,2094
1787434774.365669,450.226,0,0,100,2094
1787434775.3934321,451.254,0,0,100,2094
1787434776.4230397,452.283,0,0,100,2094
1787434777.4499016,453.31,0,0,100,2094
1787434778.4821115,454.343,0,0,100,2094
1787434779.5089443,455.369,0,0,100,2094
1787434780.5398018,456.4,0,0,98,2094
1787434781.5686042,457.429,0,0,100,2094
1787434782.5977244,458.458,0,0,100,2094
1787434783.629884,459.49,0,0,100,2094
1787434784.6606774,460.521,0,0,100,2094
1787434785.6905684,461.551,0,0,100,2094
1787434786.719559,462.58,0,0,100,2094
1787434787.7512372,463.612,0,0,100,2094
1787434788.7844255,464.645,0,0,100,2094
1787434789.8148243,465.675,0,0,99,2094
1787434790.842232,466.703,0,0,100,2094
1787434791.8730943,467.733,0,0,100,2094
1787434792.902924,468.763,0,0,100,2094
1787434793.932682,469.793,0,0,100,2094
1787434794.9644468,470.825,0,0,100,2094
1787434795.9917517,471.852,0,0,100,2094
1787434797.0191953,472.88,0,0,100,2094
1787434798.0468256,473.907,0,0,99,2094
1787434799.0759606,474.936,0,0,100,2094
1787434800.1043708,475.965,0,0,99,2094
1787434801.1332102,476.994,0,0,100,2094
1787434802.162059,478.022,0,0,100,2094
1787434803.195114,479.056,0,0,100,2094
1787434804.225044,480.085,0,0,100,2094
1787434805.2547233,481.115,0,0,100,2094
1787434806.2830503,482.143,0,0,100,2094
1787434807.3090067,483.169,0,0,100,2094
1787434808.3351295,484.196,0,0,100,2094
1787434809.3662827,485.227,0,0,99,2094
1787434810.3982537,486.259,0,0,100,2094
1787434811.4249647,487.285,0,0,100,2094
1787434812.451132,488.312,0,0,100,2094
1787434813.480356,489.341,0,0,100,2094
1787434814.5089798,490.369,0,0,100,2094
1787434815.5374837,491.398,0,0,100,2094
1787434816.567821,492.428,0,0,100,2094
1787434817.5943565,493.455,0,0,100,2094
1787434818.6282606,494.489,0,0,100,2094
1787434819.6603818,495.521,0,0,99,2094
1787434820.6937218,496.554,0,0,100,2094
1787434821.7199683,497.58,0,0,100,2094
1787434822.746524,498.607,0,0,100,2094
1787434823.7751958,499.636,0,0,100,2094
1787434824.8046396,500.665,0,0,100,2094
1787434825.8342695,501.695,0,0,100,2094
1787434826.8675997,502.728,0,0,100,2094
1787434827.8954496,503.756,0,0,100,2094
1787434828.9280674,504.788,0,0,100,2094
1787434829.9611235,505.822,0,0,99,2094
1787434830.9959433,506.856,0,0,100,2094
1787434832.0246553,507.885,0,0,100,2094
1787434833.0539467,508.914,0,0,100,2094
1787434834.079219,509.94,0,0,100,2094
1787434835.1085663,510.969,0,0,100,2094
1787434836.1351924,511.996,0,0,100,2094
1787434837.165343,513.026,0,0,100,2094
1787434838.1958537,514.056,0,0,100,2094
1787434839.2290294,515.089,0,0,99,2094
1787434840.2584682,516.119,0,0,100,2094
1787434841.2911134,517.152,0,0,100,2094
1787434842.3207588,518.181,0,0,100,2094
1787434843.3503754,519.211,0,0,100,2094
1787434844.3803785,520.241,0,0,100,2094
1787434845.4076467,521.268,0,0,100,2094
1787434846.4393885,522.3,0,0,99,2094
1787434847.4689043,523.329,0,0,100,2094
1787434848.498872,524.359,0,0,99,2094
1787434849.531227,525.392,0,0,100,2094
1787434850.562977,526.423,0,0,100,2094
1787434851.5945485,527.455,0,0,100,2094
1787434852.6230612,528.483,0,0,100,2094
1787434853.6504815,529.511,0,0,100,2094
1787434854.6806645,530.541,0,0,100,2094
1787434855.712391,531.573,0,0,100,2094
1787434856.7427337,532.603,0,0,99,2094
1787434857.7762542,533.637,0,0,100,2094
1787434858.8067584,534.667,0,0,99,2094
1787434859.8332336,535.694,0,0,100,2094
1787434860.8627975,536.723,0,0,100,2094
1787434861.8892975,537.75,0,0,100,2094
1787434862.917976,538.778,0,0,100,2094
1787434863.9457278,539.806,0,0,100,2094
1787434864.9756193,540.836,0,0,100,2094
1787434866.0051193,541.866,0,0,100,2094
1787434867.0331361,542.894,0,0,100,2094
1787434868.0655813,543.926,0,0,100,2094
1787434869.0947206,544.955,0,0,99,2094
1787434870.1259515,545.986,0,0,100,2094
1787434871.153993,547.014,0,0,99,2094
1787434872.1819727,548.042,0,0,100,2094
1787434873.2117484,549.072,0,0,100,2094
1787434874.23887,550.099,0,0,100,2094
1787434875.267838,551.128,0,0,100,2094
1787434876.297584,552.158,0,0,100,2094
1787434877.3320172,553.192,0,0,100,2094
1787434878.3589892,554.219,0,0,100,2094
1787434879.3909643,555.251,0,0,99,2094
1787434880.421096,556.281,0,0,100,2094
1787434881.4505758,557.311,0,0,100,2094
1787434882.4801323,558.341,0,0,100,2094
1787434883.5096586,559.37,0,0,100,2094
1787434884.5391405,560.4,0,0,100,2094
1787434885.5674691,561.428,0,0,100,2094
1787434886.5941536,562.455,0,0,100,2094
1787434887.6300998,563.49,0,0,99,2094
1787434888.6588404,564.519,0,0,100,2094
1787434889.690363,565.551,0,0,100,2094
1787434890.7168567,566.577,0,0,100,2094
1787434891.7455726,567.606,0,0,100,2094
1787434892.7755594,568.636,0,0,100,2094
1787434893.8092232,569.67,0,0,100,2094
1787434894.839718,570.7,0,0,100,2094
1787434895.87324,571.734,0,0,99,2094
1787434896.9031627,572.764,0,0,100,2094
1787434897.932175,573.793,0,0,99,2094
1787434898.964501,574.825,0,0,100,2094
1787434899.994452,575.855,0,0,100,2094
1787434901.0276053,576.888,0,0,100,2094
1787434902.0592206,577.92,0,0,100,2094
1787434903.088668,578.949,0,0,100,2094
1787434904.1152213,579.976,0,0,100,2094
1787434905.1410983,581.001,0,0,100,2094
1787434906.1694293,582.03,0,0,100,2094
1787434907.1992087,583.06,0,0,100,2094
1787434908.230473,584.091,0,0,99,2094
1787434909.2585027,585.119,0,0,100,2094
1787434910.2879915,586.148,0,0,100,2094
1787434911.3147001,587.175,0,0,100,2094
1787434912.3414345,588.202,0,0,100,2094
1787434913.3704562,589.231,0,0,100,2094
1787434914.4007065,590.261,0,0,100,2094
1787434915.4339328,591.294,0,0,100,2094
1787434916.466097,592.326,0,0,100,2094
1787434917.4967093,593.357,0,0,100,2094
1787434918.5270753,594.387,0,0,99,2094
1787434919.5583007,595.419,0,0,100,2094
1787434920.5873504,596.448,0,0,100,2094
1787434921.6188188,597.479,0,0,100,2094
1787434922.6464622,598.507,0,0,100,2094
1787434923.6778104,599.538,0,0,100,2094
1787434924.707454,600.568,0,0,100,2094
1787434925.7349672,601.595,0,0,100,2094
1787434926.7647464,602.625,0,0,100,2094
1787434927.7962158,603.657,0,0,99,2094
1787434928.8307965,604.691,0,0,100,2094
1787434929.8586438,605.719,0,0,100,2094
1787434930.88663,606.747,0,0,100,2094
1787434931.9164073,607.777,0,0,100,2094
1787434932.9501827,608.811,0,0,100,2094
1787434933.9800694,609.84,0,0,100,2094
1787434935.009086,610.869,0,0,99,2094
1787434936.038468,611.899,0,0,100,2094
1787434937.069045,612.929,0,0,98,2094
1787434938.0974047,613.958,0,0,100,2094
1787434939.1265771,614.987,0,0,100,2094
1787434940.1559038,616.016,0,0,100,2094
1787434941.1820107,617.042,0,0,100,2094
1787434942.2113497,618.072,0,0,100,2094
1787434943.2393544,619.1,0,0,100,2094
1787434944.2684608,620.129,0,0,100,2094
1787434945.3022902,621.163,0,0,99,2094
1787434946.3310337,622.191,0,0,100,2094
1787434947.3578053,623.218,0,0,99,2094
1787434948.3847568,624.245,0,0,100,2094
1787434949.4109952,625.271,0,0,100,2094
1787434950.437353,626.298,0,0,100,2094
1787434951.464178,627.325,0,0,100,2094
1787434952.493801,628.354,0,0,100,2094
1787434953.521708,629.382,0,0,100,2094
1787434954.551629,630.412,0,0,100,2094
1787434955.5803618,631.441,0,0,100,2094
1787434956.611936,632.472,0,0,100,2094
1787434957.6403625,633.501,0,0,99,2094
1787434958.6687157,634.529,0,0,100,2094
1787434959.6990347,635.559,0,0,100,2094
1787434960.7277417,636.588,0,0,100,2094
1787434961.7585626,637.619,0,0,100,2094
1787434962.7846334,638.645,0,0,100,2094
1787434963.812967,639.673,0,0,100,2094
1787434964.8424938,640.703,0,0,100,2094
1787434965.8746858,641.735,0,0,100,2094
1787434966.912989,642.773,0,0,99,2094
1787434967.941186,643.802,0,0,100,2094
1787434968.9779172,644.838,0,0,100,2094
1787434970.0047076,645.865,0,0,100,2094
1787434971.0377216,646.898,0,0,100,2094
1787434972.0679123,647.928,0,0,100,2094
1787434973.0994818,648.96,0,0,100,2094
1787434974.1261098,649.987,0,0,99,2094
1787434975.1593952,651.02,0,0,100,2094
1787434976.1910326,652.051,0,0,100,2094
1787434977.221515,653.082,0,0,97,2094
1787434978.250438,654.111,0,0,100,2094
1787434979.2797875,655.14,0,0,100,2094
1787434980.3072643,656.168,0,0,100,2094
1787434981.3365517,657.197,0,0,100,2094
1787434982.3637617,658.224,0,0,100,2094
1787434983.3932827,659.254,0,0,100,2094
1787434984.421848,660.282,0,0,99,2094
1787434985.4540167,661.314,0,0,100,2094
1787434986.4840147,662.344,0,0,99,2094
1787434987.5175028,663.378,0,0,100,2094
1787434988.5480702,664.408,0,0,100,2094
1787434989.5763655,665.437,0,0,100,2094
1787434990.60687,666.467,0,0,100,2094
1787434991.6399868,667.5,0,0,100,2094
1787434992.6668448,668.527,0,0,100,2094
1787434993.6947236,669.555,0,0,100,2094
1787434994.7225108,670.583,0,0,99,2094
1787434995.7561085,671.617,0,0,100,2094
1787434996.7831507,672.644,0,0,99,2094
1787434997.8106492,673.671,0,0,100,2094
1787434998.8353794,674.696,0,0,100,2094
1787434999.8616138,675.722,0,0,100,2094
1787435000.8893378,676.75,0,0,100,2094
1787435001.9190834,677.779,0,0,100,2094
1787435002.9470792,678.807,0,0,100,2094
1787435003.9791234,679.84,0,0,100,2094
1787435005.0097904,680.87,0,0,100,2094
1787435006.041559,681.902,0,0,99,2094
1787435007.0752254,682.936,0,0,100,2094
1787435008.1032321,683.964,0,0,100,2094
1787435009.132273,684.993,0,0,100,2094
1787435010.1635206,686.024,0,0,100,2094
1787435011.1939085,687.054,0,0,100,2094
1787435012.221233,688.082,0,0,100,2094
1787435013.2539034,689.114,0,0,100,2094
1787435014.2849057,690.145,0,0,100,2094
1787435015.313379,691.174,0,0,100,2094
1787435016.3439696,692.204,0,0,99,2094
1787435017.3728411,693.233,0,0,100,2094
1787435018.399234,694.26,0,0,100,2094
1787435019.4297347,695.29,0,0,100,2094
1787435020.4572048,696.318,0,0,100,2094
1787435021.48651,697.347,0,0,100,2094
1787435022.5141757,698.375,0,0,100,2094
1787435023.5446615,699.405,0,0,100,2094
1787435024.5756083,700.436,0,0,100,2094
1787435025.6031651,701.464,0,0,100,2094
1787435026.6384532,702.499,0,0,99,2094
1787435027.6681905,703.529,0,0,100,2094
1787435028.6994746,704.56,0,0,100,2094
1787435029.728747,705.589,0,0,100,2094
1787435030.7545915,706.615,0,0,100,2094
1787435031.7824693,707.643,0,0,100,2094
1787435032.812678,708.673,0,0,100,2094
1787435033.839951,709.7,0,0,99,2094
1787435034.8696237,710.73,0,0,100,2094
1787435035.90012,711.761,0,0,99,2094
1787435036.9320831,712.792,0,0,100,2094
1787435037.962793,713.823,0,0,100,2094
1787435038.9930236,714.853,0,0,100,2094
1787435040.019601,715.88,0,0,100,2094
1787435041.047955,716.908,0,0,100,2094
1787435042.0759025,717.936,0,0,100,2094
1787435043.1046243,718.965,0,0,100,2094
1787435044.1371267,719.998,0,0,100,2094
1787435045.168888,721.029,0,0,99,2094
1787435046.197455,722.058,0,0,100,2094
1787435047.2269611,723.087,0,0,100,2094
1787435048.252391,724.113,0,0,100,2094
1787435049.2848232,725.145,0,0,100,2094
1787435050.3144639,726.175,0,0,100,2094
1787435051.3439646,727.204,0,0,100,2094
1787435052.3748732,728.235,0,0,100,2094
1787435053.4075902,729.268,0,0,100,2094
1787435054.4361959,730.297,0,0,100,2094
1787435055.468404,731.329,0,0,99,2094
1787435056.4978888,732.358,0,0,100,2094
1787435057.5239778,733.384,0,0,100,2094
1787435058.550316,734.411,0,0,100,2094
1787435059.5806217,735.441,0,0,100,2094
1787435060.6099057,736.47,0,0,100,2094
1787435061.637097,737.497,0,0,100,2094
1787435062.6655235,738.526,0,0,100,2094
1787435063.6944253,739.555,0,0,100,2094
1787435064.7263892,740.587,0,0,100,2094
1787435065.755945,741.616,0,0,99,2094
1787435066.7835078,742.644,0,0,100,2094
1787435067.813279,743.674,0,0,100,2094
1787435068.8430395,744.703,0,0,100,2094
1787435069.8704014,745.731,0,0,100,2094
1787435070.9000838,746.76,0,0,100,2094
1787435071.932648,747.793,0,0,100,2094
1787435072.9616828,748.822,0,0,100,2094
1787435073.9922225,749.853,0,0,100,2094
1787435075.026426,750.887,0,0,100,2094
1787435076.0552478,751.916,0,0,99,2094
1787435077.0830388,752.943,0,0,100,2094
1787435078.1097817,753.97,0,0,100,2094
1787435079.1389508,754.999,0,0,100,2094
1787435080.1648579,756.025,0,0,100,2094
1787435081.19137,757.052,0,0,100,2094
1787435082.2243817,758.085,0,0,100,2094
1787435083.2529385,759.113,0,0,100,2094
1787435084.28133,760.142,0,0,99,2094
1787435085.3092096,761.17,0,0,100,2094
1787435086.3404377,762.201,0,0,100,2094
1787435087.3712006,763.232,0,0,100,2094
1787435088.4057648,764.266,0,0,100,2094
1787435089.4328053,765.293,0,0,100,2094
1787435090.4653938,766.326,0,0,100,2094
1787435091.4951746,767.356,0,0,100,2094
1787435092.522556,768.383,0,0,100,2094
1787435093.556087,769.416,0,0,100,2094
1787435094.5834587,770.444,0,0,99,2094
1787435095.61374,771.474,0,0,100,2094
1787435096.6431272,772.504,0,0,100,2094
1787435097.6743395,773.535,0,0,100,2094
1787435098.703996,774.564,0,0,100,2094
1787435099.733029,775.593,0,0,100,2094
1787435100.7600138,776.62,0,0,100,2094
1787435101.7948647,777.655,0,0,100,2094
1787435102.8234773,778.684,0,0,100,2094
1787435103.8536735,779.714,0,0,100,2094
1787435104.8850715,780.745,0,0,99,2094
1787435105.9180098,781.778,0,0,100,2094
1787435106.9455547,782.806,0,0,100,2094
1787435107.9720361,783.832,0,0,100,2094
1787435108.9984996,784.859,0,0,100,2094
1787435110.0276093,785.888,0,0,100,2094
1787435111.0543926,786.915,0,0,100,2094
1787435112.0867739,787.947,0,0,100,2094
1787435113.118481,788.979,0,0,100,2094
1787435114.1457427,790.006,0,0,100,2094
1787435115.1747217,791.035,0,0,99,2094
1787435116.2111335,792.072,0,0,100,2094
1787435117.24133,793.102,0,0,100,2094
1787435118.2714038,794.132,0,0,100,2094
1787435119.3029869,795.163,0,0,100,2094
1787435120.3293397,796.19,0,0,100,2094
1787435121.3563871,797.217,0,0,100,2094
1787435122.3876238,798.248,0,0,100,2094
1787435123.418988,799.279,0,0,99,2094
1787435124.4499943,800.31,0,0,100,2094
1787435125.4787855,801.339,0,0,100,2094
1787435126.505931,802.366,0,0,100,2094
1787435127.5329857,803.393,0,0,100,2094
1787435128.5582619,804.419,0,0,100,2094
1787435129.5880175,805.448,0,0,100,2094
1787435130.6144154,806.475,0,0,100,2094
1787435131.6432996,807.504,0,0,99,2094
1787435132.6731832,808.534,0,0,100,2094
1787435133.7014043,809.562,0,0,99,2094
1787435134.732859,810.593,0,0,100,2094
1787435135.7625988,811.623,0,0,100,2094
1787435136.7898161,812.65,0,0,100,2094
1787435137.8189883,813.679,0,0,100,2094
1787435138.8475244,814.708,0,0,100,2094
1787435139.8756974,815.736,0,0,100,2094
1787435140.9053516,816.766,0,0,100,2094
1787435141.9359412,817.796,0,0,100,2094
1787435142.9691913,818.83,0,0,100,2094
1787435143.999036,819.859,0,0,99,2094
1787435145.0282202,820.889,0,0,100,2094
1787435146.05401,821.914,0,0,100,2094
1787435147.0807676,822.941,0,0,100,2094
1787435148.1116276,823.972,0,0,100,2094
1787435149.1376917,824.998,0,0,100,2094
1787435150.1674476,826.028,0,0,100,2094
1787435151.201662,827.062,0,0,100,2094
1787435152.229723,828.09,0,0,100,2094
1787435153.2592432,829.12,0,0,100,2094
1787435154.2950537,830.155,0,0,99,2094
1787435155.323681,831.184,0,0,100,2094
1787435156.3510196,832.211,0,0,100,2094
1787435157.377176,833.238,0,0,100,2094
1787435158.4036348,834.264,0,0,100,2094
1787435159.431826,835.292,0,0,100,2094
1787435160.4582891,836.319,0,0,100,2094
1787435161.4910579,837.351,0,0,100,2094
1787435162.5249078,838.385,0,0,100,2094
1787435163.559712,839.42,0,0,99,2094
1787435164.593014,840.453,0,0,100,2094
1787435165.622277,841.483,0,0,100,2094
1787435166.6514173,842.512,0,0,100,2094
1787435167.679971,843.54,0,0,100,2094
1787435168.7093704,844.57,0,0,100,2094
1787435169.7429035,845.603,0,0,100,2094
1787435170.769959,846.63,0,0,100,2094
1787435171.7963598,847.657,0,0,100,2094
1787435172.8304162,848.691,0,0,99,2094
1787435173.8615718,849.722,0,0,100,2094
1787435174.8963041,850.757,0,0,100,2094
1787435175.926417,851.787,0,0,100,2094
1787435176.959879,852.82,0,0,100,2094
1787435177.9875073,853.848,0,0,100,2094
1787435179.0164232,854.877,0,0,100,2094
1787435180.0513618,855.912,0,0,100,2094
1787435181.0803056,856.941,0,0,99,2094
1787435182.1103342,857.971,0,0,100,2094
1787435183.1410117,859.001,0,0,98,2094
1787435184.1692407,860.03,0,0,100,2094
1787435185.1990745,861.059,0,0,100,2094
1787435186.2250783,862.085,0,0,100,2094
1787435187.252087,863.112,0,0,100,2094
1787435188.2819932,864.142,0,0,100,2094
1787435189.308334,865.169,0,0,100,2094
1787435190.3379838,866.198,0,0,100,2094
1787435191.3691208,867.23,0,0,100,2094
1787435192.4001791,868.261,0,0,100,2094
1787435193.42741,869.288,0,0,100,2094
1787435194.460252,870.321,0,0,100,2094
1787435195.4928248,871.353,0,0,100,2094
1787435196.5246003,872.385,0,0,100,2094
1787435197.5558257,873.416,0,0,100,2094
1787435198.591517,874.452,0,0,100,2094
1787435199.620748,875.481,0,0,100,2094
1787435200.656637,876.517,0,0,100,2094
1787435201.685242,877.546,0,0,100,2094
1787435202.7147644,878.575,0,0,100,2094
1787435203.7443461,879.605,0,0,100,2094
1787435204.773296,880.634,0,0,100,2094
1787435205.8026507,881.663,0,0,100,2094
1787435206.8287761,882.689,0,0,100,2094
1787435207.862043,883.722,0,0,100,2094
1787435208.8880339,884.748,0,0,100,2094
1787435209.917036,885.777,0,0,100,2094
1787435210.947339,886.808,0,0,100,2094
1787435211.9800503,887.84,0,0,100,2094
1787435213.0063725,888.867,0,0,100,2094
1787435214.0316346,889.892,0,0,100,2094
1787435215.0620983,890.922,0,0,100,2094
1787435216.0906007,891.951,0,0,100,2094
1787435217.1197264,892.98,0,0,100,2094
1787435218.1492198,894.01,0,0,100,2094
1787435219.1788054,895.039,0,0,100,2094
1787435220.2081213,896.069,0,0,100,2094
1787435221.2413554,897.102,0,0,100,2094
1787435222.27131,898.132,0,0,100,2094
1787435223.3012605,899.162,0,0,100,2094
1787435224.3267245,900.187,0,0,100,2094
1787435225.3552487,901.216,0,0,100,2094
1787435226.3849702,902.245,0,0,99,2094
1787435227.4150724,903.275,0,0,100,2094
1787435228.4449067,904.305,0,0,100,2094
1787435229.4731834,905.334,0,0,100,2094
1787435230.5007353,906.361,0,0,100,2094
1787435231.52848,907.389,0,0,100,2094
1787435232.5573575,908.418,0,0,100,2094
1787435233.5926578,909.453,0,0,100,2094
1787435234.6256423,910.486,0,0,100,2094
1787435235.6569264,911.517,0,0,100,2094
1787435236.6857598,912.546,0,0,99,2094
1787435237.7147322,913.575,0,0,100,2094
1787435238.743284,914.604,0,0,100,2094
1787435239.7708113,915.631,0,0,100,2094
1787435240.7998524,916.66,0,0,100,2094
1787435241.8262606,917.687,0,0,100,2094
1787435242.857688,918.718,0,0,99,2094
1787435243.8877418,919.748,0,0,100,2094
1787435244.9172559,920.778,0,0,99,2094
1787435245.9484324,921.809,0,0,100,2094
1787435246.976686,922.837,0,0,100,2094
1787435248.007496,923.868,0,0,100,2094
1787435249.038324,924.899,0,0,100,2094
1787435250.068308,925.929,0,0,100,2094
1787435251.0970507,926.957,0,0,100,2094
1787435252.1265748,927.987,0,0,100,2094
1787435253.1534119,929.014,0,0,99,2094
1787435254.1852646,930.046,0,0,100,2094
1787435255.2172086,931.078,0,0,99,2094
1787435256.2464364,932.107,0,0,100,2094
1787435257.27346,933.134,0,0,100,2094
1787435258.3001862,934.161,0,0,100,2094
1787435259.330328,935.191,0,0,100,2094
1787435260.3581398,936.219,0,0,100,2094
1787435261.3881397,937.249,0,0,100,2094
1787435262.4209092,938.281,0,0,100,2094
1787435263.4486842,939.309,0,0,100,2094
1787435264.4829378,940.343,0,0,100,2094
1787435265.5123916,941.373,0,0,99,2094
1787435266.5436478,942.404,0,0,100,2094
1787435267.5696754,943.43,0,0,100,2094
1787435268.6010325,944.461,0,0,100,2094
1787435269.628224,945.489,0,0,100,2094
1787435270.6580114,946.518,0,0,100,2094
1787435271.6866019,947.547,0,0,100,2094
1787435272.7188334,948.579,0,0,100,2094
1787435273.750339,949.611,0,0,100,2094
1787435274.782037,950.642,0,0,100,2094
1787435275.8149822,951.675,0,0,99,2094
1787435276.8455622,952.706,0,0,100,2094
1787435277.87464,953.735,0,0,100,2094
1787435278.9053624,954.766,0,0,100,2094
1787435279.9381235,955.799,0,0,100,2094
1787435280.9712377,956.832,0,0,100,2094
1787435281.9982152,957.859,0,0,100,2094
1787435283.029716,958.89,0,0,100,2094
1787435284.0646234,959.925,0,0,100,2094
1787435285.0921607,960.953,0,0,99,2094
1787435286.1203413,961.981,0,0,100,2094
1787435287.147437,963.008,0,0,100,2094
1787435288.1761904,964.037,0,0,100,2094
1787435289.202581,965.063,0,0,100,2094
1787435290.232094,966.092,0,0,100,2094
1787435291.260531,967.121,0,0,100,2094
1787435292.3005106,968.161,0,0,99,2094
1787435293.3290117,969.189,0,0,100,2094
1787435294.3588624,970.219,0,0,98,2094
1787435295.3888054,971.249,0,0,100,2094
1787435296.419707,972.28,0,0,100,2094
1787435297.4522202,973.313,0,0,100,2094
1787435298.480839,974.341,0,0,100,2094
1787435299.5128062,975.373,0,0,100,2094
1787435300.538919,976.399,0,0,100,2094
1787435301.5644972,977.425,0,0,100,2094
1787435302.5958574,978.456,0,0,99,2094
1787435303.6289926,979.489,0,0,100,2094
1787435304.6572182,980.518,0,0,99,2094
1787435305.6857796,981.546,0,0,100,2094
1787435306.7120426,982.572,0,0,100,2094
1787435307.7410936,983.601,0,0,100,2094
1787435308.771914,984.632,0,0,100,2094
1787435309.8007228,985.661,0,0,100,2094
1787435310.8279746,986.688,0,0,100,2094
1787435311.8558836,987.716,0,0,100,2094
1787435312.8896823,988.75,0,0,100,2094
1787435313.919471,989.78,0,0,100,2094
1787435314.9509487,990.811,0,0,99,2094
1787435315.9789426,991.839,0,0,100,2094
1787435317.005343,992.866,0,0,100,2094
1787435318.0332665,993.894,0,0,100,2094
1787435319.0635371,994.924,0,0,100,2094
1787435320.093527,995.954,0,0,100,2094
1787435321.121963,996.982,0,0,100,2094
1787435322.1481571,998.009,0,0,100,2094
1787435323.1793113,999.04,0,0,100,2094
1787435324.2078648,1000.068,0,0,99,2094
1787435325.238424,1001.099,0,0,100,2094
1787435326.266633,1002.127,0,0,100,2094
1787435327.2964058,1003.157,0,0,100,2094
1787435328.3266306,1004.187,0,0,100,2094
1787435329.3558435,1005.216,0,0,100,2094
1787435330.3851883,1006.246,0,0,100,2094
1787435331.4157958,1007.276,0,0,100,2094
1787435332.44642,1008.307,0,0,100,2094
1787435333.4774168,1009.338,0,0,99,2094
1787435334.506564,1010.367,0,0,100,2094
1787435335.532906,1011.393,0,0,100,2094
1787435336.5615304,1012.422,0,0,100,2094
1787435337.590439,1013.451,0,0,100,2094
1787435338.6178203,1014.478,0,0,100,2094
1787435339.6512978,1015.512,0,0,100,2094
1787435340.68149,1016.542,0,0,100,2094
1787435341.7084422,1017.569,0,0,99,2094
1787435342.738104,1018.599,0,0,100,2094
1787435343.7665238,1019.627,0,0,99,2094
1787435344.7954466,1020.656,0,0,100,2094
1787435345.826077,1021.686,0,0,100,2094
1787435346.85643,1022.717,0,0,100,2094
1787435347.885633,1023.746,0,0,100,2094
1787435348.9122088,1024.773,0,0,100,2094
1787435349.9420912,1025.802,0,0,100,2094
1787435350.9741838,1026.835,0,0,100,2094
1787435352.0030723,1027.863,0,0,99,2094
1787435353.0313096,1028.892,0,0,100,2094
1787435354.0616686,1029.922,0,0,99,2094
1787435355.0937772,1030.954,0,0,100,2094
1787435356.120882,1031.981,0,0,100,2094
1787435357.1501648,1033.011,0,0,100,2094
1787435358.1799414,1034.04,0,0,100,2094
1787435359.2090364,1035.069,0,0,100,2094
1787435360.237452,1036.098,0,0,100,2094
1787435361.2658918,1037.126,0,0,100,2094
1787435362.2989929,1038.159,0,0,100,2094
1787435363.32689,1039.187,0,0,99,2094
1787435364.3562088,1040.217,0,0,100,2094
1787435365.3845618,1041.245,0,0,100,2094
1787435366.413842,1042.274,0,0,100,2094
1787435367.4399278,1043.3,0,0,100,2094
1787435368.469867,1044.33,0,0,100,2094
1787435369.49911,1045.36,0,0,100,2094
1787435370.5266504,1046.387,0,0,100,2094
1787435371.553616,1047.414,0,0,100,2094
1787435372.5828383,1048.443,0,0,100,2094
1787435373.6111987,1049.472,0,0,99,2094
1787435374.640322,1050.501,0,0,100,2094
1787435375.6675236,1051.528,0,0,100,2094
1787435376.6948247,1052.555,0,0,100,2094
1787435377.727224,1053.588,0,0,100,2094
1787435378.7554731,1054.616,0,0,100,2094
1787435379.784521,1055.645,0,0,100,2094
1787435380.8139699,1056.674,0,0,100,2094
1787435381.8485096,1057.709,0,0,100,2094
1787435382.8827739,1058.743,0,0,99,2094
1787435383.9174602,1059.778,0,0,100,2094
1787435384.9476159,1060.808,0,0,100,2094
1787435385.973459,1061.834,0,0,100,2094
1787435387.002922,1062.863,0,0,100,2094
1787435388.0294461,1063.89,0,0,100,2094
1787435389.059239,1064.92,0,0,100,2094
1787435390.0860555,1065.946,0,0,100,2094
1787435391.1123497,1066.973,0,0,99,2094
1787435392.141884,1068.002,0,0,100,2094
1787435393.178217,1069.039,0,0,99,2094
1787435394.2101836,1070.071,0,0,100,2094
1787435395.236253,1071.097,0,0,100,2094
1787435396.2625294,1072.123,0,0,100,2094
1787435397.2885776,1073.149,0,0,100,2094
1787435398.320823,1074.181,0,0,100,2094
1787435399.350232,1075.211,0,0,100,2094
1787435400.3782344,1076.239,0,0,100,2094
1787435401.4077163,1077.268,0,0,100,2094
1787435402.4382892,1078.299,0,0,99,2094
1787435403.468402,1079.329,0,0,100,2094
1787435404.4987328,1080.359,0,0,100,2094
1787435405.5252204,1081.386,0,0,100,2094
1787435406.5597942,1082.42,0,0,100,2094
1787435407.5944362,1083.455,0,0,100,2094
1787435408.628168,1084.489,0,0,100,2094
1787435409.6607833,1085.521,0,0,100,2094
1787435410.6904092,1086.551,0,0,100,2094
1787435411.722995,1087.583,0,0,100,2094
1787435412.7550008,1088.615,0,0,99,2094
1787435413.7831078,1089.644,0,0,100,2094
1787435414.8126717,1090.673,0,0,100,2094
1787435415.8417134,1091.702,0,0,100,2094
1787435416.8685102,1092.729,0,0,100,2094
1787435417.8948612,1093.755,0,0,100,2094
1787435418.9250445,1094.785,0,0,100,2094
1787435419.9596183,1095.82,0,0,100,2094
1787435420.993141,1096.854,0,0,100,2094
1787435422.0262175,1097.887,0,0,100,2094
1787435423.0574272,1098.918,0,0,99,2094
1787435424.0872135,1099.948,0,0,100,2094
1787435425.1182353,1100.979,0,0,100,2094
1787435426.1483076,1102.009,0,0,100,2094
1787435427.1749663,1103.035,0,0,100,2094
1787435428.2030277,1104.063,0,0,100,2094
1787435429.231665,1105.092,0,0,100,2094
1787435430.265988,1106.126,0,0,99,2094
1787435431.2977874,1107.158,0,0,100,2094
1787435432.3251169,1108.186,0,0,99,2094
1787435433.3551908,1109.216,0,0,100,2094
1787435434.3815243,1110.242,0,0,100,2094
1787435435.4116335,1111.272,0,0,100,2094
1787435436.4409215,1112.301,0,0,100,2094
1787435437.4689488,1113.329,0,0,100,2094
1787435438.4963708,1114.357,0,0,100,2094
1787435439.5262053,1115.387,0,0,100,2094
1787435440.5560787,1116.416,0,0,100,2094
1787435441.5891352,1117.45,0,0,86,2094
1787435442.6190658,1118.479,0,0,100,2094
1787435443.6522124,1119.513,0,0,100,2094
1787435444.6827924,1120.543,0,0,100,2094
1787435445.7083757,1121.569,0,0,100,2094
1787435446.7419095,1122.602,0,0,100,2094
1787435447.7684846,1123.629,0,0,100,2094
1787435448.7972324,1124.658,0,0,100,2094
1787435449.8260992,1125.686,0,0,99,2094
1787435450.8604243,1126.721,0,0,100,2094
1787435451.8866754,1127.747,0,0,99,2094
1787435452.9218354,1128.782,0,0,100,2094
1787435453.9530346,1129.813,0,0,100,2094
1787435454.9819214,1130.842,0,0,100,2094
1787435456.008491,1131.869,0,0,100,2094
1787435457.0362856,1132.897,0,0,100,2094
1787435458.064134,1133.925,0,0,100,2094
1787435459.0973523,1134.958,0,0,100,2094
1787435460.1258674,1135.986,0,0,100,2094
1787435461.1572032,1137.018,0,0,100,2094
1787435462.1892998,1138.05,0,0,99,2094
1787435463.2195837,1139.08,0,0,100,2094
1787435464.246274,1140.107,0,0,100,2094
1787435465.2762442,1141.137,0,0,100,2094
1787435466.3057332,1142.166,0,0,100,2094
1787435467.3360946,1143.196,0,0,100,2094
1787435468.3675373,1144.228,0,0,100,2094
1787435469.39656,1145.257,0,0,100,2094
1787435470.4235435,1146.284,0,0,100,2094
1787435471.4532309,1147.314,0,0,100,2094
1787435472.4827495,1148.343,0,0,99,2094
1787435473.5119436,1149.372,0,0,100,2094
1787435474.5378268,1150.398,0,0,100,2094
1787435475.5697534,1151.43,0,0,100,2094
1787435476.5977046,1152.458,0,0,100,2094
1787435477.6276941,1153.488,0,0,100,2094
1787435478.660058,1154.52,0,0,100,2094
1787435479.6931763,1155.554,0,0,100,2094
1787435480.726457,1156.587,0,0,100,2094
1787435481.7577899,1157.618,0,0,98,2094
1787435482.784921,1158.645,0,0,100,2094
1787435483.8110158,1159.671,0,0,100,2094
1787435484.83745,1160.698,0,0,100,2094
1787435485.863826,1161.724,0,0,100,2094
1787435486.8916273,1162.752,0,0,100,2094
1787435487.920502,1163.781,0,0,100,2094
1787435488.9540176,1164.814,0,0,99,2094
1787435489.9871054,1165.848,0,0,100,2094
1787435491.0141351,1166.875,0,0,99,2094
1787435492.0437362,1167.904,0,0,100,2094
1787435493.0740628,1168.934,0,0,100,2094
1787435494.1059248,1169.966,0,0,100,2094
1787435495.1336095,1170.994,0,0,100,2094
1787435496.163139,1172.024,0,0,100,2094
1787435497.1896803,1173.05,0,0,100,2094
1787435498.216674,1174.077,0,0,100,2094
1787435499.2434647,1175.104,0,0,100,2094
1787435500.2768133,1176.137,0,0,100,2094
1787435501.3080318,1177.168,0,0,99,2094
1787435502.3387914,1178.199,0,0,100,2094
1787435503.3665295,1179.227,0,0,100,2094
1787435504.3949292,1180.255,0,0,100,2094
1787435505.4245257,1181.285,0,0,100,2094
1787435506.4545448,1182.315,0,0,100,2094
1787435507.4867039,1183.347,0,0,100,2094
1787435508.5155823,1184.376,0,0,100,2094
1787435509.5459948,1185.406,0,0,100,2094
1787435510.5733964,1186.434,0,0,100,2094
1787435511.6052923,1187.466,0,0,99,2094
1787435512.6306493,1188.491,0,0,100,2094
1787435513.6602836,1189.521,0,0,100,2094
1787435514.689645,1190.55,0,0,100,2094
1787435515.7151866,1191.576,0,0,100,2094
1787435516.7449193,1192.605,0,0,100,2094
1787435517.7734225,1193.634,0,0,100,2094
1787435518.804857,1194.665,0,0,100,2094
1787435519.8333967,1195.694,0,0,100,2094
1787435520.8860703,1196.746,0,0,99,2094
1787435521.9179015,1197.778,0,0,100,2094
1787435522.945293,1198.806,0,0,100,2094
1787435523.974761,1199.835,0,0,100,2094
1787435525.0010307,1200.861,0,0,100,2094
1787435526.0338838,1201.894,0,0,100,2094
1787435527.060573,1202.921,0,0,100,2094
1787435528.0908546,1203.951,0,0,100,2094
1787435529.1185331,1204.979,0,0,100,2094
1787435530.1480865,1206.008,0,0,100,2094
1787435531.1785963,1207.039,0,0,99,2094
1787435532.2060676,1208.066,0,0,100,2094
1787435533.2377312,1209.098,0,0,100,2094
1787435534.2650337,1210.125,0,0,100,2094
1787435535.2955425,1211.156,0,0,100,2094
1787435536.321863,1212.182,0,0,100,2094
1787435537.3514154,1213.212,0,0,100,2094
1787435538.381066,1214.241,0,0,99,2094
1787435539.4131124,1215.274,0,0,100,2094
1787435540.4431694,1216.304,0,0,99,2094
1787435541.472093,1217.332,0,0,100,2094
1787435542.5044496,1218.365,0,0,100,2094
1787435543.5321696,1219.393,0,0,100,2094
1787435544.5594683,1220.42,0,0,100,2094
1787435545.5910485,1221.451,0,0,100,2094
1787435546.6175122,1222.478,0,0,100,2094
1787435547.6476357,1223.508,0,0,100,2094
1787435548.6751292,1224.536,0,0,100,2094
1787435549.701229,1225.562,0,0,100,2094
1787435550.731161,1226.592,0,0,99,2094
1787435551.760529,1227.621,0,0,100,2094
1787435552.7890928,1228.649,0,0,100,2094
1787435553.8225105,1229.683,0,0,100,2094
1787435554.8517222,1230.712,0,0,100,2094
1787435555.8790684,1231.739,0,0,100,2094
1787435556.906686,1232.767,0,0,100,2094
1787435557.9372764,1233.798,0,0,100,2094
1787435558.9726357,1234.833,0,0,100,2094
1787435560.0056727,1235.866,0,0,98,2094
1787435561.0391166,1236.9,0,0,100,2094
1787435562.068628,1237.929,0,0,100,2094
1787435563.1012428,1238.962,0,0,100,2094
1787435564.1312091,1239.992,0,0,100,2094
1787435565.163819,1241.024,0,0,100,2094
1787435566.1940234,1242.054,0,0,100,2094
1787435567.2228117,1243.083,0,0,100,2094
1787435568.2514935,1244.112,0,0,100,2094
1787435569.2860055,1245.146,0,0,100,2094
1787435570.3169675,1246.177,0,0,99,2094
1787435571.347081,1247.207,0,0,100,2094
1787435572.373426,1248.234,0,0,100,2094
1787435573.4041123,1249.265,0,0,100,2094
1787435574.4310138,1250.291,0,0,100,2094
1787435575.4570286,1251.317,0,0,100,2094
1787435576.4841647,1252.345,0,0,100,2094
1787435577.5118763,1253.372,0,0,100,2094
1787435578.5419133,1254.402,0,0,100,2094
1787435579.5727525,1255.433,0,0,99,2094
1787435580.603079,1256.463,0,0,100,2094
1787435581.6422822,1257.503,0,0,100,2094
1787435582.6725924,1258.533,0,0,100,2094
1787435583.7034333,1259.564,0,0,100,2094
1787435584.7319963,1260.592,0,0,100,2094
1787435585.7622576,1261.623,0,0,100,2094
1787435586.792665,1262.653,0,0,100,2094
1787435587.83151,1263.692,0,0,100,2094
1787435588.8616846,1264.722,0,0,100,2094
1787435589.8944213,1265.755,0,0,99,2094
1787435590.9221117,1266.783,0,0,100,2094
1787435591.95207,1267.812,0,0,100,2094
1787435592.9824567,1268.843,0,0,100,2094
1787435594.0130455,1269.873,0,0,100,2094
1787435595.0396638,1270.9,0,0,100,2094
1787435596.0668404,1271.927,0,0,100,2094
1787435597.0956633,1272.956,0,0,99,2094
1787435598.1282125,1273.989,0,0,100,2094
1787435599.1567767,1275.017,0,0,99,2094
1787435600.1843312,1276.045,0,0,100,2094
1787435601.2131603,1277.074,0,0,100,2094
1787435602.2379327,1278.098,0,0,100,2094
1787435603.268635,1279.129,0,0,100,2094
1787435604.2975872,1280.158,0,0,100,2094
1787435605.3272336,1281.188,0,0,100,2094
1787435606.3574352,1282.218,0,0,100,2094
1787435607.387097,1283.247,0,0,100,2094
1787435608.4162521,1284.277,0,0,100,2094
1787435609.4515758,1285.312,0,0,99,2094
1787435610.485769,1286.346,0,0,100,2094
1787435611.5151236,1287.376,0,0,100,2094
1787435612.5454528,1288.406,0,0,100,2094
1787435613.5752993,1289.436,0,0,100,2094
1787435614.604724,1290.465,0,0,100,2094
1787435615.6360843,1291.496,0,0,100,2094
1787435616.665992,1292.526,0,0,100,2094
1787435617.6936746,1293.554,0,0,100,2094
1787435618.7247093,1294.585,0,0,100,2094
1787435619.7575655,1295.618,0,0,98,2094
1787435620.7841408,1296.645,0,0,100,2094
1787435621.8146694,1297.675,0,0,100,2094
1787435622.8430378,1298.703,0,0,100,2094
1787435623.8739426,1299.734,0,0,100,2094
1787435624.9010246,1300.761,0,0,100,2094
1787435625.9277556,1301.788,0,0,100,2094
1787435626.9582026,1302.819,0,0,100,2094
1787435627.9930642,1303.853,0,0,100,2094
1787435629.0224164,1304.883,0,0,98,2094
1787435630.058408,1305.919,0,0,100,2094
1787435631.0869389,1306.947,0,0,100,2094
1787435632.1152203,1307.976,0,0,100,2094
1787435633.144045,1309.004,0,0,100,2094
1787435634.1695912,1310.03,0,0,100,2094
1787435635.1996732,1311.06,0,0,100,2094
1787435636.2294176,1312.09,0,0,100,2094
1787435637.2577515,1313.118,0,0,100,2094
1787435638.284388,1314.145,0,0,100,2094
1787435639.3190753,1315.179,0,0,100,2094
1787435640.3476439,1316.208,0,0,100,2094
1787435641.381167,1317.242,0,0,100,2094
1787435642.4088528,1318.269,0,0,100,2094
1787435643.435502,1319.296,0,0,100,2094
1787435644.463189,1320.324,0,0,100,2094
1787435645.4904296,1321.351,0,0,100,2094
1787435646.5189002,1322.379,0,0,100,2094
1787435647.5469992,1323.407,0,0,100,2094
1787435648.5760255,1324.436,0,0,100,2094
1787435649.6039538,1325.464,0,0,100,2094
1787435650.6307507,1326.491,0,0,100,2094
1787435651.6594887,1327.52,0,0,100,2094
1787435652.689196,1328.55,0,0,100,2094
1787435653.723237,1329.584,0,0,100,2094
1787435654.74906,1330.609,0,0,100,2094
1787435655.779763,1331.64,0,0,100,2094
1787435656.805329,1332.666,0,0,100,2094
1787435657.834417,1333.695,0,0,100,2094
1787435658.8675346,1334.728,0,0,100,2094
1787435659.8981395,1335.759,0,0,100,2094
1787435660.9280224,1336.788,0,0,100,2094
1787435661.9553227,1337.816,0,0,100,2094
1787435662.984711,1338.845,0,0,100,2094
1787435664.013953,1339.874,0,0,100,2094
1787435665.0416522,1340.902,0,0,100,2094
1787435666.0744724,1341.935,0,0,100,2094
1787435667.1067038,1342.967,0,0,100,2094
1787435668.1333764,1343.994,0,0,100,2094
1787435669.1624525,1345.023,0,0,100,2094
1787435670.1955626,1346.056,0,0,100,2094
1787435671.2252214,1347.086,0,0,100,2094
1787435672.2532434,1348.114,0,0,99,2094
1787435673.2812812,1349.142,0,0,100,2094
1787435674.307763,1350.168,0,0,100,2094
1787435675.3356965,1351.196,0,0,100,2094
1787435676.3649163,1352.225,0,0,100,2094
1787435677.3974152,1353.258,0,0,100,2094
1787435678.4268463,1354.287,0,0,100,2094
1787435679.455331,1355.316,0,0,100,2094
1787435680.4855847,1356.346,0,0,100,2094
1787435681.5197158,1357.38,0,0,99,2094
1787435682.5525215,1358.413,0,0,100,2094
1787435683.5822835,1359.443,0,0,100,2094
1787435684.6118555,1360.472,0,0,100,2094
1787435685.6396365,1361.5,0,0,100,2094
1787435686.6680226,1362.528,0,0,100,2094
1787435687.694077,1363.554,0,0,100,2094
1787435688.7231615,1364.584,0,0,100,2094
1787435689.7493382,1365.61,0,0,100,2094
1787435690.7796113,1366.64,0,0,100,2094
1787435691.8119028,1367.672,0,0,99,2094
1787435692.8400927,1368.7,0,0,100,2094
1787435693.8693633,1369.73,0,0,100,2094
1787435694.8981621,1370.759,0,0,100,2094
1787435695.9289951,1371.789,0,0,100,2094
1787435696.9577034,1372.818,0,0,100,2094
1787435697.9877868,1373.848,0,0,100,2094
1787435699.018592,1374.879,0,0,99,2094
1787435700.0496686,1375.91,0,0,100,2094
1787435701.0833466,1376.944,0,0,99,2094
1787435702.1116319,1377.972,0,0,100,2094
1787435703.1478703,1379.008,0,0,100,2094
1787435704.176671,1380.037,0,0,100,2094
1787435705.2066383,1381.067,0,0,100,2094
1787435706.233796,1382.094,0,0,100,2094
1787435707.260905,1383.121,0,0,100,2094
1787435708.2904859,1384.151,0,0,100,2094
1787435709.3166645,1385.177,0,0,100,2094
1787435710.3430984,1386.203,0,0,100,2094
1787435711.3729582,1387.233,0,0,99,2094
1787435712.4057202,1388.266,0,0,100,2094
1787435713.4391265,1389.3,0,0,100,2094
1787435714.4709103,1390.331,0,0,99,2094
1787435715.503875,1391.364,0,0,100,2094
1787435716.533386,1392.394,0,0,100,2094
1787435717.5623763,1393.423,0,0,100,2094
1787435718.589637,1394.45,0,0,100,2094
1787435719.6197438,1395.48,0,0,100,2094
1787435720.6517472,1396.512,0,0,99,2094
1787435721.6889946,1397.549,0,0,100,2094
1787435722.7162013,1398.577,0,0,100,2094
1787435723.7474923,1399.608,0,0,100,2094
1787435724.7767875,1400.637,0,0,100,2094
1787435725.8095198,1401.67,0,0,100,2094
1787435726.8376138,1402.698,0,0,100,2094
1787435727.8666332,1403.727,0,0,100,2094
1787435728.8929415,1404.753,0,0,100,2094
1787435729.9204767,1405.781,0,0,100,2094
1787435730.95221,1406.813,0,0,99,2094
1787435731.9832394,1407.844,0,0,100,2094
1787435733.0114844,1408.872,0,0,100,2094
1787435734.0390441,1409.899,0,0,100,2094
1787435735.0717185,1410.932,0,0,100,2094
1787435736.1006863,1411.961,0,0,100,2094
1787435737.1284904,1412.989,0,0,100,2094
1787435738.1555371,1414.016,0,0,100,2094
1787435739.1862485,1415.047,0,0,100,2094
1787435740.2168136,1416.077,0,0,100,2094
1787435741.2452486,1417.106,0,0,99,2094
1787435742.2729144,1418.133,0,0,100,2094
1787435743.3028655,1419.163,0,0,100,2094
1787435744.3355215,1420.196,0,0,100,2094
1787435745.3696115,1421.23,0,0,100,2094
1787435746.3996007,1422.26,0,0,100,2094
1787435747.4292874,1423.29,0,0,100,2094
1787435748.4585812,1424.319,0,0,99,2094
1787435749.4963796,1425.357,0,0,100,2094
1787435750.5237122,1426.384,0,0,99,2094
1787435751.5539815,1427.414,0,0,100,2094
1787435752.580773,1428.441,0,0,100,2094
1787435753.6081727,1429.469,0,0,100,2094
1787435754.637377,1430.498,0,0,100,2094
1787435755.666541,1431.527,0,0,100,2094
1787435756.6952524,1432.556,0,0,100,2094
1787435757.7235572,1433.584,0,0,99,2094
1787435758.75179,1434.612,0,0,100,2094
1787435759.7869203,1435.647,0,0,99,2094
1787435760.8150523,1436.675,0,0,100,2094
1787435761.8448603,1437.705,0,0,100,2094
1787435762.8743992,1438.735,0,0,100,2094
1787435763.9022002,1439.763,0,0,100,2094
1787435764.9346135,1440.795,0,0,100,2094
1787435765.9615965,1441.822,0,0,100,2094
1787435766.990086,1442.85,0,0,100,2094
1787435768.0215213,1443.882,0,0,100,2094
1787435769.055576,1444.916,0,0,100,2094
1787435770.0859349,1445.946,0,0,99,2094
1787435771.118591,1446.979,0,0,100,2094
1787435772.1469471,1448.007,0,0,100,2094
1787435773.173459,1449.034,0,0,100,2094
1787435774.2028365,1450.063,0,0,100,2094
1787435775.232164,1451.093,0,0,100,2094
1787435776.262781,1452.123,0,0,100,2094
1787435777.2952766,1453.156,0,0,100,2094
1787435778.324456,1454.185,0,0,100,2094
1787435779.3535209,1455.214,0,0,100,2094
1787435780.3841116,1456.245,0,0,94,2094
1787435781.4148831,1457.275,0,0,100,2094
1787435782.444466,1458.305,0,0,100,2094
1787435783.4749165,1459.335,0,0,100,2094
1787435784.5012593,1460.362,0,0,100,2094
1787435785.531092,1461.391,0,0,100,2094
1787435786.5596416,1462.42,0,0,100,2094
1787435787.5899897,1463.45,0,0,100,2094
1787435788.6211092,1464.482,0,0,100,2094
1787435789.6496048,1465.51,0,0,100,2094
1787435790.6796405,1466.54,0,0,99,2094
1787435791.708856,1467.569,0,0,100,2094
1787435792.7355144,1468.596,0,0,100,2094
1787435793.7686012,1469.629,0,0,100,2094
1787435794.7964554,1470.657,0,0,100,2094
1787435795.8256981,1471.686,0,0,100,2094
1787435796.8523364,1472.713,0,0,100,2094
1787435797.8824968,1473.743,0,0,100,2094
1787435798.9115014,1474.772,0,0,99,2094
1787435799.9428911,1475.803,0,0,100,2094
1787435800.9704745,1476.831,0,0,100,2094
1787435802.0017576,1477.862,0,0,100,2094
1787435803.031456,1478.892,0,0,100,2094
1787435804.0627685,1479.923,0,0,100,2094
1787435805.0898883,1480.95,0,0,100,2094
1787435806.1222389,1481.983,0,0,100,2094
1787435807.1528351,1483.013,0,0,99,2094
1787435808.1836634,1484.044,0,0,100,2094
1787435809.2147245,1485.075,0,0,99,2094
1787435810.2491393,1486.11,0,0,100,2094
1787435811.2779455,1487.138,0,0,100,2094
1787435812.3071842,1488.168,0,0,100,2094
1787435813.3355112,1489.196,0,0,100,2094
1787435814.3770583,1490.237,0,0,100,2094
1787435815.403092,1491.263,0,0,100,2094
1787435816.436745,1492.297,0,0,100,2094
1787435817.4675417,1493.328,0,0,99,2094
1787435818.5010297,1494.361,0,0,100,2094
1787435819.5290656,1495.389,0,0,99,2094
1787435820.561766,1496.422,0,0,100,2094
1787435821.5885718,1497.449,0,0,100,2094
1787435822.6150482,1498.475,0,0,100,2094
1787435823.6414292,1499.502,0,0,100,2094
1787435824.6709685,1500.531,0,0,100,2094
1787435825.699525,1501.56,0,0,100,2094
1787435826.726719,1502.587,0,0,100,2094
1787435827.7554624,1503.616,0,0,100,2094
1787435828.787549,1504.648,0,0,100,2094
1787435829.8177266,1505.678,0,0,99,2094
1787435830.8462567,1506.707,0,0,100,2094
1787435831.8737776,1507.734,0,0,100,2094
1787435832.9018347,1508.762,0,0,100,2094
1787435833.9297607,1509.79,0,0,100,2094
1787435834.9602575,1510.821,0,0,100,2094
1787435835.9875476,1511.848,0,0,100,2094
1787435837.0137465,1512.874,0,0,100,2094
1787435838.0464113,1513.907,0,0,100,2094
1787435839.074207,1514.935,0,0,99,2094
1787435840.1052344,1515.966,0,0,100,2094
1787435841.134717,1516.995,0,0,100,2094
1787435842.1623194,1518.023,0,0,100,2094
1787435843.188833,1519.049,0,0,100,2094
1787435844.2146854,1520.075,0,0,100,2094
1787435845.244123,1521.105,0,0,100,2094
1787435846.2703788,1522.131,0,0,99,2094
1787435847.2988427,1523.159,0,0,100,2094
1787435848.4103284,1524.271,0,0,99,2094
1787435849.4410293,1525.301,0,0,100,2094
1787435850.4680746,1526.328,0,0,100,2094
1787435851.4939833,1527.354,0,0,100,2094
1787435852.5216072,1528.382,0,0,100,2094
1787435853.5477471,1529.408,0,0,100,2094
1787435854.575045,1530.435,0,0,100,2094
1787435855.6027298,1531.463,0,0,100,2094
1787435856.6355808,1532.496,0,0,99,2094
1787435857.66987,1533.53,0,0,100,2094
1787435858.7022552,1534.563,0,0,99,2094
1787435859.7341342,1535.595,0,0,100,2094
1787435860.7610328,1536.621,0,0,100,2094
1787435861.7879436,1537.648,0,0,100,2094
1787435862.8141782,1538.675,0,0,100,2094
1787435863.8429885,1539.703,0,0,100,2094
1787435864.8696055,1540.73,0,0,100,2094
1787435865.8987896,1541.759,0,0,100,2094
1787435866.9316075,1542.792,0,0,99,2094
1787435867.9644983,1543.825,0,0,100,2094
1787435868.995239,1544.856,0,0,99,2094
1787435870.0245452,1545.885,0,0,100,2094
1787435871.05388,1546.914,0,0,100,2094
1787435872.0825858,1547.943,0,0,100,2094
1787435873.1088107,1548.969,0,0,100,2094
1787435874.143473,1550.004,0,0,100,2094
1787435875.1750848,1551.035,0,0,100,2094
1787435876.201318,1552.062,0,0,100,2094
1787435877.2334452,1553.094,0,0,100,2094
1787435878.262914,1554.123,0,0,99,2094
1787435879.2944157,1555.155,0,0,100,2094
1787435880.3227553,1556.183,0,0,100,2094
1787435881.349117,1557.21,0,0,100,2094
1787435882.3787193,1558.239,0,0,100,2094
1787435883.4119341,1559.272,0,0,100,2094
1787435884.4414508,1560.302,0,0,100,2094
1787435885.468551,1561.329,0,0,100,2094
1787435886.502374,1562.363,0,0,100,2094
1787435887.533641,1563.394,0,0,100,2094
1787435888.5629907,1564.423,0,0,99,2094
1787435889.5936441,1565.454,0,0,100,2094
1787435890.6199694,1566.48,0,0,100,2094
1787435891.6499221,1567.51,0,0,100,2094
1787435892.678058,1568.538,0,0,100,2094
1787435893.7046328,1569.565,0,0,100,2094
1787435894.7317197,1570.592,0,0,100,2094
1787435895.760038,1571.62,0,0,100,2094
1787435896.7861187,1572.647,0,0,100,2094
1787435897.817346,1573.678,0,0,99,2094
1787435898.847331,1574.708,0,0,100,2094
1787435899.8786027,1575.739,0,0,100,2094
1787435900.911298,1576.772,0,0,100,2094
1787435901.9412293,1577.802,0,0,100,2094
1787435902.9715507,1578.832,0,0,100,2094
1787435903.9988465,1579.859,0,0,100,2094
1787435905.0257118,1580.886,0,0,100,2094
1787435906.0556903,1581.916,0,0,99,2094
1787435907.0841954,1582.945,0,0,100,2094
1787435908.1117947,1583.972,0,0,99,2094
1787435909.140639,1585.001,0,0,100,2094
1787435910.167863,1586.028,0,0,100,2094
1787435911.1945598,1587.055,0,0,100,2094
1787435912.2207758,1588.081,0,0,100,2094
1787435913.2477868,1589.108,0,0,100,2094
1787435914.276481,1590.137,0,0,100,2094
1787435915.3068645,1591.167,0,0,100,2094
1787435916.3412292,1592.202,0,0,100,2094
1787435917.373061,1593.233,0,0,99,2094
1787435918.4061835,1594.267,0,0,100,2094
1787435919.4383347,1595.299,0,0,100,2094
1787435920.4643335,1596.325,0,0,100,2094
1787435921.4908752,1597.351,0,0,100,2094
1787435922.5176156,1598.378,0,0,100,2094
1787435923.551753,1599.412,0,0,100,2094
1787435924.5859272,1600.446,0,0,100,2094
1787435925.612368,1601.473,0,0,100,2094
1787435926.6414587,1602.502,0,0,100,2094
1787435927.6737704,1603.534,0,0,99,2094
1787435928.7036073,1604.564,0,0,100,2094
1787435929.7305956,1605.591,0,0,100,2094
1787435930.7586257,1606.619,0,0,100,2094
1787435931.7877572,1607.648,0,0,100,2094
1787435932.8166182,1608.677,0,0,100,2094
1787435933.8428173,1609.703,0,0,100,2094
1787435934.8695328,1610.73,0,0,100,2094
1787435935.9013684,1611.762,0,0,100,2094
1787435936.931899,1612.792,0,0,100,2094
1787435937.9607723,1613.821,0,0,99,2094
1787435938.9937649,1614.854,0,0,100,2094
1787435940.0204804,1615.881,0,0,100,2094
1787435941.0518916,1616.912,0,0,100,2094
1787435942.0811749,1617.942,0,0,100,2094
1787435943.1109192,1618.971,0,0,100,2094
1787435944.1405556,1620.001,0,0,100,2094
1787435945.171044,1621.031,0,0,100,2094
1787435946.2007546,1622.061,0,0,100,2094
1787435947.2328866,1623.093,0,0,99,2094
1787435948.2617154,1624.122,0,0,100,2094
1787435949.290441,1625.151,0,0,100,2094
1787435950.3184726,1626.179,0,0,100,2094
1787435951.3448555,1627.205,0,0,100,2094
1787435952.376957,1628.237,0,0,100,2094
1787435953.4035642,1629.264,0,0,100,2094
1787435954.436404,1630.297,0,0,100,2094
1787435955.4662273,1631.327,0,0,100,2094
1787435956.4990857,1632.359,0,0,99,2094
1787435957.5311823,1633.392,0,0,100,2094
1787435958.5603874,1634.421,0,0,100,2094
1787435959.5883853,1635.449,0,0,100,2094
1787435960.6219556,1636.482,0,0,100,2094
1787435961.6490662,1637.509,0,0,100,2094
1787435962.683313,1638.544,0,0,100,2094
1787435963.7122283,1639.573,0,0,100,2094
1787435964.7419717,1640.602,0,0,100,2094
1787435965.7704859,1641.631,0,0,100,2094
1787435966.8010194,1642.661,0,0,99,2094
1787435967.8274493,1643.688,0,0,100,2094
1787435968.854157,1644.715,0,0,100,2094
1787435969.8824565,1645.743,0,0,100,2094
1787435970.9137611,1646.774,0,0,100,2094
1787435971.9410384,1647.801,0,0,100,2094
1787435972.9702847,1648.831,0,0,100,2094
1787435974.001792,1649.862,0,0,100,2094
1787435975.0310433,1650.891,0,0,100,2094
1787435976.0587845,1651.919,0,0,100,2094
1787435977.0881202,1652.949,0,0,99,2094
1787435978.1157033,1653.976,0,0,100,2094
1787435979.1477404,1655.008,0,0,100,2094
1787435980.1775231,1656.038,0,0,100,2094
1787435981.203852,1657.064,0,0,100,2094
1787435982.2343636,1658.095,0,0,100,2094
1787435983.271093,1659.131,0,0,100,2094
1787435984.297014,1660.157,0,0,100,2094
1787435985.3292427,1661.19,0,0,100,2094
1787435986.3599358,1662.22,0,0,100,2094
1787435987.3953252,1663.256,0,0,99,2094
1787435988.4232333,1664.284,0,0,100,2094
1787435989.4543061,1665.315,0,0,100,2094
1787435990.4849725,1666.345,0,0,100,2094
1787435991.512196,1667.373,0,0,100,2094
1787435992.5390592,1668.399,0,0,100,2094
1787435993.56681,1669.427,0,0,99,2094
1787435994.594662,1670.455,0,0,100,2094
1787435995.6254807,1671.486,0,0,99,2094
1787435996.656783,1672.517,0,0,100,2094
1787435997.68497,1673.545,0,0,100,2094
1787435998.710978,1674.571,0,0,100,2094
1787435999.743761,1675.604,0,0,100,2094
1787436000.7752454,1676.636,0,0,100,2094
1787436001.8063586,1677.667,0,0,100,2094
1787436002.8363082,1678.697,0,0,100,2094
1787436003.8656735,1679.726,0,0,99,2094
1787436004.8959494,1680.756,0,0,100,2094
1787436005.9259117,1681.786,0,0,99,2094
1787436006.9572341,1682.818,0,0,100,2094
1787436007.9871018,1683.847,0,0,100,2094
1787436009.014701,1684.875,0,0,100,2094
1787436010.0447335,1685.905,0,0,100,2094
1787436011.073478,1686.934,0,0,100,2094
1787436012.103693,1687.964,0,0,100,2094
1787436013.1296756,1688.99,0,0,100,2094
1787436014.1633403,1690.024,0,0,99,2094
1787436015.1921134,1691.053,0,0,100,2094
1787436016.2193034,1692.08,0,0,99,2094
1787436017.2495449,1693.11,0,0,100,2094
1787436018.278483,1694.139,0,0,100,2094
1787436019.3060997,1695.166,0,0,100,2094
1787436020.338974,1696.199,0,0,100,2094
1787436021.3700478,1697.23,0,0,100,2094
1787436022.3988626,1698.259,0,0,100,2094
1787436023.4273746,1699.288,0,0,100,2094
1787436024.4571228,1700.318,0,0,100,2094
1787436025.4893062,1701.35,0,0,100,2094
1787436026.5230126,1702.383,0,0,99,2094
1787436027.5495112,1703.41,0,0,100,2094
1787436028.5765548,1704.437,0,0,100,2094
1787436029.602595,1705.463,0,0,100,2094
1787436030.628451,1706.489,0,0,100,2094
1787436031.6567867,1707.517,0,0,100,2094
1787436032.6843176,1708.545,0,0,100,2094
1787436033.7133687,1709.574,0,0,100,2094
1787436034.744999,1710.605,0,0,100,2094
1787436035.7778318,1711.638,0,0,99,2094
1787436036.8089201,1712.669,0,0,100,2094
1787436037.843457,1713.704,0,0,100,2094
1787436038.8698606,1714.73,0,0,100,2094
1787436039.9005926,1715.761,0,0,100,2094
1787436040.929972,1716.79,0,0,100,2094
1787436041.9622808,1717.823,0,0,100,2094
1787436042.992681,1718.853,0,0,99,2094
1787436044.0186887,1719.879,0,0,100,2094
1787436045.0474236,1720.908,0,0,99,2094
1787436046.076202,1721.937,0,0,100,2094
1787436047.107257,1722.968,0,0,100,2094
1787436048.1337597,1723.994,0,0,100,2094
1787436049.1658125,1725.026,0,0,100,2094
1787436050.1934142,1726.054,0,0,100,2094
1787436051.22265,1727.083,0,0,100,2094
1787436052.2547197,1728.115,0,0,100,2094
1787436053.282265,1729.143,0,0,99,2094
1787436054.3132405,1730.174,0,0,100,2094
1787436055.3462894,1731.207,0,0,99,2094
1787436056.3755097,1732.236,0,0,100,2094
1787436057.4016578,1733.262,0,0,100,2094
1787436058.4312804,1734.292,0,0,100,2094
1787436059.4602807,1735.321,0,0,100,2094
1787436060.4874535,1736.348,0,0,100,2094
1787436061.5159552,1737.376,0,0,100,2094
1787436062.544189,1738.405,0,0,100,2094
1787436063.5756335,1739.436,0,0,100,2094
1787436064.6098645,1740.47,0,0,100,2094
1787436065.6410167,1741.501,0,0,99,2094
1787436066.6748285,1742.535,0,0,100,2094
1787436067.7038407,1743.564,0,0,100,2094
1787436068.7346537,1744.595,0,0,100,2094
1787436069.7637331,1745.624,0,0,100,2094
1787436070.793989,1746.654,0,0,100,2094
1787436071.8219526,1747.682,0,0,100,2094
1787436072.8496838,1748.71,0,0,100,2094
1787436073.8808892,1749.741,0,0,100,2094
1787436074.9132833,1750.774,0,0,98,2094
1787436075.9455845,1751.806,0,0,100,2094
1787436076.979238,1752.84,0,0,100,2094
1787436078.0096858,1753.87,0,0,100,2094
1787436079.041654,1754.902,0,0,100,2094
1787436080.0725143,1755.933,0,0,100,2094
1787436081.1064599,1756.967,0,0,100,2094
1787436082.1361847,1757.997,0,0,100,2094
1787436083.1645522,1759.025,0,0,100,2094
1787436084.1904051,1760.051,0,0,100,2094
1787436085.2196429,1761.08,0,0,100,2094
1787436086.2461073,1762.107,0,0,100,2094
1787436087.27388,1763.134,0,0,100,2094
1787436088.3026454,1764.163,0,0,100,2094
1787436089.330701,1765.191,0,0,100,2094
1787436090.3566546,1766.217,0,0,100,2094
1787436091.3834581,1767.244,0,0,100,2094
1787436092.4128017,1768.273,0,0,100,2094
1787436093.4443753,1769.305,0,0,100,2094
1787436094.4716532,1770.332,0,0,100,2094
1787436095.5022604,1771.363,0,0,100,2094
1787436096.5321355,1772.393,0,0,100,2094
1787436097.5601113,1773.421,0,0,100,2094
1787436098.5894847,1774.45,0,0,100,2094
1787436099.618655,1775.479,0,0,100,2094
1787436100.6477916,1776.508,0,0,100,2094
1787436101.6761298,1777.537,0,0,100,2094
1787436102.7047517,1778.565,0,0,100,2094
1787436103.7309675,1779.591,0,0,100,2094
1787436104.7605,1780.621,0,0,100,2094
1787436105.7884853,1781.649,0,0,100,2094
1787436106.8153377,1782.676,0,0,100,2094
1787436107.8446016,1783.705,0,0,100,2094
1787436108.873493,1784.734,0,0,100,2094
1787436109.9023952,1785.763,0,0,100,2094
1787436110.9316452,1786.792,0,0,100,2094
1787436111.9613829,1787.822,0,0,100,2094
1787436112.988205,1788.849,0,0,100,2094
1787436114.0168781,1789.877,0,0,100,2094
1787436115.0431914,1790.904,0,0,100,2094
1787436116.076972,1791.937,0,0,100,2094
1787436117.1065063,1792.967,0,0,99,2094
1787436118.1346028,1793.995,0,0,100,2094
1787436119.1614208,1795.022,0,0,100,2094
1787436120.1882741,1796.049,0,0,100,2094
1787436121.2169478,1797.077,0,0,100,2094
1787436122.2431688,1798.104,0,0,100,2094
1787436123.2699342,1799.13,0,0,100,2094
1787436124.2962508,1800.157,0,0,100,2094
1787436125.3270068,1801.187,0,0,99,2094
1787436126.3613517,1802.222,0,0,100,2094
1787436127.3919547,1803.252,0,0,99,2094
1787436128.420161,1804.281,0,0,100,2094
1787436129.449197,1805.31,0,0,100,2094
1787436130.475008,1806.335,0,0,100,2094
1787436131.5029817,1807.363,0,0,100,2094
1787436132.529727,1808.39,0,0,100,2094
1787436133.5577898,1809.418,0,0,100,2094
1787436134.5873108,1810.448,0,0,100,2094
1787436135.6174352,1811.478,0,0,100,2094
1787436136.6490524,1812.509,0,0,100,2094
1787436137.676473,1813.537,0,0,99,2094
1787436138.711036,1814.571,0,0,100,2094
1787436139.7405787,1815.601,0,0,100,2094
1787436140.766472,1816.627,0,0,100,2094
1787436141.7945051,1817.655,0,0,100,2094
1787436142.823998,1818.684,0,0,100,2094
1787436143.850025,1819.71,0,0,100,2094
1787436144.8760154,1820.736,0,0,100,2094
1787436145.9055305,1821.766,0,0,100,2094
1787436146.9347103,1822.795,0,0,100,2094
1787436147.9629211,1823.823,0,0,99,2094
1787436148.9895256,1824.85,0,0,100,2094
1787436150.0176444,1825.878,0,0,100,2094
1787436151.0444238,1826.905,0,0,100,2094
1787436152.074437,1827.935,0,0,100,2094
1787436153.1033337,1828.964,0,0,100,2094
1787436154.129773,1829.99,0,0,100,2094
1787436155.1574833,1831.018,0,0,100,2094
1787436156.1881292,1832.049,0,0,100,2094
1787436157.2150254,1833.075,0,0,99,2094
1787436158.2413502,1834.102,0,0,100,2094
1787436159.2713192,1835.132,0,0,100,2094
1787436160.3001842,1836.161,0,0,100,2094
1787436161.330826,1837.191,0,0,100,2094
1787436162.3604314,1838.221,0,0,100,2094
1787436163.392195,1839.253,0,0,100,2094
1787436164.419725,1840.28,0,0,99,2094
1787436165.448823,1841.309,0,0,100,2094
1787436166.4788055,1842.339,0,0,99,2094
1787436167.5093288,1843.37,0,0,100,2094
1787436168.5409358,1844.401,0,0,100,2094
1787436169.5677335,1845.428,0,0,100,2094
1787436170.5935977,1846.454,0,0,100,2094
1787436171.622302,1847.483,0,0,100,2094
1787436172.6506824,1848.511,0,0,100,2094
1787436173.6871555,1849.548,0,0,100,2094
1787436174.7195835,1850.58,0,0,99,2094
1787436175.7565835,1851.617,0,0,100,2094
1787436176.8000746,1852.66,0,0,99,2094
1787436177.8306525,1853.691,0,0,100,2094
1787436178.8596501,1854.72,0,0,100,2094
1787436179.890008,1855.75,0,0,100,2094
1787436180.916377,1856.777,0,0,100,2094
1787436181.9441867,1857.805,0,0,100,2094
1787436182.9756367,1858.836,0,0,100,2094
1787436184.0030286,1859.863,0,0,100,2094
1787436185.0316997,1860.892,0,0,100,2094
1787436186.063768,1861.924,0,0,100,2094
1787436187.0957723,1862.956,0,0,99,2094
1787436188.1224034,1863.983,0,0,100,2094
1787436189.1501343,1865.011,0,0,100,2094
1787436190.1793132,1866.04,0,0,100,2094
1787436191.2086217,1867.069,0,0,100,2094
1787436192.2380426,1868.098,0,0,100,2094
1787436193.2647626,1869.125,0,0,100,2094
1787436194.2922297,1870.153,0,0,100,2094
1787436195.3246348,1871.185,0,0,100,2094
1787436196.3553147,1872.216,0,0,99,2094
1787436197.3874218,1873.248,0,0,100,2094
1787436198.4172106,1874.278,0,0,100,2094
1787436199.4464772,1875.307,0,0,100,2094
1787436200.4758763,1876.336,0,0,100,2094
1787436201.505464,1877.366,0,0,100,2094
1787436202.5394533,1878.4,0,0,100,2094
1787436203.567589,1879.428,0,0,100,2094
1787436204.5946457,1880.455,0,0,100,2094
1787436205.624966,1881.485,0,0,100,2094
1787436206.6574914,1882.518,0,0,99,2094
1787436207.6898434,1883.55,0,0,100,2094
1787436208.7171175,1884.578,0,0,100,2094
1787436209.7457504,1885.606,0,0,100,2094
1787436210.775385,1886.636,0,0,100,2094
1787436211.802919,1887.663,0,0,100,2094
1787436212.8314433,1888.692,0,0,100,2094
1787436213.8595695,1889.72,0,0,99,2094
1787436214.8897834,1890.75,0,0,100,2094
1787436215.9204829,1891.781,0,0,98,2094
1787436216.9505346,1892.811,0,0,100,2094
1787436217.9794774,1893.84,0,0,100,2094
1787436219.009909,1894.87,0,0,100,2094
1787436220.0424993,1895.903,0,0,100,2094
1787436221.0704136,1896.931,0,0,100,2094
1787436222.0988634,1897.959,0,0,100,2094
1787436223.133997,1898.994,0,0,100,2094
1787436224.1626961,1900.023,0,0,99,2094
1787436225.190347,1901.051,0,0,100,2094
1787436226.224577,1902.085,0,0,99,2094
1787436227.2574122,1903.118,0,0,100,2094
1787436228.287053,1904.147,0,0,100,2094
1787436229.3176274,1905.178,0,0,100,2094
1787436230.3468785,1906.207,0,0,100,2094
1787436231.3777506,1907.238,0,0,100,2094
1787436232.4075203,1908.268,0,0,100,2094
1787436233.4360087,1909.296,0,0,100,2094
1787436234.4681098,1910.329,0,0,100,2094
1787436235.4969866,1911.357,0,0,99,2094
1787436236.5354702,1912.396,0,0,100,2094
1787436237.5627387,1913.423,0,0,99,2094
1787436238.5902455,1914.451,0,0,100,2094
1787436239.621563,1915.482,0,0,100,2094
1787436240.6505015,1916.511,0,0,100,2094
1787436241.6805573,1917.541,0,0,100,2094
1787436242.7130213,1918.573,0,0,100,2094
1787436243.7426162,1919.603,0,0,100,2094
1787436244.7730243,1920.633,0,0,100,2094
1787436245.807248,1921.668,0,0,98,2094
1787436246.8478677,1922.708,0,0,100,2094
1787436247.875776,1923.736,0,0,100,2094
1787436248.905709,1924.766,0,0,100,2094
1787436249.9336956,1925.794,0,0,100,2094
1787436250.9606333,1926.821,0,0,100,2094
1787436251.990035,1927.85,0,0,100,2094
1787436253.0164971,1928.877,0,0,100,2094
1787436254.0463073,1929.907,0,0,100,2094
1787436255.080373,1930.941,0,0,100,2094
1787436256.1128356,1931.973,0,0,99,2094
1787436257.1419125,1933.002,0,0,100,2094
1787436258.1683033,1934.029,0,0,100,2094
1787436259.2019758,1935.062,0,0,100,2094
1787436260.2279716,1936.088,0,0,100,2094
1787436261.257618,1937.118,0,0,100,2094
1787436262.2876563,1938.148,0,0,100,2094
1787436263.313963,1939.174,0,0,99,2094
1787436264.3440783,1940.204,0,0,100,2094
1787436265.3754659,1941.236,0,0,99,2094
1787436266.4063823,1942.267,0,0,100,2094
1787436267.4348752,1943.295,0,0,100,2094
1787436268.4636252,1944.324,0,0,100,2094
1787436269.492174,1945.353,0,0,100,2094
1787436270.5199745,1946.38,0,0,100,2094
1787436271.5473633,1947.408,0,0,100,2094
1787436272.574352,1948.435,0,0,99,2094
1787436273.6023443,1949.463,0,0,100,2094
1787436274.6337922,1950.494,0,0,99,2094
1787436275.662825,1951.523,0,0,100,2094
1787436276.694388,1952.555,0,0,100,2094
1787436277.720809,1953.581,0,0,100,2094
1787436278.7509487,1954.611,0,0,100,2094
1787436279.7839117,1955.644,0,0,100,2094
1787436280.8136172,1956.674,0,0,100,2094
1787436281.843355,1957.704,0,0,100,2094
1787436282.8729777,1958.733,0,0,100,2094
1787436283.9016669,1959.762,0,0,100,2094
1787436284.9310288,1960.791,0,0,99,2094
1787436285.9654462,1961.826,0,0,100,2094
1787436286.9987772,1962.859,0,0,100,2094
1787436288.0296156,1963.89,0,0,100,2094
1787436289.0627275,1964.923,0,0,100,2094
1787436290.0953298,1965.956,0,0,100,2094
1787436291.123091,1966.983,0,0,100,2094
1787436292.1554573,1968.016,0,0,100,2094
1787436293.1885939,1969.049,0,0,100,2094
1787436294.2234654,1970.084,0,0,100,2094
1787436295.254805,1971.115,0,0,99,2094
1787436296.2832322,1972.144,0,0,100,2094
1787436297.313534,1973.174,0,0,100,2094
1787436298.3394217,1974.2,0,0,100,2094
1787436299.370528,1975.231,0,0,100,2094
1787436300.3994293,1976.26,0,0,100,2094
1787436301.427975,1977.288,0,0,100,2094
1787436302.461678,1978.322,0,0,100,2094
1787436303.4960713,1979.356,0,0,100,2094
1787436304.5310209,1980.391,0,0,100,2094
1787436305.558367,1981.419,0,0,99,2094
1787436306.58473,1982.445,0,0,100,2094
1787436307.6127987,1983.473,0,0,100,2094
1787436308.6436305,1984.504,0,0,100,2094
1787436309.670422,1985.531,0,0,100,2094
1787436310.6998806,1986.56,0,0,100,2094
1787436311.732941,1987.593,0,0,99,2094
1787436312.7597063,1988.62,0,0,100,2094
1787436313.7882247,1989.649,0,0,99,2094
1787436314.8195648,1990.68,0,0,100,2094
1787436315.8522632,1991.713,0,0,100,2094
1787436316.8805308,1992.741,0,0,100,2094
1787436317.9078174,1993.768,0,0,100,2094
1787436318.938552,1994.799,0,0,100,2094
1787436319.9652953,1995.826,0,0,100,2094
1787436320.9927933,1996.853,0,0,100,2094
1787436322.023216,1997.884,0,0,100,2094
1787436323.058315,1998.919,0,0,100,2094
1787436324.0905316,1999.951,0,0,99,2094
1787436325.1242604,2000.985,0,0,100,2094
1787436326.1540647,2002.014,0,0,100,2094
1787436327.1798286,2003.04,0,0,100,2094
1787436328.2110834,2004.071,0,0,100,2094
1787436329.2398748,2005.1,0,0,100,2094
1787436330.2662313,2006.127,0,0,100,2094
1787436331.2973857,2007.158,0,0,100,2094
1787436332.326729,2008.187,0,0,100,2094
1787436333.3585494,2009.219,0,0,100,2094
1787436334.388701,2010.249,0,0,99,2094
1787436335.4183319,2011.279,0,0,100,2094
1787436336.4483054,2012.309,0,0,100,2094
1787436337.4778857,2013.338,0,0,100,2094
1787436338.5183766,2014.379,0,0,100,2094
1787436339.5456223,2015.406,0,0,100,2094
1787436340.572982,2016.433,0,0,100,2094
1787436341.5997493,2017.46,0,0,100,2094
1787436342.6317205,2018.492,0,0,100,2094
1787436343.6619987,2019.522,0,0,100,2094
1787436344.6935833,2020.554,0,0,99,2094
1787436345.7262895,2021.587,0,0,100,2094
1787436346.7529874,2022.613,0,0,100,2094
1787436347.783999,2023.644,0,0,100,2094
1787436348.8117824,2024.672,0,0,100,2094
1787436349.842666,2025.703,0,0,100,2094
1787436350.874051,2026.734,0,0,100,2094
1787436351.9071364,2027.768,0,0,100,2094
1787436352.9359918,2028.796,0,0,100,2094
1787436353.965459,2029.826,0,0,99,2094
1787436354.9942229,2030.855,0,0,100,2094
1787436356.022002,2031.882,0,0,100,2094
1787436357.0559492,2032.916,0,0,100,2094
1787436358.0860915,2033.946,0,0,100,2094
1787436359.117515,2034.978,0,0,100,2094
1787436360.149676,2036.01,0,0,100,2094
1787436361.1772897,2037.038,0,0,100,2094
1787436362.2037358,2038.064,0,0,100,2094
1787436363.2348495,2039.095,0,0,99,2094
1787436364.2631128,2040.124,0,0,100,2094
1787436365.2929528,2041.153,0,0,100,2094
1787436366.31925,2042.18,0,0,100,2094
1787436367.3470976,2043.207,0,0,100,2094
1787436368.3760211,2044.236,0,0,100,2094
1787436369.4066217,2045.267,0,0,100,2094
1787436370.4329998,2046.293,0,0,100,2094
1787436371.4609427,2047.321,0,0,99,2094
1787436372.493968,2048.354,0,0,100,2094
1787436373.522652,2049.383,0,0,99,2094
1787436374.5576272,2050.418,0,0,100,2094
1787436375.5868764,2051.447,0,0,100,2094
1787436376.617794,2052.478,0,0,100,2094
1787436377.6476014,2053.508,0,0,100,2094
1787436378.6773899,2054.538,0,0,100,2094
1787436379.704382,2055.565,0,0,100,2094
1787436380.732642,2056.593,0,0,100,2094
1787436381.763897,2057.624,0,0,100,2094
1787436382.7955875,2058.656,0,0,100,2094
1787436383.8268766,2059.687,0,0,99,2094
1787436384.8574111,2060.718,0,0,100,2094
1787436385.8850906,2061.745,0,0,100,2094
1787436386.9117725,2062.772,0,0,100,2094
1787436387.9417675,2063.802,0,0,100,2094
1787436388.9688082,2064.829,0,0,100,2094
1787436389.996539,2065.857,0,0,100,2094
1787436391.024682,2066.885,0,0,100,2094
1787436392.0550501,2067.915,0,0,100,2094
1787436393.0852902,2068.946,0,0,99,2094
1787436394.1173275,2069.978,0,0,100,2094
1787436395.1474938,2071.008,0,0,100,2094
1787436396.1758206,2072.036,0,0,100,2094
1787436397.2031603,2073.064,0,0,100,2094
1787436398.2298722,2074.09,0,0,100,2094
1787436399.2610767,2075.121,0,0,100,2094
1787436400.2967832,2076.157,0,0,100,2094
1787436401.326637,2077.187,0,0,100,2094
1787436402.3546755,2078.215,0,0,100,2094
1787436403.3841336,2079.245,0,0,99,2094
1787436404.414205,2080.275,0,0,100,2094
1787436405.4421084,2081.303,0,0,100,2094
1787436406.469802,2082.33,0,0,100,2094
1787436407.4984093,2083.359,0,0,100,2094
1787436408.5264907,2084.387,0,0,100,2094
1787436409.6734142,2085.534,0,0,100,2094
1787436410.7037766,2086.564,0,0,99,2094
1787436411.7329102,2087.593,0,0,100,2094
1787436412.7654085,2088.626,0,0,99,2094
1787436413.7933276,2089.654,0,0,100,2094
1787436414.82091,2090.681,0,0,100,2094
1787436415.8454306,2091.706,0,0,100,2094
1787436416.8772495,2092.738,0,0,100,2094
1787436417.903746,2093.764,0,0,100,2094
1787436418.9299743,2094.79,0,0,100,2094
1787436419.9619062,2095.822,0,0,100,2094
1787436420.9882233,2096.849,0,0,100,2094
1787436422.0198195,2097.88,0,0,99,2094
1787436423.0484338,2098.909,0,0,100,2094
1787436424.0778122,2099.938,0,0,100,2094
1787436425.1057582,2100.966,0,0,100,2094
1787436426.132207,2101.993,0,0,100,2094
1787436427.1620452,2103.022,0,0,100,2094
1787436428.1909645,2104.051,0,0,100,2094
1787436429.225857,2105.086,0,0,100,2094
1787436430.2550495,2106.115,0,0,100,2094
1787436431.2866685,2107.147,0,0,100,2094
1787436432.3206573,2108.181,0,0,99,2094
1787436433.3533573,2109.214,0,0,100,2094
1787436434.3854148,2110.246,0,0,100,2094
1787436435.418253,2111.279,0,0,100,2094
1787436436.444372,2112.305,0,0,100,2094
1787436437.476563,2113.337,0,0,100,2094
1787436438.505889,2114.366,0,0,100,2094
1787436439.5386162,2115.399,0,0,100,2094
1787436440.5680702,2116.428,0,0,100,2094
1787436441.5972233,2117.458,0,0,100,2094
1787436442.6259127,2118.486,0,0,99,2094
1787436443.6577609,2119.518,0,0,100,2094
1787436444.6840527,2120.544,0,0,100,2094
1787436445.7116506,2121.572,0,0,100,2094
1787436446.7392762,2122.6,0,0,100,2094
1787436447.767013,2123.627,0,0,100,2094
1787436448.7930071,2124.653,0,0,100,2094
1787436449.8203804,2125.681,0,0,100,2094
1787436450.8506806,2126.711,0,0,100,2094
1787436451.9052002,2127.766,0,0,100,2094
1787436452.9394217,2128.8,0,0,99,2094
1787436453.9700232,2129.83,0,0,100,2094
1787436454.9999692,2130.86,0,0,100,2094
1787436456.0298555,2131.89,0,0,100,2094
1787436457.0628772,2132.923,0,0,100,2094
1787436458.0891912,2133.95,0,0,100,2094
1787436459.1188397,2134.979,0,0,99,2094
1787436460.1475985,2136.008,0,0,100,2094
1787436461.1798801,2137.04,0,0,99,2094
1787436462.2094617,2138.07,0,0,100,2094
1787436463.240659,2139.101,0,0,100,2094
1787436464.274379,2140.135,0,0,100,2094
1787436465.30307,2141.163,0,0,100,2094
1787436466.3288765,2142.189,0,0,100,2094
1787436467.355791,2143.216,0,0,100,2094
1787436468.3822727,2144.243,0,0,100,2094
1787436469.4094846,2145.27,0,0,99,2094
1787436470.4403121,2146.301,0,0,100,2094
1787436471.471311,2147.332,0,0,99,2094
1787436472.5018427,2148.362,0,0,100,2094
1787436473.5309513,2149.391,0,0,100,2094
1787436474.5644176,2150.425,0,0,100,2094
1787436475.5944102,2151.455,0,0,100,2094
1787436476.624451,2152.485,0,0,100,2094
1787436477.6545038,2153.515,0,0,100,2094
1787436478.686259,2154.547,0,0,100,2094
1787436479.7146373,2155.575,0,0,100,2094
1787436480.7456088,2156.606,0,0,100,2094
1787436481.7731905,2157.634,0,0,99,2094
1787436482.8049207,2158.665,0,0,100,2094
1787436483.833284,2159.694,0,0,100,2094
1787436484.859855,2160.72,0,0,100,2094
1787436485.8860998,2161.746,0,0,100,2094
1787436486.9164114,2162.777,0,0,100,2094
1787436487.9449117,2163.805,0,0,100,2094
1787436488.973497,2164.834,0,0,100,2094
1787436490.0039814,2165.864,0,0,100,2094
1787436491.0337343,2166.894,0,0,100,2094
1787436492.062176,2167.923,0,0,85,2094
1787436493.09078,2168.951,0,0,100,2094
1787436494.118834,2169.979,0,0,100,2094
1787436495.1498525,2171.01,0,0,100,2094
1787436496.1821873,2172.043,0,0,100,2094
1787436497.2104976,2173.071,0,0,100,2094
1787436498.2396991,2174.1,0,0,100,2094
1787436499.267339,2175.128,0,0,100,2094
1787436500.2967153,2176.157,0,0,100,2094
1787436501.3287852,2177.189,0,0,99,2094
1787436502.3569965,2178.217,0,0,100,2094
1787436503.383011,2179.243,0,0,100,2094
1787436504.4092877,2180.27,0,0,100,2094
1787436505.4353502,2181.296,0,0,100,2094
1787436506.4631226,2182.324,0,0,100,2094
1787436507.4952765,2183.356,0,0,100,2094
1787436508.5231369,2184.384,0,0,100,2094
1787436509.549623,2185.41,0,0,100,2094
1787436510.5755641,2186.436,0,0,98,2094
1787436511.604712,2187.465,0,0,100,2094
1787436512.636636,2188.497,0,0,100,2094
1787436513.6639342,2189.524,0,0,100,2094
1787436514.6946447,2190.555,0,0,100,2094
1787436515.7214515,2191.582,0,0,100,2094
1787436516.751473,2192.612,0,0,100,2094
1787436517.7796288,2193.64,0,0,100,2094
1787436518.8080003,2194.668,0,0,99,2094
1787436519.8422005,2195.703,0,0,100,2094
1787436520.872105,2196.733,0,0,99,2094
1787436521.9037716,2197.764,0,0,100,2094
1787436522.9297001,2198.79,0,0,100,2094
1787436523.9570184,2199.817,0,0,100,2094
1787436524.986379,2200.847,0,0,100,2094
1787436526.015729,2201.876,0,0,100,2094
1787436527.042495,2202.903,0,0,100,2094
1787436528.0694993,2203.93,0,0,100,2094
1787436529.1028025,2204.963,0,0,100,2094
1787436530.1367798,2205.997,0,0,100,2094
1787436531.1674387,2207.028,0,0,98,2094
1787436532.1994517,2208.06,0,0,100,2094
1787436533.2293608,2209.09,0,0,100,2094
1787436534.257596,2210.118,0,0,99,2094
1787436535.2837527,2211.144,0,0,100,2094
1787436536.3130405,2212.173,0,0,100,2094
1787436537.3429945,2213.203,0,0,100,2094
1787436538.3694901,2214.23,0,0,100,2094
1787436539.3975787,2215.258,0,0,100,2094
1787436540.425835,2216.286,0,0,100,2094
1787436541.453127,2217.314,0,0,100,2094
1787436542.4824214,2218.343,0,0,100,2094
1787436543.512674,2219.373,0,0,100,2094
1787436544.5397522,2220.4,0,0,100,2094
1787436545.5720496,2221.432,0,0,100,2094
1787436546.6015272,2222.462,0,0,100,2094
1787436547.6290095,2223.489,0,0,100,2094
1787436548.662483,2224.523,0,0,100,2094
1787436549.6933322,2225.554,0,0,100,2094
1787436550.7226558,2226.583,0,0,99,2094
1787436551.754619,2227.615,0,0,100,2094
1787436552.7865386,2228.647,0,0,100,2094
1787436553.8169868,2229.677,0,0,100,2094
1787436554.8436625,2230.704,0,0,100,2094
1787436555.8737078,2231.734,0,0,100,2094
1787436556.9021826,2232.763,0,0,100,2094
1787436557.9285145,2233.789,0,0,100,2094
1787436558.9567811,2234.817,0,0,100,2094
1787436559.9865913,2235.847,0,0,100,2094
1787436561.0128765,2236.873,0,0,100,2094
1787436562.0388718,2237.899,0,0,100,2094
1787436563.0664046,2238.927,0,0,100,2094
1787436564.0956666,2239.956,0,0,100,2094
1787436565.1221602,2240.983,0,0,100,2094
1787436566.1506557,2242.011,0,0,100,2094
1787436567.18433,2243.045,0,0,100,2094
1787436568.2123907,2244.073,0,0,100,2094
1787436569.246624,2245.107,0,0,100,2094
1787436570.2791207,2246.14,0,0,100,2094
1787436571.308352,2247.169,0,0,100,2094
1787436572.340614,2248.201,0,0,100,2094
1787436573.3727963,2249.233,0,0,100,2094
1787436574.4017801,2250.262,0,0,99,2094
1787436575.431787,2251.292,0,0,100,2094
1787436576.460506,2252.321,0,0,100,2094
1787436577.486367,2253.347,0,0,100,2094
1787436578.5130384,2254.373,0,0,100,2094
1787436579.5391302,2255.4,0,0,100,2094
1787436580.5700278,2256.43,0,0,99,2094
1787436581.596246,2257.457,0,0,100,2094
1787436582.6266901,2258.487,0,0,99,2094
1787436583.654435,2259.515,0,0,100,2094
1787436584.6817162,2260.542,0,0,100,2094
1787436585.7112842,2261.572,0,0,100,2094
1787436586.738997,2262.599,0,0,100,2094
1787436587.7691336,2263.63,0,0,100,2094
1787436588.8000603,2264.66,0,0,100,2094
1787436589.8262675,2265.687,0,0,100,2094
1787436590.8549182,2266.715,0,0,99,2094
1787436591.8897877,2267.75,0,0,100,2094
1787436592.923033,2268.783,0,0,99,2094
1787436593.9510448,2269.811,0,0,100,2094
1787436594.9805381,2270.841,0,0,100,2094
1787436596.0102715,2271.871,0,0,100,2094
1787436597.0397642,2272.9,0,0,100,2094
1787436598.069952,2273.93,0,0,100,2094
1787436599.099575,2274.96,0,0,100,2094
1787436600.1303937,2275.991,0,0,100,2094
1787436601.158674,2277.019,0,0,100,2094
1787436602.3566556,2278.217,0,0,100,2094
1787436603.3875995,2279.248,0,0,99,2094
1787436604.4148688,2280.275,0,0,100,2094
1787436605.4411664,2281.302,0,0,100,2094
1787436606.4712663,2282.332,0,0,100,2094
1787436607.498813,2283.359,0,0,100,2094
1787436608.5249417,2284.385,0,0,100,2094
1787436609.5514665,2285.412,0,0,100,2094
1787436610.583277,2286.444,0,0,100,2094
1787436611.6174269,2287.478,0,0,100,2094
1787436612.6458468,2288.506,0,0,99,2094
1787436613.6733465,2289.534,0,0,100,2094
1787436614.7030292,2290.563,0,0,100,2094
1787436615.730603,2291.591,0,0,100,2094
1787436616.7590096,2292.619,0,0,100,2094
1787436617.7913432,2293.652,0,0,100,2094
1787436618.8186169,2294.679,0,0,100,2094
1787436619.8470626,2295.707,0,0,100,2094
1787436620.8747976,2296.735,0,0,100,2094
1787436621.904024,2297.764,0,0,100,2094
1787436622.9299326,2298.79,0,0,99,2094
1787436623.9618704,2299.822,0,0,100,2094
1787436624.9871259,2300.848,0,0,100,2094
1787436626.0195897,2301.88,0,0,100,2094
1787436627.0516465,2302.912,0,0,100,2094
1787436628.0801773,2303.941,0,0,100,2094
1787436629.1065679,2304.967,0,0,100,2094
1787436630.1374388,2305.998,0,0,99,2094
1787436631.171002,2307.031,0,0,100,2094
1787436632.2021272,2308.063,0,0,99,2094
1787436633.2402496,2309.101,0,0,100,2094
1787436634.2686567,2310.129,0,0,100,2094
1787436635.2975967,2311.158,0,0,100,2094
1787436636.3289125,2312.189,0,0,100,2094
1787436637.3590147,2313.219,0,0,100,2094
1787436638.3919463,2314.252,0,0,100,2094
1787436639.425081,2315.285,0,0,100,2094
1787436640.4539847,2316.314,0,0,99,2094
1787436641.4823785,2317.343,0,0,100,2094
1787436642.5140707,2318.374,0,0,99,2094
1787436643.5419893,2319.402,0,0,100,2094
1787436644.5708957,2320.431,0,0,100,2094
1787436645.5987399,2321.459,0,0,100,2094
1787436646.628455,2322.489,0,0,100,2094
1787436647.6660812,2323.526,0,0,100,2094
1787436648.6941047,2324.555,0,0,100,2094
1787436649.7199752,2325.58,0,0,100,2094
1787436650.7505112,2326.611,0,0,100,2094
1787436651.7830822,2327.643,0,0,99,2094
1787436652.815405,2328.676,0,0,100,2094
1787436653.8451385,2329.706,0,0,100,2094
1787436654.8752327,2330.736,0,0,100,2094
1787436655.905032,2331.765,0,0,100,2094
1787436656.9365435,2332.797,0,0,100,2094
1787436657.9675188,2333.828,0,0,100,2094
1787436659.001093,2334.861,0,0,100,2094
1787436660.033374,2335.894,0,0,100,2094
1787436661.0681999,2336.929,0,0,100,2094
1787436662.1039186,2337.964,0,0,98,2094
1787436663.135072,2338.995,0,0,100,2094
1787436664.1676686,2340.028,0,0,100,2094
1787436665.194952,2341.055,0,0,100,2094
1787436666.2212145,2342.082,0,0,100,2094
1787436667.2510097,2343.111,0,0,100,2094
1787436668.2777646,2344.138,0,0,100,2094
1787436669.3047025,2345.165,0,0,100,2094
1787436670.3350646,2346.195,0,0,100,2094
1787436671.3658783,2347.226,0,0,100,2094
1787436672.3950553,2348.255,0,0,99,2094
1787436673.4209805,2349.281,0,0,100,2094
1787436674.4537747,2350.314,0,0,100,2094
1787436675.480736,2351.341,0,0,100,2094
1787436676.5066931,2352.367,0,0,100,2094
1787436677.534792,2353.395,0,0,100,2094
1787436678.7346942,2354.595,0,0,100,2094
1787436679.764954,2355.625,0,0,100,2094
1787436680.7973757,2356.658,0,0,100,2094
1787436681.8291008,2357.689,0,0,99,2094
1787436682.863639,2358.724,0,0,100,2094
1787436683.8939056,2359.754,0,0,100,2094
1787436684.924558,2360.785,0,0,100,2094
1787436685.9542704,2361.815,0,0,100,2094
1787436686.982334,2362.843,0,0,100,2094
1787436688.01136,2363.872,0,0,100,2094
1787436689.0385249,2364.899,0,0,99,2094
1787436690.0674715,2365.928,0,0,100,2094
1787436691.0964427,2366.957,0,0,99,2094
1787436692.1282487,2367.989,0,0,100,2094
1787436693.15907,2369.019,0,0,100,2094
1787436694.1875927,2370.048,0,0,100,2094
1787436695.2140381,2371.074,0,0,100,2094
1787436696.2403278,2372.101,0,0,100,2094
1787436697.2686884,2373.129,0,0,100,2094
1787436698.2970061,2374.157,0,0,100,2094
1787436699.3304858,2375.191,0,0,100,2094
1787436700.3605962,2376.221,0,0,100,2094
1787436701.3925526,2377.253,0,0,99,2094
1787436702.4218214,2378.282,0,0,100,2094
1787436703.451834,2379.312,0,0,100,2094
1787436704.47797,2380.338,0,0,100,2094
1787436705.5057614,2381.366,0,0,100,2094
1787436706.5325108,2382.393,0,0,100,2094
1787436707.5630515,2383.423,0,0,100,2094
1787436708.592736,2384.453,0,0,100,2094
1787436709.619324,2385.48,0,0,100,2094
1787436710.6516526,2386.512,0,0,100,2094
1787436711.6796894,2387.54,0,0,98,2094
1787436712.706212,2388.567,0,0,100,2094
1787436713.735484,2389.596,0,0,100,2094
1787436714.7702208,2390.631,0,0,100,2094
1787436715.7974684,2391.658,0,0,100,2094
1787436716.8267133,2392.687,0,0,100,2094
1787436717.859258,2393.72,0,0,100,2094
1787436718.888459,2394.749,0,0,100,2094
1787436719.9180455,2395.778,0,0,100,2094
1787436720.9491227,2396.81,0,0,100,2094
1787436721.9797978,2397.84,0,0,98,2094
1787436723.0087452,2398.869,0,0,100,2094
1787436724.0401719,2399.901,0,0,100,2094
1787436725.067238,2400.928,0,0,100,2094
1787436726.0971696,2401.958,0,0,100,2094
1787436727.1254513,2402.986,0,0,100,2094
1787436728.1527157,2404.013,0,0,99,2094
1787436729.182672,2405.043,0,0,100,2094
1787436730.2136753,2406.074,0,0,99,2094
1787436731.2430305,2407.103,0,0,100,2094
1787436732.2794168,2408.14,0,0,100,2094
1787436733.3084643,2409.169,0,0,100,2094
1787436734.3409834,2410.201,0,0,100,2094
1787436735.3668451,2411.227,0,0,100,2094
1787436736.395464,2412.256,0,0,100,2094
1787436737.421551,2413.282,0,0,100,2094
1787436738.4516072,2414.312,0,0,100,2094
1787436739.4828506,2415.343,0,0,100,2094
1787436740.5119,2416.372,0,0,99,2094
1787436741.5419924,2417.402,0,0,100,2094
1787436742.5687695,2418.429,0,0,100,2094
1787436743.59687,2419.457,0,0,100,2094
1787436744.6237047,2420.484,0,0,100,2094
1787436745.6541283,2421.515,0,0,100,2094
1787436746.6817849,2422.542,0,0,100,2094
1787436747.712121,2423.573,0,0,100,2094
1787436748.7415264,2424.602,0,0,100,2094
1787436749.931576,2425.792,0,0,100,2094
1787436750.9600084,2426.82,0,0,98,2094
1787436751.988085,2427.848,0,0,100,2094
1787436753.0183606,2428.879,0,0,100,2094
1787436754.0465012,2429.907,0,0,100,2094
1787436755.0783956,2430.939,0,0,100,2094
1787436756.1087887,2431.969,0,0,100,2094
1787436757.1382117,2432.999,0,0,100,2094
1787436758.1682506,2434.029,0,0,100,2094
1787436759.1985493,2435.059,0,0,100,2094
1787436760.2300367,2436.09,0,0,99,2094
1787436761.2615535,2437.122,0,0,100,2094
1787436762.2926335,2438.153,0,0,100,2094
1787436763.3210816,2439.181,0,0,100,2094
1787436764.3469572,2440.207,0,0,100,2094
1787436765.3780432,2441.238,0,0,100,2094
1787436766.4067993,2442.267,0,0,100,2094
1787436767.4385786,2443.299,0,0,100,2094
1787436768.468193,2444.329,0,0,100,2094
1787436769.500004,2445.36,0,0,99,2094
1787436770.534297,2446.395,0,0,99,2094
1787436771.5654628,2447.426,0,0,100,2094
1787436772.5985851,2448.459,0,0,100,2094
1787436773.6272871,2449.488,0,0,100,2094
1787436774.6579587,2450.518,0,0,100,2094
1787436775.6851149,2451.546,0,0,100,2094
1787436776.714977,2452.575,0,0,100,2094
1787436777.7419584,2453.602,0,0,99,2094
1787436778.7732995,2454.634,0,0,100,2094
1787436779.8045945,2455.665,0,0,99,2094
1787436780.8361337,2456.697,0,0,100,2094
1787436781.8645484,2457.725,0,0,100,2094
1787436782.8935854,2458.754,0,0,100,2094
1787436783.922517,2459.783,0,0,100,2094
1787436784.9521728,2460.813,0,0,100,2094
1787436785.9839842,2461.844,0,0,100,2094
1787436787.011746,2462.872,0,0,100,2094
1787436788.0409582,2463.901,0,0,100,2094
1787436789.0688818,2464.929,0,0,100,2094
1787436790.1019754,2465.962,0,0,99,2094
1787436791.128885,2466.989,0,0,100,2094
1787436792.1563532,2468.017,0,0,100,2094
1787436793.1934876,2469.054,0,0,100,2094
1787436794.2223256,2470.083,0,0,100,2094
1787436795.2507122,2471.111,0,0,100,2094
1787436796.2833974,2472.144,0,0,100,2094
1787436797.3096476,2473.17,0,0,100,2094
1787436798.342969,2474.203,0,0,100,2094
1787436799.375562,2475.236,0,0,99,2094
1787436800.405199,2476.266,0,0,100,2094
1787436801.4381757,2477.299,0,0,100,2094
1787436802.4656808,2478.326,0,0,100,2094
1787436803.4937935,2479.354,0,0,100,2094
1787436804.523005,2480.383,0,0,100,2094
1787436805.548752,2481.409,0,0,100,2094
1787436806.5774717,2482.438,0,0,100,2094
1787436807.607444,2483.468,0,0,100,2094
1787436808.6358876,2484.496,0,0,100,2094
1787436809.6699739,2485.53,0,0,99,2094
1787436810.697131,2486.558,0,0,100,2094
1787436811.7233977,2487.584,0,0,100,2094
1787436812.758784,2488.619,0,0,100,2094
1787436813.785402,2489.646,0,0,100,2094
1787436814.814993,2490.675,0,0,100,2094
1787436815.84176,2491.702,0,0,100,2094
1787436816.8703434,2492.731,0,0,100,2094
1787436817.8993964,2493.76,0,0,100,2094
1787436818.9317167,2494.792,0,0,99,2094
1787436819.9604785,2495.821,0,0,100,2094
1787436820.9898813,2496.85,0,0,100,2094
1787436822.0162745,2497.877,0,0,100,2094
1787436823.0462368,2498.907,0,0,100,2094
1787436824.077677,2499.938,0,0,100,2094
1787436825.1047125,2500.965,0,0,100,2094
1787436826.1312103,2501.992,0,0,100,2094
1787436827.1578255,2503.018,0,0,99,2094
1787436828.185908,2504.046,0,0,100,2094
1787436829.2186992,2505.079,0,0,99,2094
1787436830.2482786,2506.109,0,0,100,2094
1787436831.277221,2507.138,0,0,100,2094
1787436832.3075235,2508.168,0,0,84,2094
1787436833.33738,2509.198,0,0,100,2094
1787436834.3684115,2510.229,0,0,100,2094
1787436835.394871,2511.255,0,0,100,2094
1787436836.4240794,2512.284,0,0,100,2094
1787436837.453839,2513.314,0,0,100,2094
1787436838.479929,2514.34,0,0,99,2094
1787436839.5083377,2515.369,0,0,100,2094
1787436840.5412169,2516.402,0,0,100,2094
1787436841.571763,2517.432,0,0,100,2094
1787436842.5984745,2518.459,0,0,100,2094
1787436843.6266243,2519.487,0,0,100,2094
1787436844.653988,2520.514,0,0,100,2094
1787436845.6801195,2521.541,0,0,100,2094
1787436846.710587,2522.571,0,0,100,2094
1787436847.7407203,2523.601,0,0,100,2094
1787436848.7709322,2524.631,0,0,99,2094
1787436849.7992558,2525.66,0,0,100,2094
1787436850.8277376,2526.688,0,0,100,2094
1787436851.8555796,2527.716,0,0,100,2094
1787436852.8825247,2528.743,0,0,100,2094
1787436853.909119,2529.77,0,0,100,2094
1787436854.9390268,2530.799,0,0,100,2094
1787436855.968976,2531.829,0,0,100,2094
1787436856.9962332,2532.857,0,0,100,2094
1787436858.025994,2533.886,0,0,100,2094
1787436859.056437,2534.917,0,0,99,2094
1787436860.0880935,2535.948,0,0,100,2094
1787436861.1167984,2536.977,0,0,100,2094
1787436862.1443946,2538.005,0,0,100,2094
1787436863.1743364,2539.035,0,0,100,2094
1787436864.2006977,2540.061,0,0,100,2094
1787436865.2268145,2541.087,0,0,100,2094
1787436866.2602067,2542.121,0,0,100,2094
1787436867.2929862,2543.153,0,0,100,2094
1787436868.3213618,2544.182,0,0,100,2094
1787436869.3519049,2545.212,0,0,99,2094
1787436870.3805914,2546.241,0,0,100,2094
1787436871.4107165,2547.271,0,0,100,2094
1787436872.4433634,2548.304,0,0,100,2094
1787436873.4733512,2549.334,0,0,100,2094
1787436874.5045593,2550.365,0,0,100,2094
1787436875.5371532,2551.398,0,0,100,2094
1787436876.5636747,2552.424,0,0,99,2094
1787436877.5945451,2553.455,0,0,99,2094
1787436878.6226418,2554.483,0,0,100,2094
1787436879.6507874,2555.511,0,0,100,2094
1787436880.6764853,2556.537,0,0,100,2094
1787436881.7023149,2557.563,0,0,100,2094
1787436882.731523,2558.592,0,0,100,2094
1787436883.7601337,2559.621,0,0,100,2094
1787436884.7917998,2560.652,0,0,100,2094
1787436885.8189466,2561.679,0,0,99,2094
1787436886.8520904,2562.712,0,0,100,2094
1787436887.8859353,2563.746,0,0,99,2094
1787436888.9171968,2564.778,0,0,100,2094
1787436889.94555,2565.806,0,0,100,2094
1787436890.9725888,2566.833,0,0,100,2094
1787436892.0099585,2567.87,0,0,100,2094
1787436893.0440156,2568.904,0,0,100,2094
1787436894.0703194,2569.931,0,0,100,2094
1787436895.0967393,2570.957,0,0,100,2094
1787436896.1238198,2571.984,0,0,100,2094
1787436897.1524656,2573.013,0,0,100,2094
1787436898.1872966,2574.048,0,0,99,2094
1787436899.217392,2575.078,0,0,100,2094
1787436900.2459152,2576.106,0,0,100,2094
1787436901.2770205,2577.137,0,0,100,2094
1787436902.3038194,2578.164,0,0,100,2094
1787436903.3351736,2579.196,0,0,100,2094
1787436904.3649867,2580.225,0,0,100,2094
1787436905.3978531,2581.258,0,0,100,2094
1787436906.4236486,2582.284,0,0,100,2094
1787436907.4504821,2583.311,0,0,100,2094
1787436908.4857523,2584.346,0,0,99,2094
1787436909.5132573,2585.374,0,0,100,2094
1787436910.543321,2586.404,0,0,100,2094
1787436911.5722597,2587.433,0,0,100,2094
1787436912.6018066,2588.462,0,0,100,2094
1787436913.6312492,2589.492,0,0,99,2094
1787436914.6613643,2590.522,0,0,100,2094
1787436915.691258,2591.552,0,0,100,2094
1787436916.7183173,2592.579,0,0,100,2094
1787436917.7485085,2593.609,0,0,99,2094
1787436918.7757163,2594.636,0,0,100,2094
1787436919.8047576,2595.665,0,0,100,2094
1787436920.8325338,2596.693,0,0,100,2094
1787436921.861817,2597.722,0,0,100,2094
1787436922.8882082,2598.749,0,0,100,2094
1787436923.9197206,2599.78,0,0,100,2094
1787436924.9526925,2600.813,0,0,99,2094
1787436925.9821386,2601.843,0,0,100,2094
1787436927.0138078,2602.874,0,0,99,2094
1787436928.0415778,2603.902,0,0,100,2094
1787436929.0699806,2604.93,0,0,100,2094
1787436930.1014223,2605.962,0,0,100,2094
1787436931.1314867,2606.992,0,0,100,2094
1787436932.1608262,2608.021,0,0,100,2094
1787436933.1905198,2609.051,0,0,100,2094
1787436934.217672,2610.078,0,0,100,2094
1787436935.2454033,2611.106,0,0,99,2094
1787436936.2755017,2612.136,0,0,100,2094
1787436937.3145785,2613.175,0,0,99,2094
1787436938.345754,2614.206,0,0,100,2094
1787436939.3744333,2615.235,0,0,100,2094
1787436940.4003794,2616.261,0,0,100,2094
1787436941.431054,2617.291,0,0,100,2094
1787436942.4583173,2618.319,0,0,100,2094
1787436943.4857805,2619.346,0,0,100,2094
1787436944.5168755,2620.377,0,0,100,2094
1787436945.5463433,2621.407,0,0,100,2094
1787436946.5775893,2622.438,0,0,100,2094
1787436947.6075964,2623.468,0,0,98,2094
1787436948.633787,2624.494,0,0,100,2094
1787436949.6601994,2625.521,0,0,99,2094
1787436950.6905608,2626.551,0,0,100,2094
1787436951.7167137,2627.577,0,0,100,2094
1787436952.7476473,2628.608,0,0,100,2094
1787436953.775424,2629.636,0,0,100,2094
1787436954.805342,2630.666,0,0,100,2094
1787436955.8370717,2631.697,0,0,100,2094
1787436956.8695495,2632.73,0,0,99,2094
1787436957.9001303,2633.761,0,0,100,2094
1787436958.930124,2634.791,0,0,100,2094
1787436959.9550524,2635.815,0,0,100,2094
1787436960.982726,2636.843,0,0,100,2094
1787436962.011758,2637.872,0,0,100,2094
1787436963.0395565,2638.9,0,0,100,2094
1787436964.0686758,2639.929,0,0,100,2094
1787436965.0973673,2640.958,0,0,100,2094
1787436966.1299522,2641.99,0,0,100,2094
1787436967.1586096,2643.019,0,0,99,2094
1787436968.1947722,2644.055,0,0,100,2094
1787436969.2238533,2645.084,0,0,100,2094
1787436970.2505858,2646.111,0,0,100,2094
1787436971.2819276,2647.142,0,0,100,2094
1787436972.3121421,2648.173,0,0,100,2094
1787436973.3391554,2649.2,0,0,100,2094
1787436974.3677282,2650.228,0,0,99,2094
1787436975.3970537,2651.257,0,0,100,2094
1787436976.429868,2652.29,0,0,98,2094
1787436977.4573665,2653.318,0,0,100,2094
1787436978.4872558,2654.348,0,0,100,2094
1787436979.517253,2655.378,0,0,100,2094
1787436980.5431101,2656.404,0,0,100,2094
1787436981.575938,2657.436,0,0,100,2094
1787436982.602587,2658.463,0,0,100,2094
1787436983.6287394,2659.489,0,0,100,2094
1787436984.6545057,2660.515,0,0,100,2094
1787436985.6815548,2661.542,0,0,100,2094
1787436986.7101676,2662.571,0,0,100,2094
1787436987.7395847,2663.6,0,0,100,2094
1787436988.767657,2664.628,0,0,100,2094
1787436989.8012278,2665.662,0,0,100,2094
1787436990.831644,2666.692,0,0,100,2094
1787436991.8609302,2667.721,0,0,100,2094
1787436992.8899026,2668.75,0,0,100,2094
1787436993.9223235,2669.783,0,0,100,2094
1787436994.9502685,2670.811,0,0,100,2094
1787436995.980052,2671.84,0,0,100,2094
1787436997.0082898,2672.869,0,0,100,2094
1787436998.034981,2673.895,0,0,100,2094
1787436999.0673928,2674.928,0,0,100,2094
1787437000.0958943,2675.956,0,0,100,2094
1787437001.1222408,2676.983,0,0,100,2094
1787437002.1494188,2678.01,0,0,100,2094
1787437003.1861188,2679.047,0,0,100,2094
1787437004.21682,2680.077,0,0,100,2094
1787437005.2439322,2681.104,0,0,100,2094
1787437006.2700858,2682.13,0,0,100,2094
1787437007.2964418,2683.157,0,0,100,2094
1787437008.3272915,2684.188,0,0,100,2094
1787437009.3570204,2685.217,0,0,100,2094
1787437010.383076,2686.243,0,0,100,2094
1787437011.4114752,2687.272,0,0,100,2094
1787437012.44221,2688.303,0,0,100,2094
1787437013.469047,2689.329,0,0,100,2094
1787437014.496585,2690.357,0,0,100,2094
1787437015.525876,2691.386,0,0,100,2094
1787437016.553651,2692.414,0,0,100,2094
1787437017.5899396,2693.45,0,0,100,2094
1787437018.6225243,2694.483,0,0,100,2094
1787437019.6492047,2695.51,0,0,99,2094
1787437020.6780493,2696.538,0,0,100,2094
1787437021.7039576,2697.564,0,0,100,2094
1787437022.7318435,2698.592,0,0,100,2094
1787437023.7613652,2699.622,0,0,100,2094
1787437024.7912323,2700.652,0,0,100,2094
1787437025.8209753,2701.681,0,0,100,2094
1787437026.8535094,2702.714,0,0,100,2094
1787437027.8862822,2703.747,0,0,100,2094
1787437028.9158547,2704.776,0,0,100,2094
1787437029.9440918,2705.804,0,0,99,2094
1787437030.9733684,2706.834,0,0,100,2094
1787437032.0105078,2707.871,0,0,100,2094
1787437033.0369928,2708.897,0,0,100,2094
1787437034.0641675,2709.925,0,0,100,2094
1787437035.093652,2710.954,0,0,100,2094
1787437036.126232,2711.987,0,0,100,2094
1787437037.156397,2713.017,0,0,100,2094
1787437038.1879857,2714.048,0,0,99,2094
1787437039.2174146,2715.078,0,0,100,2094
1787437040.251076,2716.111,0,0,100,2094
1787437041.2820377,2717.142,0,0,100,2094
1787437042.3136213,2718.174,0,0,100,2094
1787437043.341317,2719.202,0,0,100,2094
1787437044.3705544,2720.231,0,0,100,2094
1787437045.3988762,2721.259,0,0,100,2094
1787437046.4315603,2722.292,0,0,99,2094
1787437047.4580426,2723.318,0,0,100,2094
1787437048.4911907,2724.352,0,0,99,2094
1787437049.5226388,2725.383,0,0,100,2094
1787437050.5503795,2726.411,0,0,100,2094
1787437051.5774863,2727.438,0,0,100,2094
1787437052.6067364,2728.467,0,0,100,2094
1787437053.632497,2729.493,0,0,100,2094
1787437054.6621392,2730.523,0,0,100,2094
1787437055.6951184,2731.556,0,0,100,2094
1787437056.7228196,2732.583,0,0,100,2094
1787437057.7548625,2733.615,0,0,100,2094
1787437058.788557,2734.649,0,0,99,2094
1787437059.8210917,2735.681,0,0,100,2094
1787437060.8489907,2736.709,0,0,100,2094
1787437061.879076,2737.739,0,0,100,2094
1787437062.9096713,2738.77,0,0,100,2094
1787437063.9377346,2739.798,0,0,100,2094
1787437064.9642699,2740.825,0,0,100,2094
1787437065.993897,2741.854,0,0,100,2094
1787437067.0218093,2742.882,0,0,100,2094
1787437068.0501845,2743.911,0,0,100,2094
1787437069.0850892,2744.945,0,0,99,2094
1787437070.1125152,2745.973,0,0,100,2094
1787437071.1420538,2747.002,0,0,100,2094
1787437072.1680138,2748.028,0,0,100,2094
1787437073.1991396,2749.06,0,0,100,2094
1787437074.232188,2750.093,0,0,100,2094
1787437075.2617297,2751.122,0,0,100,2094
1787437076.293475,2752.154,0,0,100,2094
1787437077.3253188,2753.186,0,0,100,2094
1787437078.3549805,2754.215,0,0,99,2094
1787437079.3845139,2755.245,0,0,100,2094
1787437080.4118733,2756.272,0,0,100,2094
1787437081.4414616,2757.302,0,0,100,2094
1787437082.4689846,2758.329,0,0,100,2094
1787437083.4965432,2759.357,0,0,100,2094
1787437084.5266511,2760.387,0,0,100,2094
1787437085.5599916,2761.42,0,0,99,2094
1787437086.5897608,2762.45,0,0,100,2094
1787437087.622109,2763.483,0,0,99,2094
1787437088.6548643,2764.515,0,0,100,2094
1787437089.6864696,2765.547,0,0,100,2094
1787437090.717361,2766.578,0,0,100,2094
1787437091.746783,2767.607,0,0,100,2094
1787437092.7730558,2768.633,0,0,100,2094
1787437093.805131,2769.666,0,0,100,2094
1787437094.835724,2770.696,0,0,100,2094
1787437095.8623717,2771.723,0,0,99,2094
1787437096.8931758,2772.754,0,0,100,2094
1787437097.9273713,2773.788,0,0,99,2094
1787437098.9550428,2774.815,0,0,100,2094
1787437099.9811945,2775.842,0,0,100,2094
1787437101.0095112,2776.87,0,0,100,2094
1787437102.0392892,2777.9,0,0,100,2094
1787437103.0690725,2778.929,0,0,100,2094
1787437104.0950193,2779.955,0,0,100,2094
1787437105.1277652,2780.988,0,0,100,2094
1787437106.156251,2782.017,0,0,100,2094
1787437107.1865358,2783.047,0,0,100,2094
1787437108.2178192,2784.078,0,0,99,2094
1787437109.2469487,2785.107,0,0,100,2094
1787437110.276942,2786.137,0,0,100,2094
1787437111.3040125,2787.164,0,0,100,2094
1787437112.3299007,2788.19,0,0,100,2094
1787437113.3624775,2789.223,0,0,100,2094
1787437114.392025,2790.252,0,0,100,2094
1787437115.4245346,2791.285,0,0,100,2094
1787437116.4526362,2792.313,0,0,100,2094
1787437117.4821725,2793.343,0,0,99,2094
1787437118.5126824,2794.373,0,0,100,2094
1787437119.5401375,2795.401,0,0,100,2094
1787437120.5666215,2796.427,0,0,100,2094
1787437121.5931637,2797.454,0,0,100,2094
1787437122.6226726,2798.483,0,0,100,2094
1787437123.65083,2799.511,0,0,100,2094
1787437124.677478,2800.538,0,0,100,2094
1787437125.7071424,2801.568,0,0,100,2094
1787437126.7359827,2802.596,0,0,100,2094
1787437127.7670827,2803.627,0,0,99,2094
1787437128.7986207,2804.659,0,0,100,2094
1787437129.829055,2805.689,0,0,100,2094
1787437130.8558218,2806.716,0,0,100,2094
1787437131.882488,2807.743,0,0,100,2094
1787437132.908773,2808.769,0,0,100,2094
1787437133.9361742,2809.797,0,0,100,2094
1787437134.9693942,2810.83,0,0,97,2094
1787437135.9998646,2811.86,0,0,100,2094
1787437137.0302258,2812.891,0,0,99,2094
1787437138.0598128,2813.92,0,0,100,2094
1787437139.084359,2814.945,0,0,100,2094
1787437140.1141317,2815.975,0,0,100,2094
1787437141.1447887,2817.005,0,0,100,2094
1787437142.1723232,2818.033,0,0,100,2094
1787437143.1999795,2819.06,0,0,100,2094
1787437144.232753,2820.093,0,0,100,2094
1787437145.2614844,2821.122,0,0,99,2094
1787437146.2955542,2822.156,0,0,100,2094
1787437147.3294723,2823.19,0,0,99,2094
1787437148.3611305,2824.222,0,0,100,2094
1787437149.3924227,2825.253,0,0,100,2094
1787437150.421951,2826.282,0,0,100,2094
1787437151.4488473,2827.309,0,0,100,2094
1787437152.4757466,2828.336,0,0,100,2094
1787437153.501831,2829.362,0,0,100,2094
1787437154.5329103,2830.393,0,0,100,2094
1787437155.5615108,2831.422,0,0,100,2094
1787437156.5927892,2832.453,0,0,99,2094
1787437157.6268966,2833.487,0,0,100,2094
1787437158.6550093,2834.515,0,0,100,2094
1787437159.6877558,2835.548,0,0,100,2094
1787437160.7182643,2836.579,0,0,100,2094
1787437161.7477367,2837.608,0,0,100,2094
1787437162.7751231,2838.636,0,0,100,2094
1787437163.8017848,2839.662,0,0,100,2094
1787437164.831556,2840.692,0,0,100,2094
1787437165.8620722,2841.722,0,0,100,2094
1787437166.8931937,2842.754,0,0,99,2094
1787437167.9244826,2843.785,0,0,100,2094
1787437168.953563,2844.814,0,0,100,2094
1787437169.979879,2845.84,0,0,100,2094
1787437171.0074027,2846.868,0,0,100,2094
1787437172.036736,2847.897,0,0,86,2094
1787437173.0655117,2848.926,0,0,100,2094
1787437174.092438,2849.953,0,0,100,2094
1787437175.1217957,2850.982,0,0,100,2094
1787437176.1562395,2852.017,0,0,100,2094
1787437177.1867363,2853.047,0,0,99,2094
1787437178.2139125,2854.074,0,0,100,2094
1787437179.2436438,2855.104,0,0,100,2094
1787437180.2752564,2856.136,0,0,100,2094
1787437181.3024755,2857.163,0,0,100,2094
1787437182.3333986,2858.194,0,0,100,2094
1787437183.3624792,2859.223,0,0,100,2094
1787437184.3895755,2860.25,0,0,100,2094
1787437185.419757,2861.28,0,0,100,2094
1787437186.452106,2862.313,0,0,100,2094
1787437187.48024,2863.341,0,0,99,2094
1787437188.5063376,2864.367,0,0,100,2094
1787437189.536584,2865.397,0,0,100,2094
1787437190.5644774,2866.425,0,0,100,2094
1787437191.5937743,2867.454,0,0,100,2094
1787437192.620513,2868.481,0,0,100,2094
1787437193.6498678,2869.51,0,0,100,2094
1787437194.67647,2870.537,0,0,99,2094
1787437195.708085,2871.568,0,0,99,2094
1787437196.7367659,2872.597,0,0,100,2094
1787437197.769465,2873.63,0,0,100,2094
1787437198.7955184,2874.656,0,0,100,2094
1787437199.8293595,2875.69,0,0,100,2094
1787437200.86096,2876.721,0,0,100,2094
1787437201.8922782,2877.753,0,0,100,2094
1787437202.9219632,2878.782,0,0,100,2094
1787437203.9501045,2879.811,0,0,100,2094
1787437204.982579,2880.843,0,0,100,2094
1787437206.0114763,2881.872,0,0,99,2094
1787437207.042608,2882.903,0,0,100,2094
1787437208.0727408,2883.933,0,0,100,2094
1787437209.1012821,2884.962,0,0,100,2094
1787437210.1308637,2885.991,0,0,100,2094
1787437211.1620975,2887.022,0,0,100,2094
1787437212.1882942,2888.049,0,0,100,2094
1787437213.2160852,2889.076,0,0,100,2094
1787437214.2456334,2890.106,0,0,100,2094
1787437215.2757897,2891.136,0,0,100,2094
1787437216.3063967,2892.167,0,0,99,2094
1787437217.338531,2893.199,0,0,100,2094
1787437218.3676476,2894.228,0,0,100,2094
1787437219.393694,2895.254,0,0,100,2094
1787437220.4200156,2896.28,0,0,100,2094
1787437221.4464703,2897.307,0,0,100,2094
1787437222.4726813,2898.333,0,0,100,2094
1787437223.5019712,2899.362,0,0,100,2094
1787437224.533225,2900.394,0,0,100,2094
1787437225.5657766,2901.426,0,0,100,2094
1787437226.596763,2902.457,0,0,99,2094
1787437227.6236029,2903.484,0,0,100,2094
1787437228.6516411,2904.512,0,0,100,2094
1787437229.6828105,2905.543,0,0,100,2094
1787437230.7133365,2906.574,0,0,100,2094
1787437231.7417622,2907.602,0,0,100,2094
1787437232.7750974,2908.635,0,0,100,2094
1787437233.8060286,2909.666,0,0,100,2094
1787437234.841883,2910.702,0,0,100,2094
1787437235.8702087,2911.731,0,0,99,2094
1787437236.9090476,2912.769,0,0,100,2094
1787437237.9422827,2913.803,0,0,100,2094
1787437238.9696698,2914.83,0,0,100,2094
1787437240.0636444,2915.924,0,0,100,2094
1787437241.090486,2916.951,0,0,100,2094
1787437242.1182377,2917.979,0,0,100,2094
1787437243.1460528,2919.006,0,0,99,2094
1787437244.1796217,2920.04,0,0,100,2094
1787437245.2114496,2921.072,0,0,99,2094
1787437246.2417715,2922.102,0,0,100,2094
1787437247.2721548,2923.133,0,0,100,2094
1787437248.3014905,2924.162,0,0,100,2094
1787437249.3309097,2925.191,0,0,100,2094
1787437250.3673396,2926.228,0,0,100,2094
1787437251.3997853,2927.26,0,0,100,2094
1787437252.4292812,2928.29,0,0,100,2094
1787437253.4550784,2929.315,0,0,99,2094
1787437254.4883897,2930.349,0,0,100,2094
1787437255.5204327,2931.381,0,0,99,2094
1787437256.5498574,2932.41,0,0,100,2094
1787437257.578777,2933.439,0,0,100,2094
1787437258.6077695,2934.468,0,0,100,2094
1787437259.6381094,2935.499,0,0,100,2094
1787437260.6661897,2936.527,0,0,100,2094
1787437261.6958382,2937.556,0,0,100,2094
1787437262.7239473,2938.584,0,0,100,2094
1787437263.7523992,2939.613,0,0,100,2094
1787437264.7825038,2940.643,0,0,100,2094
1787437265.81275,2941.673,0,0,99,2094
1787437266.8440895,2942.704,0,0,100,2094
1787437267.8700705,2943.73,0,0,100,2094
1787437268.8963187,2944.757,0,0,100,2094
1787437269.926048,2945.786,0,0,100,2094
1787437270.9531076,2946.814,0,0,100,2094
1787437271.9804459,2947.841,0,0,100,2094
1787437273.011744,2948.872,0,0,100,2094
1787437274.0440304,2949.904,0,0,100,2094
1787437275.0737886,2950.934,0,0,99,2094
1787437276.1029058,2951.963,0,0,100,2094
1787437277.130651,2952.991,0,0,100,2094
1787437278.1640573,2954.024,0,0,100,2094
1787437279.1959205,2955.056,0,0,100,2094
1787437280.224947,2956.085,0,0,100,2094
1787437281.257323,2957.118,0,0,100,2094
1787437282.2855515,2958.146,0,0,100,2094
1787437283.3124692,2959.173,0,0,100,2094
1787437284.34696,2960.207,0,0,99,2094
1787437285.3778665,2961.238,0,0,100,2094
1787437286.4057038,2962.266,0,0,100,2094
1787437287.4311717,2963.292,0,0,100,2094
1787437288.4607341,2964.321,0,0,100,2094
1787437289.4877858,2965.348,0,0,100,2094
1787437290.5182498,2966.379,0,0,100,2094
1787437291.5466592,2967.407,0,0,100,2094
1787437292.5763094,2968.437,0,0,100,2094
1787437293.606854,2969.467,0,0,100,2094
1787437294.6390328,2970.499,0,0,98,2094
1787437295.6720507,2971.532,0,0,100,2094
1787437296.7000508,2972.56,0,0,100,2094
1787437297.726394,2973.587,0,0,100,2094
1787437298.756366,2974.617,0,0,100,2094
1787437299.7859075,2975.646,0,0,100,2094
1787437300.8126907,2976.673,0,0,100,2094
1787437301.8421721,2977.703,0,0,100,2094
1787437302.873642,2978.734,0,0,99,2094
1787437303.9026968,2979.763,0,0,100,2094
1787437304.9304283,2980.791,0,0,99,2094
1787437305.9624658,2981.823,0,0,100,2094
1787437306.9924448,2982.853,0,0,100,2094
1787437308.0249841,2983.885,0,0,100,2094
1787437309.0511656,2984.912,0,0,100,2094
1787437310.0780463,2985.938,0,0,100,2094
1787437311.1039176,2986.964,0,0,100,2094
1787437312.131796,2987.992,0,0,100,2094
1787437313.1638753,2989.024,0,0,100,2094
1787437314.1938741,2990.054,0,0,99,2094
1787437315.2237186,2991.084,0,0,100,2094
1787437316.2535691,2992.114,0,0,100,2094
1787437317.278999,2993.139,0,0,100,2094
1787437318.3045607,2994.165,0,0,100,2094
1787437319.3393846,2995.2,0,0,100,2094
1787437320.3735926,2996.234,0,0,100,2094
1787437321.404231,2997.265,0,0,86,2094
1787437322.4343905,2998.295,0,0,100,2094
1787437323.4669151,2999.327,0,0,100,2094
1787437324.4995039,3000.36,0,0,99,2094
1787437325.529541,3001.39,0,0,100,2094
1787437326.5589714,3002.419,0,0,100,2094
1787437327.5854359,3003.446,0,0,100,2094
1787437328.6165361,3004.477,0,0,100,2094
1787437329.6448328,3005.505,0,0,100,2094
1787437330.6717234,3006.532,0,0,100,2094
1787437331.7014415,3007.562,0,0,100,2094
1787437332.7305775,3008.591,0,0,100,2094
1787437333.7590418,3009.619,0,0,100,2094
1787437334.7886605,3010.649,0,0,99,2094
1787437335.8182514,3011.679,0,0,100,2094
1787437336.8482256,3012.709,0,0,100,2094
1787437337.8806453,3013.741,0,0,100,2094
1787437338.909992,3014.77,0,0,100,2094
1787437339.935222,3015.796,0,0,100,2094
1787437340.9761505,3016.837,0,0,100,2094
1787437342.0025866,3017.863,0,0,100,2094
1787437343.0324776,3018.893,0,0,100,2094
1787437344.062751,3019.923,0,0,99,2094
1787437345.0969858,3020.957,0,0,100,2094
1787437346.1260586,3021.986,0,0,100,2094
1787437347.1532483,3023.014,0,0,100,2094
1787437348.181018,3024.041,0,0,100,2094
1787437349.2094033,3025.07,0,0,100,2094
1787437350.2372103,3026.098,0,0,100,2094
1787437351.2665257,3027.127,0,0,99,2094
1787437352.2963214,3028.157,0,0,100,2094
1787437353.3269205,3029.187,0,0,99,2094
1787437354.3573487,3030.218,0,0,100,2094
1787437355.3864827,3031.247,0,0,100,2094
1787437356.413074,3032.273,0,0,100,2094
1787437357.4413629,3033.302,0,0,100,2094
1787437358.4699197,3034.33,0,0,100,2094
1787437359.497563,3035.358,0,0,100,2094
1787437360.5261621,3036.387,0,0,100,2094
1787437361.5555263,3037.416,0,0,99,2094
1787437362.5881708,3038.449,0,0,100,2094
1787437363.6191874,3039.48,0,0,99,2094
1787437364.6514366,3040.512,0,0,100,2094
1787437365.6820073,3041.542,0,0,100,2094
1787437366.7118556,3042.572,0,0,100,2094
1787437367.7420802,3043.602,0,0,100,2094
1787437368.7704332,3044.631,0,0,100,2094
1787437369.8010774,3045.661,0,0,100,2094
1787437370.8388836,3046.699,0,0,100,2094
1787437371.8694782,3047.73,0,0,100,2094
1787437372.8975413,3048.758,0,0,100,2094
1787437373.927,3049.787,0,0,99,2094
1787437374.954101,3050.814,0,0,100,2094
1787437375.9799001,3051.84,0,0,100,2094
1787437377.0086756,3052.869,0,0,100,2094
1787437378.0369751,3053.897,0,0,100,2094
1787437379.0629432,3054.923,0,0,100,2094
1787437380.093116,3055.954,0,0,100,2094
1787437381.1195567,3056.98,0,0,100,2094
1787437382.153756,3058.014,0,0,100,2094
1787437383.1844292,3059.045,0,0,100,2094
1787437384.2188308,3060.079,0,0,99,2094
1787437385.2527816,3061.113,0,0,100,2094
1787437386.2809565,3062.141,0,0,100,2094
1787437387.3081145,3063.169,0,0,100,2094
1787437388.338055,3064.198,0,0,100,2094
1787437389.372256,3065.233,0,0,100,2094
1787437390.3992205,3066.26,0,0,99,2094
1787437391.4292855,3067.29,0,0,100,2094
1787437392.4604561,3068.321,0,0,99,2094
1787437393.494524,3069.355,0,0,100,2094
1787437394.5264692,3070.387,0,0,100,2094
1787437395.5532255,3071.414,0,0,100,2094
1787437396.5863748,3072.447,0,0,100,2094
1787437397.6166413,3073.477,0,0,100,2094
1787437398.6466157,3074.507,0,0,100,2094
1787437399.6763358,3075.537,0,0,100,2094
1787437400.7028086,3076.563,0,0,99,2094
1787437401.73093,3077.591,0,0,100,2094
1787437402.762073,3078.622,0,0,99,2094
1787437403.7893183,3079.65,0,0,100,2094
1787437404.8175037,3080.678,0,0,100,2094
1787437405.8461702,3081.707,0,0,100,2094
1787437406.8753908,3082.736,0,0,100,2094
1787437407.9022157,3083.763,0,0,100,2094
1787437408.931335,3084.792,0,0,100,2094
1787437409.9623601,3085.823,0,0,100,2094
1787437410.9905012,3086.851,0,0,100,2094
1787437412.0199509,3087.88,0,0,100,2094
1787437413.0494165,3088.91,0,0,99,2094
1787437414.077592,3089.938,0,0,100,2094
1787437415.1049516,3090.965,0,0,100,2094
1787437416.1307285,3091.991,0,0,100,2094
1787437417.159896,3093.02,0,0,100,2094
1787437418.1858687,3094.046,0,0,99,2094
1787437419.2135246,3095.074,0,0,100,2094
1787437420.241185,3096.102,0,0,100,2094
1787437421.26961,3097.13,0,0,100,2094
1787437422.3023694,3098.163,0,0,100,2094
1787437423.3340013,3099.194,0,0,99,2094
1787437424.3603675,3100.221,0,0,100,2094
1787437425.3894992,3101.25,0,0,100,2094
1787437426.4197237,3102.28,0,0,100,2094
1787437427.4459584,3103.306,0,0,100,2094
1787437428.4718297,3104.332,0,0,100,2094
1787437429.4990163,3105.359,0,0,100,2094
1787437430.5254219,3106.386,0,0,100,2094
1787437431.5548813,3107.415,0,0,100,2094
1787437432.586959,3108.447,0,0,100,2094
1787437433.6145759,3109.475,0,0,100,2094
1787437434.6408541,3110.501,0,0,100,2094
1787437435.671865,3111.532,0,0,100,2094
1787437436.7030253,3112.563,0,0,100,2094
1787437437.7291353,3113.59,0,0,100,2094
1787437438.7586622,3114.619,0,0,100,2094
1787437439.7883704,3115.649,0,0,100,2094
1787437440.8176174,3116.678,0,0,100,2094
1787437441.8494582,3117.71,0,0,100,2094
1787437442.8754172,3118.736,0,0,100,2094
1787437443.9022803,3119.763,0,0,100,2094
1787437444.9315877,3120.792,0,0,100,2094
1787437445.9600801,3121.82,0,0,100,2094
1787437446.9878445,3122.848,0,0,100,2094
1787437448.0162497,3123.877,0,0,100,2094
1787437449.045943,3124.906,0,0,100,2094
1787437450.072515,3125.933,0,0,100,2094
1787437451.0988119,3126.959,0,0,100,2094
1787437452.125863,3127.986,0,0,100,2094
1787437453.154119,3129.015,0,0,100,2094
1787437454.1825497,3130.043,0,0,100,2094
1787437455.2089734,3131.069,0,0,100,2094
1787437456.2394202,3132.1,0,0,100,2094
1787437457.2690527,3133.129,0,0,100,2094
1787437458.2944078,3134.155,0,0,100,2094
1787437459.322544,3135.183,0,0,100,2094
1787437460.3527372,3136.213,0,0,100,2094
1787437461.3865886,3137.247,0,0,100,2094
1787437462.4131427,3138.274,0,0,100,2094
1787437463.4428358,3139.303,0,0,100,2094
1787437464.4690192,3140.329,0,0,100,2094
1787437465.4976125,3141.358,0,0,99,2094
1787437466.5285792,3142.389,0,0,100,2094
1787437467.5550692,3143.415,0,0,100,2094
1787437468.5861254,3144.447,0,0,100,2094
1787437469.6135125,3145.474,0,0,100,2094
1787437470.643434,3146.504,0,0,100,2094
1787437471.6720278,3147.532,0,0,100,2094
1787437472.7035298,3148.564,0,0,99,2094
1787437473.7297215,3149.59,0,0,100,2094
1787437474.7608566,3150.621,0,0,99,2094
1787437475.789594,3151.65,0,0,100,2094
1787437476.8158088,3152.676,0,0,100,2094
1787437477.8488128,3153.709,0,0,100,2094
1787437478.877019,3154.737,0,0,100,2094
1787437479.9081094,3155.769,0,0,100,2094
1787437480.9402602,3156.801,0,0,100,2094
1787437481.96693,3157.827,0,0,100,2094
1787437482.9964795,3158.857,0,0,100,2094
1787437484.0234802,3159.884,0,0,100,2094
1787437485.0578628,3160.918,0,0,99,2094
1787437486.085527,3161.946,0,0,100,2094
1787437487.115396,3162.976,0,0,100,2094
1787437488.1447372,3164.005,0,0,100,2094
1787437489.1726213,3165.033,0,0,100,2094
1787437490.2043657,3166.065,0,0,100,2094
1787437491.2302902,3167.091,0,0,100,2094
1787437492.259066,3168.119,0,0,100,2094
1787437493.2893836,3169.15,0,0,100,2094
1787437494.3217006,3170.182,0,0,100,2094
1787437495.351324,3171.212,0,0,99,2094
1787437496.3817594,3172.242,0,0,100,2094
1787437497.4119651,3173.272,0,0,100,2094
1787437498.438717,3174.299,0,0,100,2094
1787437499.4659784,3175.326,0,0,100,2094
1787437500.5001323,3176.361,0,0,100,2094
1787437501.5300646,3177.39,0,0,100,2094
1787437502.5605128,3178.421,0,0,100,2094
1787437503.5935268,3179.454,0,0,100,2094
1787437504.6312294,3180.492,0,0,100,2094
1787437505.659624,3181.52,0,0,99,2094
1787437506.6888473,3182.549,0,0,100,2094
1787437507.7174897,3183.578,0,0,100,2094
1787437508.745334,3184.606,0,0,100,2094
1787437509.7758057,3185.636,0,0,100,2094
1787437510.805232,3186.666,0,0,100,2094
1787437511.8362658,3187.697,0,0,99,2094
1787437512.8668792,3188.727,0,0,100,2094
1787437513.8948615,3189.755,0,0,99,2094
1787437514.9271398,3190.788,0,0,100,2094
1787437515.9580839,3191.818,0,0,100,2094
1787437516.9878626,3192.848,0,0,100,2094
1787437518.017338,3193.878,0,0,100,2094
1787437519.0467958,3194.907,0,0,100,2094
1787437520.0734189,3195.934,0,0,100,2094
1787437521.105977,3196.966,0,0,100,2094
1787437522.1331215,3197.994,0,0,99,2094
1787437523.1603951,3199.021,0,0,100,2094
1787437524.1908157,3200.051,0,0,99,2094
1787437525.2237644,3201.084,0,0,100,2094
1787437526.253928,3202.114,0,0,100,2094
1787437527.283987,3203.144,0,0,100,2094
1787437528.3102098,3204.171,0,0,100,2094
1787437529.339462,3205.2,0,0,100,2094
1787437530.3705614,3206.231,0,0,100,2094
1787437531.406219,3207.267,0,0,100,2094
1787437532.4405453,3208.301,0,0,100,2094
1787437533.475021,3209.335,0,0,100,2094
1787437534.509769,3210.37,0,0,99,2094
1787437535.543825,3211.404,0,0,100,2094
1787437536.576087,3212.436,0,0,100,2094
1787437537.606592,3213.467,0,0,100,2094
1787437538.6338005,3214.494,0,0,100,2094
1787437539.6634066,3215.524,0,0,100,2094
1787437540.6947415,3216.555,0,0,100,2094
1787437541.7221122,3217.583,0,0,100,2094
1787437542.7513506,3218.612,0,0,100,2094
1787437543.7827907,3219.643,0,0,100,2094
1787437544.810921,3220.671,0,0,99,2094
1787437545.839324,3221.7,0,0,100,2094
1787437546.8675113,3222.728,0,0,100,2094
1787437547.8971796,3223.758,0,0,100,2094
1787437548.9275117,3224.788,0,0,100,2094
1787437549.9577236,3225.818,0,0,100,2094
1787437550.9900777,3226.85,0,0,100,2094
1787437552.020571,3227.881,0,0,100,2094
1787437553.0483441,3228.909,0,0,100,2094
1787437554.0835998,3229.944,0,0,99,2094
1787437555.1094835,3230.97,0,0,100,2094
1787437556.1388779,3231.999,0,0,100,2094
1787437557.1667125,3233.027,0,0,100,2094
1787437558.1944964,3234.055,0,0,100,2094
1787437559.2226033,3235.083,0,0,100,2094
1787437560.249225,3236.11,0,0,100,2094
1787437561.2801638,3237.141,0,0,100,2094
1787437562.3081386,3238.169,0,0,100,2094
1787437563.3352616,3239.196,0,0,99,2094
1787437564.3649137,3240.225,0,0,100,2094
1787437565.3969958,3241.257,0,0,100,2094
1787437566.4309568,3242.291,0,0,100,2094
1787437567.4572468,3243.318,0,0,100,2094
1787437568.4903493,3244.351,0,0,100,2094
1787437569.5196383,3245.38,0,0,100,2094
1787437570.5513647,3246.412,0,0,100,2094
1787437571.5831861,3247.444,0,0,99,2094
1787437572.6193037,3248.48,0,0,100,2094
1787437573.6494696,3249.51,0,0,99,2094
1787437574.6847339,3250.545,0,0,100,2094
1787437575.713136,3251.574,0,0,100,2094
1787437576.7431326,3252.604,0,0,100,2094
1787437577.7703881,3253.631,0,0,100,2094
1787437578.8030274,3254.663,0,0,100,2094
1787437579.8296592,3255.69,0,0,100,2094
1787437580.8571773,3256.718,0,0,100,2094
1787437581.8904183,3257.751,0,0,100,2094
1787437582.9231248,3258.784,0,0,100,2094
1787437583.9517152,3259.812,0,0,99,2094
1787437584.9796145,3260.84,0,0,100,2094
1787437586.0104325,3261.871,0,0,100,2094
1787437587.0396974,3262.9,0,0,100,2094
1787437588.0724614,3263.933,0,0,100,2094
1787437589.1002102,3264.961,0,0,100,2094
1787437590.1286635,3265.989,0,0,100,2094
1787437591.1589758,3267.019,0,0,100,2094
1787437592.1903455,3268.051,0,0,100,2094
1787437593.221684,3269.082,0,0,99,2094
1787437594.2502484,3270.111,0,0,100,2094
1787437595.2825747,3271.143,0,0,100,2094
1787437596.3086917,3272.169,0,0,100,2094
1787437597.3401713,3273.201,0,0,100,2094
1787437598.3660085,3274.226,0,0,100,2094
1787437599.3985407,3275.259,0,0,100,2094
1787437600.4264934,3276.287,0,0,100,2094
1787437601.454258,3277.315,0,0,100,2094
1787437602.4842749,3278.345,0,0,99,2094
1787437603.5122313,3279.373,0,0,100,2094
1787437604.5418947,3280.402,0,0,100,2094
1787437605.5719001,3281.432,0,0,100,2094
1787437606.6009166,3282.461,0,0,100,2094
1787437607.6272006,3283.488,0,0,100,2094
1787437608.6547747,3284.515,0,0,100,2094
1787437609.6859527,3285.546,0,0,100,2094
1787437610.7183375,3286.579,0,0,100,2094
1787437611.7489948,3287.609,0,0,100,2094
1787437612.77943,3288.64,0,0,99,2094
1787437613.8072155,3289.668,0,0,100,2094
1787437614.8344798,3290.695,0,0,100,2094
1787437615.8621557,3291.723,0,0,100,2094
1787437616.8908932,3292.751,0,0,100,2094
1787437617.920497,3293.781,0,0,100,2094
1787437618.9508076,3294.811,0,0,100,2094
1787437619.980858,3295.841,0,0,100,2094
1787437621.0108213,3296.871,0,0,100,2094
1787437622.038358,3297.899,0,0,100,2094
1787437623.067748,3298.928,0,0,99,2094
1787437624.093823,3299.954,0,0,100,2094
1787437625.122176,3300.983,0,0,100,2094
1787437626.1513333,3302.012,0,0,100,2094
1787437627.1808279,3303.041,0,0,100,2094
1787437628.2074175,3304.068,0,0,100,2094
1787437629.2366319,3305.097,0,0,100,2094
1787437630.2659848,3306.126,0,0,100,2094
1787437631.2970135,3307.157,0,0,100,2094
1787437632.3278332,3308.188,0,0,99,2094
1787437633.3599114,3309.22,0,0,100,2094
1787437634.3951745,3310.256,0,0,100,2094
1787437635.4251578,3311.286,0,0,100,2094
1787437636.4553719,3312.316,0,0,100,2094
1787437637.4823902,3313.343,0,0,100,2094
1787437638.5119,3314.372,0,0,100,2094
1787437639.5421681,3315.403,0,0,100,2094
1787437640.5713785,3316.432,0,0,100,2094
1787437641.6020107,3317.462,0,0,100,2094
1787437642.6372666,3318.498,0,0,99,2094
1787437643.6681,3319.528,0,0,100,2094
1787437644.6980731,3320.558,0,0,100,2094
1787437645.7251995,3321.586,0,0,100,2094
1787437646.7550752,3322.615,0,0,100,2094
1787437647.7821867,3323.643,0,0,100,2094
1787437648.814615,3324.675,0,0,100,2094
1787437649.841717,3325.702,0,0,100,2094
1787437650.8755023,3326.736,0,0,100,2094
1787437651.9048243,3327.765,0,0,99,2094
1787437652.9349935,3328.795,0,0,100,2094
1787437653.962396,3329.823,0,0,100,2094
1787437654.989321,3330.85,0,0,100,2094
1787437656.0188348,3331.879,0,0,100,2094
1787437657.046304,3332.907,0,0,100,2094
1787437658.075032,3333.935,0,0,100,2094
1787437659.1033292,3334.964,0,0,100,2094
1787437660.133984,3335.994,0,0,99,2094
1787437661.2702038,3337.131,0,0,100,2094
1787437662.3029234,3338.163,0,0,85,2094
1787437663.3296752,3339.19,0,0,100,2094
1787437664.3585026,3340.219,0,0,100,2094
1787437665.3877964,3341.248,0,0,100,2094
1787437666.4210286,3342.281,0,0,100,2094
1787437667.4471216,3343.308,0,0,100,2094
1787437668.4740276,3344.334,0,0,100,2094
1787437669.4999244,3345.36,0,0,99,2094
1787437670.5281975,3346.389,0,0,100,2094
1787437671.5598328,3347.42,0,0,99,2094
1787437672.5936587,3348.454,0,0,100,2094
1787437673.6224205,3349.483,0,0,100,2094
1787437674.6497443,3350.51,0,0,100,2094
1787437675.682005,3351.542,0,0,100,2094
1787437676.7112236,3352.572,0,0,100,2094
1787437677.7415164,3353.602,0,0,100,2094
1787437678.7713702,3354.632,0,0,100,2094
1787437679.7980797,3355.658,0,0,100,2094
1787437680.82729,3356.688,0,0,100,2094
1787437681.8593109,3357.72,0,0,99,2094
1787437682.8881764,3358.749,0,0,100,2094
1787437683.917994,3359.778,0,0,100,2094
1787437684.9468274,3360.807,0,0,100,2094
1787437685.9795494,3361.84,0,0,100,2094
1787437687.0074117,3362.868,0,0,100,2094
1787437688.0367885,3363.897,0,0,100,2094
1787437689.069929,3364.93,0,0,100,2094
1787437690.0997741,3365.96,0,0,100,2094
1787437691.1275682,3366.988,0,0,100,2094
1787437692.1551101,3368.016,0,0,99,2094
1787437693.1829772,3369.043,0,0,100,2094
1787437694.21349,3370.074,0,0,100,2094
1787437695.2427173,3371.103,0,0,100,2094
1787437696.274643,3372.135,0,0,100,2094
1787437697.3038952,3373.164,0,0,100,2094
1787437698.3354912,3374.196,0,0,100,2094
1787437699.3617299,3375.222,0,0,100,2094
1787437700.389808,3376.25,0,0,100,2094
1787437701.4209738,3377.281,0,0,100,2094
1787437702.4483778,3378.309,0,0,99,2094
1787437703.4763868,3379.337,0,0,100,2094
1787437704.5051773,3380.366,0,0,100,2094
1787437705.5337265,3381.394,0,0,100,2094
1787437706.5611553,3382.422,0,0,100,2094
1787437707.5916114,3383.452,0,0,100,2094
1787437708.624518,3384.485,0,0,99,2094
1787437709.6556365,3385.516,0,0,100,2094
1787437710.68684,3386.547,0,0,99,2094
1787437711.716071,3387.576,0,0,100,2094
1787437712.7442298,3388.605,0,0,100,2094
1787437713.7763047,3389.637,0,0,100,2094
1787437714.807655,3390.668,0,0,100,2094
1787437715.835129,3391.696,0,0,100,2094
1787437716.8655014,3392.726,0,0,100,2094
1787437717.8956423,3393.756,0,0,100,2094
1787437718.9244492,3394.785,0,0,100,2094
1787437719.9569209,3395.817,0,0,100,2094
1787437720.9867032,3396.847,0,0,99,2094
1787437722.0204582,3397.881,0,0,100,2094
1787437723.0482624,3398.909,0,0,100,2094
1787437724.077995,3399.938,0,0,100,2094
1787437725.1088765,3400.969,0,0,100,2094
1787437726.137172,3401.998,0,0,100,2094
1787437727.1669269,3403.027,0,0,100,2094
1787437728.197774,3404.058,0,0,100,2094
1787437729.225006,3405.085,0,0,100,2094
1787437730.4082298,3406.269,0,0,100,2094
1787437731.4364707,3407.297,0,0,99,2094
1787437732.468762,3408.329,0,0,100,2094
1787437733.5006106,3409.361,0,0,100,2094
1787437734.527564,3410.388,0,0,100,2094
1787437735.5552535,3411.416,0,0,100,2094
1787437736.5856545,3412.446,0,0,100,2094
1787437737.6122668,3413.473,0,0,100,2094
1787437738.6415057,3414.502,0,0,100,2094
1787437739.6705382,3415.531,0,0,100,2094
1787437740.701397,3416.562,0,0,99,2094
1787437741.7322235,3417.593,0,0,100,2094
1787437742.761752,3418.622,0,0,100,2094
1787437743.7890313,3419.649,0,0,100,2094
1787437744.8157163,3420.676,0,0,100,2094
1787437745.8465939,3421.707,0,0,100,2094
1787437746.8734918,3422.734,0,0,100,2094
1787437747.9002311,3423.761,0,0,100,2094
1787437748.929276,3424.79,0,0,100,2094
1787437749.958908,3425.819,0,0,100,2094
1787437750.9896507,3426.85,0,0,99,2094
1787437752.0218816,3427.882,0,0,100,2094
1787437753.0506983,3428.911,0,0,100,2094
1787437754.080438,3429.941,0,0,100,2094
1787437755.1087554,3430.969,0,0,100,2094
1787437756.1372626,3431.998,0,0,100,2094
1787437757.1643422,3433.025,0,0,100,2094
1787437758.1938274,3434.054,0,0,99,2094
1787437759.2249281,3435.085,0,0,100,2094
1787437760.253332,3436.114,0,0,98,2094
1787437761.2823586,3437.143,0,0,100,2094
1787437762.312771,3438.173,0,0,100,2094
1787437763.3431315,3439.204,0,0,100,2094
1787437764.3710063,3440.231,0,0,100,2094
1787437765.3968897,3441.257,0,0,100,2094
1787437766.4264708,3442.287,0,0,100,2094
1787437767.4527175,3443.313,0,0,100,2094
1787437768.4808657,3444.341,0,0,99,2094
1787437769.5091069,3445.37,0,0,100,2094
1787437770.5400596,3446.4,0,0,99,2094
1787437771.5681982,3447.429,0,0,100,2094
1787437772.5955846,3448.456,0,0,100,2094
1787437773.6259837,3449.486,0,0,100,2094
1787437774.6572104,3450.518,0,0,100,2094
1787437775.6859326,3451.546,0,0,100,2094
1787437776.7175107,3452.578,0,0,100,2094
1787437777.751634,3453.612,0,0,100,2094
1787437778.781584,3454.642,0,0,100,2094
1787437779.8075912,3455.668,0,0,99,2094
1787437780.8330805,3456.693,0,0,100,2094
1787437781.8587983,3457.719,0,0,100,2094
1787437782.885775,3458.746,0,0,100,2094
1787437783.916577,3459.777,0,0,100,2094
1787437784.9428241,3460.803,0,0,100,2094
1787437785.9727087,3461.833,0,0,100,2094
1787437786.99896,3462.859,0,0,100,2094
1787437788.0280662,3463.888,0,0,100,2094
1787437789.0557866,3464.916,0,0,100,2094
1787437790.0857143,3465.946,0,0,99,2094
1787437791.116719,3466.977,0,0,100,2094
1787437792.1457534,3468.006,0,0,100,2094
1787437793.1725163,3469.033,0,0,100,2094
1787437794.2013888,3470.062,0,0,100,2094
1787437795.2276947,3471.088,0,0,100,2094
1787437796.2551985,3472.116,0,0,100,2094
1787437797.290236,3473.151,0,0,100,2094
1787437798.3199022,3474.18,0,0,100,2094
1787437799.3492613,3475.21,0,0,100,2094
1787437800.3790822,3476.239,0,0,99,2094
1787437801.411585,3477.272,0,0,100,2094
1787437802.4441776,3478.305,0,0,100,2094
1787437803.472206,3479.333,0,0,100,2094
1787437804.5004284,3480.361,0,0,100,2094
1787437805.5279372,3481.388,0,0,100,2094
1787437806.5539563,3482.414,0,0,100,2094
1787437807.5810535,3483.441,0,0,99,2094
1787437808.6161633,3484.477,0,0,100,2094
1787437809.647586,3485.508,0,0,99,2094
1787437810.6811943,3486.542,0,0,100,2094
1787437811.7111397,3487.572,0,0,100,2094
1787437812.739538,3488.6,0,0,84,2094
1787437813.7655282,3489.626,0,0,100,2094
1787437814.794184,3490.655,0,0,100,2094
1787437815.8219268,3491.682,0,0,100,2094
1787437816.853525,3492.714,0,0,100,2094
1787437817.8856485,3493.746,0,0,100,2094
1787437818.9153976,3494.776,0,0,99,2094
1787437819.949429,3495.81,0,0,100,2094
1787437820.9806068,3496.841,0,0,100,2094
1787437822.0108705,3497.871,0,0,100,2094
1787437823.039739,3498.9,0,0,100,2094
1787437824.0699403,3499.93,0,0,100,2094
1787437825.0996122,3500.96,0,0,100,2094
1787437826.127475,3501.988,0,0,100,2094
1787437827.1556282,3503.016,0,0,99,2094
1787437828.1845791,3504.045,0,0,100,2094
1787437829.2159247,3505.076,0,0,99,2094
1787437830.2442935,3506.105,0,0,100,2094
1787437831.2741942,3507.135,0,0,100,2094
1787437832.3049157,3508.165,0,0,100,2094
1787437833.3369825,3509.197,0,0,100,2094
1787437834.3646812,3510.225,0,0,100,2094
1787437835.391128,3511.252,0,0,100,2094
1787437836.4222355,3512.283,0,0,100,2094
1787437837.4517095,3513.312,0,0,100,2094
1787437838.4813151,3514.342,0,0,100,2094
1787437839.5125916,3515.373,0,0,99,2094
1787437840.5436676,3516.404,0,0,100,2094
1787437841.5762038,3517.437,0,0,99,2094
1787437842.6065388,3518.467,0,0,100,2094
1787437843.6337032,3519.494,0,0,100,2094
1787437844.6616259,3520.522,0,0,100,2094
1787437845.6944535,3521.555,0,0,100,2094
1787437846.7227964,3522.583,0,0,100,2094
1787437847.7526674,3523.613,0,0,100,2094
1787437848.78169,3524.642,0,0,100,2094
1787437849.8099678,3525.67,0,0,99,2094
1787437850.8406413,3526.701,0,0,100,2094
1787437851.867141,3527.728,0,0,100,2094
1787437852.8947577,3528.755,0,0,100,2094
1787437853.9218035,3529.782,0,0,100,2094
1787437854.951225,3530.812,0,0,100,2094
1787437855.9842625,3531.845,0,0,100,2094
1787437857.0147462,3532.875,0,0,100,2094
1787437858.0451317,3533.906,0,0,99,2094
1787437859.0745587,3534.935,0,0,100,2094
1787437860.105707,3535.966,0,0,100,2094
1787437861.1378367,3536.998,0,0,100,2094
1787437862.1676826,3538.028,0,0,100,2094
1787437863.1971948,3539.058,0,0,100,2094
1787437864.2290726,3540.089,0,0,100,2094
1787437865.2557518,3541.116,0,0,100,2094
1787437866.2849772,3542.145,0,0,99,2094
1787437867.3119307,3543.172,0,0,100,2094
1787437868.340485,3544.201,0,0,98,2094
1787437869.371804,3545.232,0,0,100,2094
1787437870.4000514,3546.26,0,0,100,2094
1787437871.429671,3547.29,0,0,100,2094
1787437872.4623706,3548.323,0,0,100,2094
1787437873.492461,3549.353,0,0,100,2094
1787437874.520442,3550.381,0,0,100,2094
1787437875.5493145,3551.41,0,0,100,2094
1787437876.5768185,3552.437,0,0,100,2094
1787437877.6060092,3553.466,0,0,100,2094
1787437878.6352177,3554.496,0,0,100,2094
1787437879.6670895,3555.527,0,0,100,2094
1787437880.697212,3556.558,0,0,100,2094
1787437881.7298481,3557.59,0,0,100,2094
1787437882.760304,3558.621,0,0,100,2094
1787437883.7908666,3559.651,0,0,100,2094
1787437884.8189363,3560.679,0,0,100,2094
1787437885.8529825,3561.713,0,0,100,2094
1787437886.8790724,3562.739,0,0,100,2094
1787437887.9070237,3563.767,0,0,100,2094
1787437888.9327483,3564.793,0,0,100,2094
1787437889.963322,3565.824,0,0,100,2094
1787437890.9952369,3566.856,0,0,100,2094
1787437892.0209892,3567.881,0,0,100,2094
1787437893.0539224,3568.914,0,0,100,2094
1787437894.0821798,3569.943,0,0,100,2094
1787437895.112008,3570.972,0,0,100,2094
1787437896.142671,3572.003,0,0,100,2094
1787437897.1726496,3573.033,0,0,100,2094
1787437898.2004056,3574.061,0,0,100,2094
1787437899.2331984,3575.094,0,0,100,2094
1787437900.2630806,3576.123,0,0,100,2094
1787437901.2930427,3577.153,0,0,100,2094
1787437902.3251922,3578.186,0,0,100,2094
1787437903.3559544,3579.216,0,0,100,2094
1787437904.3894389,3580.25,0,0,100,2094
1787437905.421198,3581.282,0,0,100,2094
1787437906.4529579,3582.313,0,0,100,2094
1787437907.4793134,3583.34,0,0,100,2094
1787437908.5100093,3584.37,0,0,100,2094
1787437909.54126,3585.402,0,0,100,2094
1787437910.5717015,3586.432,0,0,100,2094
1787437911.5982137,3587.459,0,0,99,2094
1787437912.627599,3588.488,0,0,100,2094
1787437913.6568077,3589.517,0,0,100,2094
1787437914.6855154,3590.546,0,0,100,2094
1787437915.7163322,3591.577,0,0,100,2094
1787437916.7451217,3592.606,0,0,100,2094
1787437917.7737322,3593.634,0,0,100,2094
1787437918.8044837,3594.665,0,0,100,2094
1787437919.8383868,3595.699,0,0,100,2094
1787437920.8677862,3596.728,0,0,100,2094
1787437921.899713,3597.76,0,0,99,2094
1787437922.9256058,3598.786,0,0,100,2094
1787437923.952333,3599.813,0,0,100,2094
1787437924.986733,3600.847,0,0,100,2094
1787437926.0133321,3601.874,0,0,100,2094
1787437927.0414789,3602.902,0,0,100,2094
1787437928.0697634,3603.93,0,0,100,2094
1787437929.0979075,3604.958,0,0,99,2094
1787437930.129034,3605.989,0,0,100,2094
1787437931.163262,3607.024,0,0,99,2094
1787437932.1909733,3608.051,0,0,100,2094
1787437933.2171252,3609.078,0,0,100,2094
1787437934.2437382,3610.104,0,0,100,2094
1787437935.2715225,3611.132,0,0,100,2094
1787437936.300241,3612.161,0,0,100,2094
1787437937.3298023,3613.19,0,0,100,2094
1787437938.3581123,3614.219,0,0,100,2094
1787437939.3886135,3615.249,0,0,100,2094
1787437940.4215472,3616.282,0,0,99,2094
1787437941.4487295,3617.309,0,0,100,2094
1787437942.478722,3618.339,0,0,100,2094
1787437943.5103612,3619.371,0,0,100,2094
1787437944.5376556,3620.398,0,0,100,2094
1787437945.5653691,3621.426,0,0,100,2094
1787437946.5960352,3622.456,0,0,100,2094
1787437947.6235669,3623.484,0,0,100,2094
1787437948.6495566,3624.51,0,0,100,2094
1787437949.6817915,3625.542,0,0,100,2094
1787437950.7136335,3626.574,0,0,99,2094
1787437951.7440534,3627.604,0,0,100,2094
1787437952.7736592,3628.634,0,0,100,2094
1787437953.8015685,3629.662,0,0,100,2094
1787437954.834434,3630.695,0,0,100,2094
1787437955.8630826,3631.723,0,0,100,2094
1787437956.8989594,3632.759,0,0,100,2094
1787437957.9327335,3633.793,0,0,100,2094
1787437958.9607074,3634.821,0,0,100,2094
1787437959.9942312,3635.855,0,0,100,2094
1787437961.0254974,3636.886,0,0,99,2094
1787437962.0582292,3637.919,0,0,100,2094
1787437963.0883946,3638.949,0,0,100,2094
1787437964.1214333,3639.982,0,0,100,2094
1787437965.1479733,3641.008,0,0,100,2094
1787437966.1739738,3642.034,0,0,100,2094
1787437967.206447,3643.067,0,0,100,2094
1787437968.2360847,3644.096,0,0,100,2094
1787437969.2654746,3645.126,0,0,100,2094
1787437970.301125,3646.162,0,0,100,2094
1787437971.340513,3647.201,0,0,99,2094
1787437972.3694332,3648.23,0,0,100,2094
1787437973.39517,3649.256,0,0,100,2094
1787437974.4215696,3650.282,0,0,100,2094
1787437975.4504573,3651.311,0,0,100,2094
1787437976.47734,3652.338,0,0,100,2094
1787437977.5067718,3653.367,0,0,99,2094
1787437978.538041,3654.398,0,0,100,2094
1787437979.5722206,3655.433,0,0,99,2094
1787437980.6021566,3656.463,0,0,100,2094
1787437981.6320734,3657.492,0,0,100,2094
1787437982.6584296,3658.519,0,0,100,2094
1787437983.687073,3659.547,0,0,100,2094
1787437984.7165363,3660.577,0,0,100,2094
1787437985.7427475,3661.603,0,0,100,2094
1787437986.7726192,3662.633,0,0,100,2094
1787437987.8034158,3663.664,0,0,100,2094
1787437988.8327527,3664.693,0,0,100,2094
1787437989.8632512,3665.724,0,0,99,2094
1787437990.8949163,3666.755,0,0,100,2094
1787437991.924712,3667.785,0,0,100,2094
1787437992.9570754,3668.817,0,0,100,2094
1787437993.9871366,3669.848,0,0,100,2094
1787437995.014786,3670.875,0,0,100,2094
1787437996.041253,3671.902,0,0,100,2094
1787437997.0757651,3672.936,0,0,100,2094
1787437998.104222,3673.965,0,0,100,2094
1787437999.1372566,3674.998,0,0,100,2094
1787438000.1678998,3676.028,0,0,99,2094
1787438001.1960216,3677.056,0,0,100,2094
1787438002.2256973,3678.086,0,0,100,2094
1787438003.2564597,3679.117,0,0,100,2094
1787438004.286787,3680.147,0,0,100,2094
1787438005.313452,3681.174,0,0,100,2094
1787438006.3435907,3682.204,0,0,100,2094
1787438007.3708024,3683.231,0,0,100,2094
1787438008.400912,3684.261,0,0,100,2094
1787438009.4295342,3685.29,0,0,100,2094
1787438010.4593694,3686.32,0,0,99,2094
1787438011.48942,3687.35,0,0,100,2094
1787438012.523646,3688.384,0,0,100,2094
1787438013.5569446,3689.417,0,0,100,2094
1787438014.5830758,3690.443,0,0,100,2094
1787438015.610865,3691.471,0,0,100,2094
1787438016.6383152,3692.499,0,0,100,2094
1787438017.6690135,3693.529,0,0,100,2094
1787438018.700428,3694.561,0,0,100,2094
1787438019.7332425,3695.594,0,0,99,2094
1787438020.7648926,3696.625,0,0,100,2094
1787438021.7908456,3697.651,0,0,100,2094
1787438022.8192136,3698.68,0,0,100,2094
1787438023.8522997,3699.713,0,0,100,2094
1787438024.8826702,3700.743,0,0,100,2094
1787438025.9102666,3701.771,0,0,100,2094
1787438026.9373624,3702.798,0,0,99,2094
1787438027.9670024,3703.827,0,0,100,2094
1787438028.9955516,3704.856,0,0,98,2094
1787438030.0297167,3705.89,0,0,100,2094
1787438031.0595572,3706.92,0,0,100,2094
1787438032.0858965,3707.946,0,0,100,2094
1787438033.1127322,3708.973,0,0,100,2094
1787438034.1444564,3710.005,0,0,100,2094
1787438035.174352,3711.035,0,0,100,2094
1787438036.2059817,3712.066,0,0,100,2094
1787438037.2350903,3713.095,0,0,100,2094
1787438038.2628877,3714.123,0,0,100,2094
1787438039.2929409,3715.153,0,0,99,2094
1787438040.3233757,3716.184,0,0,100,2094
1787438041.353494,3717.214,0,0,100,2094
1787438042.3860807,3718.246,0,0,100,2094
1787438043.4193637,3719.28,0,0,100,2094
1787438044.4507751,3720.311,0,0,100,2094
1787438045.481404,3721.342,0,0,100,2094
1787438046.5083735,3722.369,0,0,100,2094
1787438047.534822,3723.395,0,0,100,2094
1787438048.566806,3724.427,0,0,100,2094
1787438049.5928986,3725.453,0,0,99,2094
1787438050.6246934,3726.485,0,0,100,2094
1787438051.6512609,3727.512,0,0,100,2094
1787438052.6806095,3728.541,0,0,100,2094
1787438053.7069335,3729.567,0,0,100,2094
1787438054.7356744,3730.596,0,0,100,2094
1787438055.7657542,3731.626,0,0,100,2094
1787438056.7947187,3732.655,0,0,100,2094
1787438057.8255901,3733.686,0,0,100,2094
1787438058.855842,3734.716,0,0,99,2094
1787438059.8853261,3735.746,0,0,100,2094
1787438060.914442,3736.775,0,0,100,2094
1787438061.946082,3737.806,0,0,100,2094
1787438062.9793448,3738.84,0,0,100,2094
1787438064.0057697,3739.866,0,0,100,2094
1787438065.0346289,3740.895,0,0,100,2094
1787438066.0701065,3741.931,0,0,100,2094
1787438067.0971274,3742.958,0,0,100,2094
1787438068.1281383,3743.989,0,0,100,2094
1787438069.1597416,3745.02,0,0,99,2094
1787438070.1887865,3746.049,0,0,100,2094
1787438071.2149572,3747.075,0,0,100,2094
1787438072.2423613,3748.103,0,0,100,2094
1787438073.2801638,3749.141,0,0,100,2094
1787438074.3074095,3750.168,0,0,100,2094
1787438075.3371985,3751.198,0,0,100,2094
1787438076.3669453,3752.227,0,0,99,2094
1787438077.3986938,3753.259,0,0,100,2094
1787438078.4267464,3754.287,0,0,99,2094
1787438079.4573724,3755.318,0,0,100,2094
1787438080.4836366,3756.344,0,0,100,2094
1787438081.5098732,3757.37,0,0,100,2094
1787438082.5359833,3758.396,0,0,100,2094
1787438083.5623493,3759.423,0,0,100,2094
1787438084.5923526,3760.453,0,0,100,2094
1787438085.6206706,3761.481,0,0,100,2094
1787438086.6494496,3762.51,0,0,100,2094
1787438087.6845033,3763.545,0,0,100,2094
1787438088.7178502,3764.578,0,0,99,2094
1787438089.7446172,3765.605,0,0,100,2094
1787438090.7711296,3766.632,0,0,100,2094
1787438091.802374,3767.663,0,0,100,2094
1787438092.8305705,3768.691,0,0,100,2094
1787438093.8610852,3769.721,0,0,100,2094
1787438094.8889387,3770.749,0,0,100,2094
1787438095.9246728,3771.785,0,0,100,2094
1787438096.954211,3772.815,0,0,100,2094
1787438097.985095,3773.845,0,0,99,2094
1787438099.013258,3774.874,0,0,100,2094
1787438100.040016,3775.9,0,0,100,2094
1787438101.0648441,3776.925,0,0,100,2094
1787438102.0946596,3777.955,0,0,100,2094
1787438103.1263213,3778.987,0,0,100,2094
1787438104.1525626,3780.013,0,0,100,2094
1787438105.1831045,3781.044,0,0,100,2094
1787438106.2103984,3782.071,0,0,100,2094
1787438107.241797,3783.102,0,0,100,2094
1787438108.2717776,3784.132,0,0,99,2094
1787438109.299767,3785.16,0,0,100,2094
1787438110.3286974,3786.189,0,0,100,2094
1787438111.3559122,3787.216,0,0,100,2094
1787438112.3855596,3788.246,0,0,100,2094
1787438113.4111001,3789.271,0,0,100,2094
1787438114.4413087,3790.302,0,0,100,2094
1787438115.470098,3791.33,0,0,100,2094
1787438116.501173,3792.362,0,0,100,2094
1787438117.5342252,3793.395,0,0,100,2094
1787438118.5652685,3794.426,0,0,99,2094
1787438119.5981002,3795.458,0,0,100,2094
1787438120.625725,3796.486,0,0,100,2094
1787438121.6544118,3797.515,0,0,100,2094
1787438122.684072,3798.544,0,0,100,2094
1787438123.712536,3799.573,0,0,100,2094
1787438124.7455297,3800.606,0,0,100,2094
1787438125.7744982,3801.635,0,0,99,2094
1787438126.8012836,3802.662,0,0,100,2094
1787438127.8310676,3803.691,0,0,99,2094
1787438128.857042,3804.717,0,0,100,2094
1787438129.8845756,3805.745,0,0,100,2094
1787438130.9147613,3806.775,0,0,100,2094
1787438131.9415863,3807.802,0,0,100,2094
1787438132.9700158,3808.83,0,0,100,2094
1787438134.0028975,3809.863,0,0,100,2094
1787438135.0328302,3810.893,0,0,99,2094
1787438136.0634198,3811.924,0,0,100,2094
1787438137.093877,3812.954,0,0,99,2094
1787438138.1217353,3813.982,0,0,100,2094
1787438139.1490984,3815.009,0,0,100,2094
1787438140.17858,3816.039,0,0,100,2094
1787438141.2120168,3817.072,0,0,100,2094
1787438142.2420797,3818.102,0,0,100,2094
1787438143.2724833,3819.133,0,0,100,2094
1787438144.3012388,3820.162,0,0,100,2094
1787438145.32992,3821.19,0,0,100,2094
1787438146.3690712,3822.229,0,0,100,2094
1787438147.3981059,3823.259,0,0,99,2094
1787438148.4283562,3824.289,0,0,100,2094
1787438149.4598243,3825.32,0,0,100,2094
1787438150.488672,3826.349,0,0,100,2094
1787438151.5182147,3827.379,0,0,100,2094
1787438152.547935,3828.408,0,0,100,2094
1787438153.5805972,3829.441,0,0,100,2094
1787438154.6073406,3830.468,0,0,100,2094
1787438155.637065,3831.497,0,0,100,2094
1787438156.6651506,3832.526,0,0,100,2094
1787438157.695929,3833.556,0,0,99,2094
1787438158.7257056,3834.586,0,0,100,2094
1787438159.7569964,3835.617,0,0,100,2094
1787438160.7895072,3836.65,0,0,100,2094
1787438161.8176715,3837.678,0,0,100,2094
1787438162.8448312,3838.705,0,0,100,2094
1787438163.8741348,3839.735,0,0,100,2094
1787438164.9035835,3840.764,0,0,100,2094
1787438165.9367537,3841.797,0,0,100,2094
1787438166.9750423,3842.835,0,0,100,2094
1787438168.0058677,3843.866,0,0,98,2094
1787438169.03384,3844.894,0,0,100,2094
1787438170.0612116,3845.922,0,0,100,2094
1787438171.0906923,3846.951,0,0,100,2094
1787438172.1181614,3847.979,0,0,100,2094
1787438173.146491,3849.007,0,0,100,2094
1787438174.17929,3850.04,0,0,99,2094
1787438175.207033,3851.067,0,0,100,2094
1787438176.2399545,3852.1,0,0,99,2094
1787438177.274723,3853.135,0,0,100,2094
1787438178.3046365,3854.165,0,0,100,2094
1787438179.3382845,3855.199,0,0,100,2094
1787438180.3715868,3856.232,0,0,100,2094
1787438181.3981082,3857.259,0,0,100,2094
1787438182.429762,3858.29,0,0,100,2094
1787438183.4565692,3859.317,0,0,100,2094
1787438184.4896023,3860.35,0,0,99,2094
1787438185.5225267,3861.383,0,0,100,2094
1787438186.5563915,3862.417,0,0,98,2094
1787438187.5832782,3863.444,0,0,100,2094
1787438188.6122303,3864.473,0,0,100,2094
1787438189.639277,3865.5,0,0,100,2094
1787438190.6674037,3866.528,0,0,100,2094
1787438191.693936,3867.554,0,0,100,2094
1787438192.72151,3868.582,0,0,100,2094
1787438193.7511742,3869.612,0,0,100,2094
1787438194.7808142,3870.641,0,0,100,2094
1787438195.8153148,3871.676,0,0,100,2094
1787438196.8445804,3872.705,0,0,99,2094
1787438197.8711894,3873.732,0,0,100,2094
1787438198.9011116,3874.762,0,0,100,2094
1787438199.9314778,3875.792,0,0,100,2094
1787438200.9632633,3876.824,0,0,100,2094
1787438201.9900267,3877.85,0,0,100,2094
1787438203.019883,3878.88,0,0,100,2094
1787438204.0516384,3879.912,0,0,100,2094
1787438205.0857985,3880.946,0,0,100,2094
1787438206.1146855,3881.975,0,0,100,2094
1787438207.1430647,3883.003,0,0,99,2094
1787438208.169361,3884.03,0,0,100,2094
1787438209.2011669,3885.062,0,0,100,2094
1787438210.2334273,3886.094,0,0,100,2094
1787438211.262019,3887.122,0,0,100,2094
1787438212.288897,3888.149,0,0,100,2094
1787438213.315462,3889.176,0,0,100,2094
1787438214.3493986,3890.21,0,0,100,2094
1787438215.3817098,3891.242,0,0,100,2094
1787438216.4119985,3892.272,0,0,99,2094
1787438217.4435475,3893.304,0,0,100,2094
1787438218.4696898,3894.33,0,0,100,2094
1787438219.499716,3895.36,0,0,100,2094
1787438220.5258777,3896.386,0,0,100,2094
1787438221.5543065,3897.415,0,0,100,2094
1787438222.5802758,3898.441,0,0,100,2094
1787438223.6085937,3899.469,0,0,99,2094
1787438224.6411207,3900.502,0,0,100,2094
1787438225.6694787,3901.53,0,0,99,2094
1787438226.697375,3902.558,0,0,100,2094
1787438227.7990978,3903.659,0,0,100,2094
1787438228.8295832,3904.69,0,0,100,2094
1787438229.8625739,3905.723,0,0,100,2094
1787438230.888787,3906.749,0,0,100,2094
1787438231.9204874,3907.781,0,0,100,2094
1787438232.947718,3908.808,0,0,100,2094
1787438233.9797254,3909.84,0,0,99,2094
1787438235.0100558,3910.87,0,0,100,2094
1787438236.0393503,3911.9,0,0,99,2094
1787438237.0663452,3912.927,0,0,100,2094
1787438238.095749,3913.956,0,0,100,2094
1787438239.1239216,3914.984,0,0,100,2094
1787438240.150922,3916.011,0,0,100,2094
1787438241.1780956,3917.038,0,0,100,2094
1787438242.2069266,3918.067,0,0,100,2094
1787438243.237992,3919.098,0,0,100,2094
1787438244.2678845,3920.128,0,0,100,2094
1787438245.2990289,3921.159,0,0,100,2094
1787438246.3298755,3922.19,0,0,99,2094
1787438247.3623126,3923.223,0,0,100,2094
1787438248.3911345,3924.252,0,0,100,2094
1787438249.4180288,3925.278,0,0,100,2094
1787438250.4458675,3926.306,0,0,100,2094
1787438251.4727063,3927.333,0,0,100,2094
1787438252.5006576,3928.361,0,0,100,2094
1787438253.52743,3929.388,0,0,100,2094
1787438254.561555,3930.422,0,0,100,2094
1787438255.5961347,3931.457,0,0,99,2094
1787438256.6260743,3932.486,0,0,100,2094
1787438257.6573524,3933.518,0,0,100,2094
1787438258.6870053,3934.547,0,0,100,2094
1787438259.7170208,3935.577,0,0,100,2094
1787438260.7432418,3936.604,0,0,100,2094
1787438261.7726448,3937.633,0,0,100,2094
1787438262.802624,3938.663,0,0,100,2094
1787438263.8320727,3939.692,0,0,100,2094
1787438264.8666215,3940.727,0,0,100,2094
1787438265.899074,3941.759,0,0,99,2094
1787438266.9255786,3942.786,0,0,100,2094
1787438267.9528005,3943.813,0,0,100,2094
1787438268.9790738,3944.839,0,0,100,2094
1787438270.006623,3945.867,0,0,100,2094
1787438271.0368075,3946.897,0,0,100,2094
1787438272.065921,3947.926,0,0,100,2094
1787438273.0929968,3948.953,0,0,100,2094
1787438274.1252363,3949.986,0,0,100,2094
1787438275.1613612,3951.022,0,0,99,2094
1787438276.191455,3952.052,0,0,100,2094
1787438277.2214599,3953.082,0,0,100,2094
1787438278.2524905,3954.113,0,0,100,2094
1787438279.2795088,3955.14,0,0,100,2094
1787438280.3078597,3956.168,0,0,100,2094
1787438281.337772,3957.198,0,0,100,2094
1787438282.364758,3958.225,0,0,100,2094
1787438283.3920267,3959.252,0,0,100,2094
1787438284.422003,3960.282,0,0,100,2094
1787438285.450396,3961.311,0,0,99,2094
1787438286.478437,3962.339,0,0,100,2094
1787438287.505007,3963.365,0,0,100,2094
1787438288.5325673,3964.393,0,0,100,2094
1787438289.5636106,3965.424,0,0,100,2094
1787438290.5905497,3966.451,0,0,100,2094
1787438291.6195352,3967.48,0,0,100,2094
1787438292.64924,3968.51,0,0,100,2094
1787438293.6799352,3969.54,0,0,100,2094
1787438294.706962,3970.567,0,0,99,2094
1787438295.7356367,3971.596,0,0,100,2094
1787438296.7628393,3972.623,0,0,100,2094
1787438297.7906702,3973.651,0,0,100,2094
1787438298.8176675,3974.678,0,0,100,2094
1787438299.844226,3975.705,0,0,100,2094
1787438300.8750038,3976.735,0,0,100,2094
1787438301.9090662,3977.769,0,0,100,2094
1787438302.9420059,3978.802,0,0,100,2094
1787438303.9722047,3979.833,0,0,100,2094
1787438305.0047143,3980.865,0,0,99,2094
1787438306.037093,3981.897,0,0,100,2094
1787438307.0704367,3982.931,0,0,100,2094
1787438308.0973477,3983.958,0,0,100,2094
1787438309.1273603,3984.988,0,0,100,2094
1787438310.157504,3986.018,0,0,100,2094
1787438311.1856322,3987.046,0,0,100,2094
1787438312.215932,3988.076,0,0,100,2094
1787438313.2449028,3989.105,0,0,100,2094
1787438314.278533,3990.139,0,0,100,2094
1787438315.3101788,3991.171,0,0,98,2094
1787438316.3421366,3992.203,0,0,100,2094
1787438317.371473,3993.232,0,0,100,2094
1787438318.3986754,3994.259,0,0,100,2094
1787438319.4270499,3995.287,0,0,100,2094
1787438320.4538674,3996.314,0,0,100,2094
1787438321.4858615,3997.346,0,0,100,2094
1787438322.5178964,3998.378,0,0,100,2094
1787438323.5486894,3999.409,0,0,100,2094
1787438324.579934,4000.44,0,0,100,2094
1787438325.60996,4001.47,0,0,100,2094
1787438326.636781,4002.497,0,0,100,2094
1787438327.6653025,4003.526,0,0,100,2094
1787438328.6937428,4004.554,0,0,100,2094
1787438329.7230055,4005.583,0,0,100,2094
1787438330.7610488,4006.621,0,0,100,2094
1787438331.7886603,4007.649,0,0,100,2094
1787438332.8184998,4008.679,0,0,100,2094
1787438333.8458152,4009.706,0,0,100,2094
1787438334.8726678,4010.733,0,0,100,2094
1787438335.900015,4011.76,0,0,100,2094
1787438336.9284093,4012.789,0,0,100,2094
1787438337.9555376,4013.816,0,0,100,2094
1787438338.9861615,4014.847,0,0,100,2094
1787438340.0186288,4015.879,0,0,100,2094
1787438341.0486834,4016.909,0,0,100,2094
1787438342.077982,4017.938,0,0,100,2094
1787438343.104185,4018.965,0,0,100,2094
1787438344.1377678,4019.998,0,0,100,2094
1787438345.167797,4021.028,0,0,100,2094
1787438346.1981184,4022.059,0,0,100,2094
1787438347.2279088,4023.088,0,0,100,2094
1787438348.258458,4024.119,0,0,100,2094
1787438349.288168,4025.149,0,0,99,2094
1787438350.3140423,4026.174,0,0,100,2094
1787438351.3439174,4027.204,0,0,100,2094
1787438352.3764753,4028.237,0,0,100,2094
1787438353.4131806,4029.274,0,0,100,2094
1787438354.4403548,4030.301,0,0,100,2094
1787438355.4715612,4031.332,0,0,100,2094
1787438356.5032358,4032.364,0,0,99,2094
1787438357.5346737,4033.395,0,0,98,2094
1787438358.5623975,4034.423,0,0,100,2094
1787438359.5944262,4035.455,0,0,100,2094
1787438360.6249206,4036.485,0,0,100,2094
1787438361.6542032,4037.515,0,0,100,2094
1787438362.6812701,4038.542,0,0,100,2094
1787438363.7119274,4039.572,0,0,100,2094
1787438364.7416606,4040.602,0,0,97,2094
1787438365.7702725,4041.631,0,0,100,2094
1787438366.8059957,4042.666,0,0,99,2094
1787438367.8277533,4043.688,0,0,100,2094
1787438368.8486664,4044.709,0,0,100,2094
1787438369.8702915,4045.731,0,0,100,2094
1787438370.8960118,4046.756,0,0,100,2094
1787438371.9182456,4047.779,0,0,100,2094
1787438372.9375458,4048.798,0,0,100,2094
1787438373.9598901,4049.82,0,0,100,2094
1787438374.9791737,4050.84,0,0,100,2094
1787438375.999703,4051.86,0,0,100,2094
1787438377.0209744,4052.881,0,0,100,2094
1787438378.0433402,4053.904,0,0,100,2094
1787438379.0630302,4054.923,0,0,100,2094
1787438380.0927694,4055.953,0,0,100,2094
1787438381.1227014,4056.983,0,0,100,2094
1787438382.1496103,4058.01,0,0,100,2094
1787438383.1755447,4059.036,0,0,100,2094
1787438384.20529,4060.066,0,0,99,2094
1787438385.2248185,4061.085,0,0,100,2094
1787438386.2438118,4062.104,0,0,99,2094
1787438387.265112,4063.126,0,0,100,2094
1787438388.2842333,4064.145,0,0,100,2094
1787438389.3057172,4065.166,0,0,100,2094
1787438390.326962,4066.187,0,0,100,2094
1787438391.3461308,4067.207,0,0,100,2094
1787438392.3683302,4068.229,0,0,100,2094
1787438393.388419,4069.249,0,0,100,2094
1787438394.4086394,4070.269,0,0,99,2094
1787438395.4294472,4071.29,0,0,100,2094
1787438396.4513779,4072.312,0,0,99,2094
1787438397.473056,4073.333,0,0,100,2094
1787438398.4925523,4074.353,0,0,100,2094
1787438399.5145664,4075.375,0,0,100,2094
1787438400.533839,4076.394,0,0,100,2094
1787438401.5545938,4077.415,0,0,100,2094
1787438402.5766816,4078.437,0,0,100,2094
1787438403.6038556,4079.464,0,0,100,2094
1787438404.624391,4080.485,0,0,100,2094
1787438405.643699,4081.504,0,0,100,2094
1787438406.6756523,4082.536,0,0,99,2094
1787438407.7035668,4083.564,0,0,100,2094
1787438408.7295036,4084.59,0,0,100,2094
1787438409.7568836,4085.617,0,0,100,2094
1787438410.783696,4086.644,0,0,100,2094
1787438411.8041682,4087.665,0,0,100,2094
1787438412.825634,4088.686,0,0,100,2094
1787438413.8473306,4089.708,0,0,100,2094
1787438414.8668952,4090.727,0,0,100,2094
1787438415.8950021,4091.755,0,0,100,2094
1787438416.923846,4092.784,0,0,100,2094
1787438417.954251,4093.815,0,0,100,2094
1787438418.9839694,4094.844,0,0,100,2094
1787438420.0034387,4095.864,0,0,100,2094
1787438421.0248847,4096.885,0,0,100,2094
1787438422.044808,4097.905,0,0,100,2094
1787438423.0666363,4098.927,0,0,100,2094
1787438424.0937479,4099.954,0,0,100,2094
1787438425.1230805,4100.983,0,0,99,2094
1787438426.1556163,4102.016,0,0,100,2094
1787438427.1860428,4103.046,0,0,100,2094
1787438428.2159219,4104.076,0,0,100,2094
1787438429.237671,4105.098,0,0,100,2094
1787438430.258851,4106.119,0,0,100,2094
1787438431.2807734,4107.141,0,0,100,2094
1787438432.3016205,4108.162,0,0,100,2094
1787438433.326895,4109.187,0,0,100,2094
1787438434.3573666,4110.218,0,0,100,2094
1787438435.386506,4111.247,0,0,99,2094
1787438436.4159737,4112.276,0,0,100,2094
1787438437.4359913,4113.296,0,0,100,2094
1787438438.4556005,4114.316,0,0,100,2094
1787438439.4768937,4115.337,0,0,100,2094
1787438440.4961312,4116.357,0,0,100,2094
1787438441.5158522,4117.376,0,0,100,2094
1787438442.5362751,4118.397,0,0,100,2094
1787438443.5557075,4119.416,0,0,100,2094
1787438444.5752993,4120.436,0,0,100,2094
1787438445.5990288,4121.459,0,0,100,2094
1787438446.6289406,4122.489,0,0,100,2094
1787438447.656693,4123.517,0,0,100,2094
1787438448.683534,4124.544,0,0,100,2094
1787438449.7133157,4125.574,0,0,100,2094
1787438450.7321777,4126.593,0,0,100,2094
1787438451.754274,4127.615,0,0,100,2094
1787438452.7735577,4128.634,0,0,100,2094
1787438453.7958314,4129.656,0,0,100,2094
1787438454.817657,4130.678,0,0,100,2094
1787438455.839316,4131.7,0,0,99,2094
1787438456.859128,4132.72,0,0,100,2094
1787438457.8783844,4133.739,0,0,100,2094
1787438458.8998432,4134.76,0,0,100,2094
1787438459.9193408,4135.78,0,0,100,2094
1787438460.938754,4136.799,0,0,100,2094
1787438461.9590218,4137.819,0,0,100,2094
1787438462.9882884,4138.849,0,0,100,2094
1787438464.0140214,4139.874,0,0,100,2094
1787438465.040293,4140.901,0,0,99,2094
1787438466.069597,4141.93,0,0,100,2094
1787438467.1023166,4142.963,0,0,100,2094
1787438468.134704,4143.995,0,0,100,2094
1787438469.1609921,4145.021,0,0,100,2094
1787438470.1942735,4146.055,0,0,100,2094
1787438471.2263527,4147.087,0,0,100,2094
1787438472.2486088,4148.109,0,0,100,2094
1787438473.2711978,4149.132,0,0,100,2094
1787438474.2903018,4150.151,0,0,99,2094
1787438475.311548,4151.172,0,0,100,2094
1787438476.3411162,4152.202,0,0,100,2094
1787438477.3692813,4153.23,0,0,100,2094
1787438478.3984995,4154.259,0,0,100,2094
1787438479.4315205,4155.292,0,0,100,2094
1787438480.4607332,4156.321,0,0,100,2094
1787438481.4806037,4157.341,0,0,100,2094
1787438482.5023227,4158.363,0,0,100,2094
1787438483.5212524,4159.382,0,0,100,2094
1787438484.5406725,4160.401,0,0,100,2094
1787438485.566161,4161.427,0,0,100,2094
1787438486.5958152,4162.456,0,0,100,2094
1787438487.6223376,4163.483,0,0,100,2094
1787438488.652017,4164.512,0,0,100,2094
1787438489.6739223,4165.534,0,0,99,2094
1787438490.6948307,4166.555,0,0,100,2094
1787438491.716804,4167.577,0,0,100,2094
1787438492.7388349,4168.599,0,0,100,2094
1787438493.7605488,4169.621,0,0,100,2094
1787438494.7815976,4170.642,0,0,100,2094
1787438495.8010406,4171.661,0,0,100,2094
1787438496.8216927,4172.682,0,0,100,2094
1787438497.8428514,4173.703,0,0,100,2094
1787438498.8710132,4174.731,0,0,100,2094
1787438499.900539,4175.761,0,0,100,2094
1787438500.9267895,4176.787,0,0,100,2094
1787438501.9557266,4177.816,0,0,100,2094
1787438502.9764185,4178.837,0,0,100,2094
1787438503.998027,4179.858,0,0,99,2094
1787438505.0195806,4180.88,0,0,100,2094
1787438506.0402632,4181.901,0,0,100,2094
1787438507.0705147,4182.931,0,0,100,2094
1787438508.0965352,4183.957,0,0,100,2094
1787438509.1245904,4184.985,0,0,100,2094
1787438510.1537619,4186.014,0,0,100,2094
1787438511.1745179,4187.035,0,0,100,2094
1787438512.1958213,4188.056,0,0,100,2094
1787438513.2165828,4189.077,0,0,100,2094
1787438514.236525,4190.097,0,0,99,2094
1787438515.2578535,4191.118,0,0,100,2094
1787438516.2872038,4192.148,0,0,100,2094
1787438517.3183382,4193.179,0,0,100,2094
1787438518.3460617,4194.206,0,0,100,2094
1787438519.3756812,4195.236,0,0,100,2094
1787438520.3956203,4196.256,0,0,100,2094
1787438521.417536,4197.278,0,0,100,2094
1787438522.4388,4198.299,0,0,100,2094
1787438523.4601572,4199.321,0,0,100,2094
1787438524.4895465,4200.35,0,0,100,2094
1787438525.5148654,4201.375,0,0,100,2094
1787438526.541896,4202.402,0,0,100,2094
1787438527.5749838,4203.435,0,0,100,2094
1787438528.5983994,4204.459,0,0,100,2094
1787438529.6181252,4205.479,0,0,100,2094
1787438530.6393945,4206.5,0,0,100,2094
1787438531.663417,4207.524,0,0,100,2094
1787438532.6830273,4208.543,0,0,100,2094
1787438533.71153,4209.572,0,0,100,2094
1787438534.737961,4210.598,0,0,100,2094
1787438535.7642941,4211.625,0,0,100,2094
1787438536.7909653,4212.651,0,0,100,2094
1787438537.8197145,4213.68,0,0,100,2094
1787438538.8493218,4214.71,0,0,100,2094
1787438539.8790433,4215.739,0,0,100,2094
1787438540.905801,4216.766,0,0,99,2094
1787438541.928804,4217.789,0,0,100,2094
1787438542.9505124,4218.811,0,0,99,2094
1787438543.9702477,4219.831,0,0,100,2094
1787438544.9900959,4220.85,0,0,100,2094
1787438546.0113375,4221.872,0,0,100,2094
1787438547.0378022,4222.898,0,0,100,2094
1787438548.0651832,4223.926,0,0,100,2094
1787438549.0971298,4224.958,0,0,100,2094
1787438550.126496,4225.987,0,0,100,2094
1787438551.1478095,4227.008,0,0,100,2094
1787438552.169921,4228.03,0,0,100,2094
1787438553.1914368,4229.052,0,0,99,2094
1787438554.213747,4230.074,0,0,100,2094
1787438555.2446516,4231.105,0,0,100,2094
1787438556.2731314,4232.134,0,0,100,2094
1787438557.2992966,4233.16,0,0,100,2094
1787438558.3295698,4234.19,0,0,100,2094
1787438559.3503861,4235.211,0,0,100,2094
1787438560.3709648,4236.231,0,0,100,2094
1787438561.3911104,4237.252,0,0,100,2094
1787438562.4157515,4238.276,0,0,100,2094
1787438563.4376748,4239.298,0,0,100,2094
1787438564.4667423,4240.327,0,0,100,2094
1787438565.493494,4241.354,0,0,100,2094
1787438566.5219219,4242.382,0,0,100,2094
1787438567.5543213,4243.415,0,0,100,2094
1787438568.5729063,4244.433,0,0,100,2094
1787438569.5944295,4245.455,0,0,100,2094
1787438570.6135147,4246.474,0,0,100,2094
1787438571.6350448,4247.495,0,0,100,2094
1787438572.6627529,4248.523,0,0,99,2094
1787438573.6898005,4249.55,0,0,100,2094
1787438574.7254221,4250.586,0,0,100,2094
1787438575.7556686,4251.616,0,0,100,2094
1787438576.7770998,4252.637,0,0,100,2094
1787438577.7965138,4253.657,0,0,100,2094
1787438578.8187342,4254.679,0,0,100,2094
1787438579.8387012,4255.699,0,0,100,2094
1787438580.859838,4256.72,0,0,100,2094
1787438581.8866894,4257.747,0,0,99,2094
1787438582.9163694,4258.777,0,0,100,2094
1787438583.9435616,4259.804,0,0,100,2094
1787438584.97262,4260.833,0,0,100,2094
1787438585.9943151,4261.855,0,0,100,2094
1787438587.0138662,4262.874,0,0,100,2094
1787438588.0356326,4263.896,0,0,100,2094
1787438589.0568337,4264.917,0,0,100,2094
1787438590.0893884,4265.95,0,0,100,2094
1787438591.1181848,4266.979,0,0,100,2094
1787438592.1480174,4268.008,0,0,99,2094
1787438593.1771224,4269.038,0,0,100,2094
1787438594.1958184,4270.056,0,0,100,2094
1787438595.217538,4271.078,0,0,100,2094
1787438596.2368202,4272.097,0,0,100,2094
1787438597.2563567,4273.117,0,0,100,2094
1787438598.2755075,4274.136,0,0,100,2094
1787438599.3020084,4275.162,0,0,100,2094
1787438600.3287237,4276.189,0,0,100,2094
1787438601.3589323,4277.219,0,0,100,2094
1787438602.3849335,4278.245,0,0,99,2094
1787438603.4041035,4279.265,0,0,100,2094
1787438604.4285989,4280.289,0,0,100,2094
1787438605.4487572,4281.309,0,0,100,2094
1787438606.4709916,4282.331,0,0,100,2094
1787438607.497886,4283.358,0,0,100,2094
1787438608.5298495,4284.39,0,0,100,2094
1787438609.5616972,4285.422,0,0,100,2094
1787438610.5922709,4286.453,0,0,99,2094
1787438611.624078,4287.484,0,0,100,2094
1787438612.6440873,4288.504,0,0,100,2094
1787438613.6642401,4289.525,0,0,100,2094
1787438614.6862817,4290.547,0,0,100,2094
1787438615.7060764,4291.566,0,0,100,2094
1787438616.7320518,4292.592,0,0,100,2094
1787438617.761453,4293.622,0,0,100,2094
1787438618.7889955,4294.649,0,0,99,2094
1787438619.8195314,4295.68,0,0,100,2094
1787438620.840655,4296.701,0,0,99,2094
1787438621.8618,4297.722,0,0,100,2094
1787438622.8816652,4298.742,0,0,100,2094
1787438623.9012892,4299.762,0,0,100,2094
1787438624.9292204,4300.79,0,0,100,2094
1787438625.9606829,4301.821,0,0,100,2094
1787438626.9929092,4302.853,0,0,100,2094
1787438628.0215733,4303.882,0,0,100,2094
1787438629.0477786,4304.908,0,0,100,2094
1787438630.0681324,4305.929,0,0,100,2094
1787438631.0902944,4306.951,0,0,99,2094
1787438632.1113238,4307.972,0,0,100,2094
1787438633.1328049,4308.993,0,0,100,2094
1787438634.1589582,4310.019,0,0,100,2094
1787438635.186011,4311.046,0,0,100,2094
1787438636.214477,4312.075,0,0,100,2094
1787438637.2414966,4313.102,0,0,100,2094
1787438638.2630606,4314.123,0,0,100,2094
1787438639.284325,4315.145,0,0,100,2094
1787438640.3039901,4316.164,0,0,100,2094
1787438641.3257897,4317.186,0,0,100,2094
1787438642.344719,4318.205,0,0,100,2094
1787438643.3639185,4319.224,0,0,100,2094
1787438644.3844936,4320.245,0,0,100,2094
1787438645.405807,4321.266,0,0,100,2094
1787438646.4292254,4322.29,0,0,99,2094
1787438647.4557965,4323.316,0,0,100,2094
1787438648.4827397,4324.343,0,0,100,2094
1787438649.5126204,4325.373,0,0,100,2094
1787438650.5404758,4326.401,0,0,99,2094
1787438651.5621889,4327.423,0,0,100,2094
1787438652.5834143,4328.444,0,0,100,2094
1787438653.6028516,4329.463,0,0,100,2094
1787438654.624692,4330.485,0,0,100,2094
1787438655.651171,4331.512,0,0,99,2094
1787438656.6818197,4332.542,0,0,100,2094
1787438657.7088163,4333.569,0,0,100,2094
1787438658.7418723,4334.602,0,0,100,2094
1787438659.7679186,4335.628,0,0,99,2094
1787438660.7980852,4336.658,0,0,100,2094
1787438661.828746,4337.689,0,0,100,2094
1787438662.862006,4338.722,0,0,100,2094
1787438663.888593,4339.749,0,0,100,2094
1787438664.910025,4340.77,0,0,100,2094
1787438665.931702,4341.792,0,0,100,2094
1787438666.95181,4342.812,0,0,100,2094
1787438667.9733167,4343.834,0,0,100,2094
1787438669.0014136,4344.862,0,0,100,2094
1787438670.033644,4345.894,0,0,99,2094
1787438671.0625982,4346.923,0,0,100,2094
1787438672.0929325,4347.953,0,0,100,2094
1787438673.113676,4348.974,0,0,100,2094
1787438674.1328766,4349.993,0,0,100,2094
1787438675.1528084,4351.013,0,0,100,2094
1787438676.172433,4352.033,0,0,100,2094
1787438677.205594,4353.066,0,0,100,2094
1787438678.2336762,4354.094,0,0,100,2094
1787438679.2619016,4355.122,0,0,100,2094
1787438680.2906342,4356.151,0,0,99,2094
1787438681.3211024,4357.182,0,0,100,2094
1787438682.3505573,4358.211,0,0,100,2094
1787438683.377057,4359.237,0,0,100,2094
1787438684.4035716,4360.264,0,0,100,2094
1787438685.4355838,4361.296,0,0,100,2094
1787438686.4562643,4362.317,0,0,100,2094
1787438687.4759588,4363.336,0,0,100,2094
1787438688.498522,4364.359,0,0,100,2094
1787438689.518316,4365.379,0,0,99,2094
1787438690.547071,4366.407,0,0,100,2094
1787438691.5743954,4367.435,0,0,100,2094
1787438692.604667,4368.465,0,0,100,2094
1787438693.6320598,4369.492,0,0,100,2094
1787438694.6596146,4370.52,0,0,100,2094
1787438695.6804948,4371.541,0,0,100,2094
1787438696.700818,4372.561,0,0,100,2094
1787438697.7217193,4373.582,0,0,100,2094
1787438698.7424116,4374.603,0,0,100,2094
1787438699.7722323,4375.633,0,0,99,2094
1787438700.8022926,4376.663,0,0,100,2094
1787438701.8321052,4377.693,0,0,100,2094
1787438702.862108,4378.723,0,0,100,2094
1787438703.8823853,4379.743,0,0,100,2094
1787438704.9019358,4380.762,0,0,100,2094
1787438705.9216294,4381.782,0,0,100,2094
1787438706.9420812,4382.802,0,0,100,2094
1787438707.9729912,4383.833,0,0,100,2094
1787438708.999426,4384.86,0,0,99,2094
1787438710.0319884,4385.892,0,0,100,2094
1787438711.0606773,4386.921,0,0,100,2094
1787438712.090236,4387.951,0,0,100,2094
1787438713.1134505,4388.974,0,0,100,2094
1787438714.134938,4389.995,0,0,100,2094
1787438715.1554196,4391.016,0,0,100,2094
1787438716.1768968,4392.037,0,0,100,2094
1787438717.2057834,4393.066,0,0,100,2094
1787438718.2341988,4394.095,0,0,100,2094
1787438719.259551,4395.12,0,0,99,2094
1787438720.2884672,4396.149,0,0,100,2094
1787438721.3083446,4397.169,0,0,100,2094
1787438722.326933,4398.187,0,0,100,2094
1787438723.346507,4399.207,0,0,100,2094
1787438724.3685029,4400.229,0,0,100,2094
1787438725.3941844,4401.255,0,0,100,2094
1787438726.4214108,4402.282,0,0,99,2094
1787438727.4484622,4403.309,0,0,100,2094
1787438728.4758873,4404.336,0,0,99,2094
1787438729.503448,4405.364,0,0,100,2094
1787438730.5254285,4406.386,0,0,100,2094
1787438731.5441926,4407.405,0,0,100,2094
1787438732.5644374,4408.425,0,0,100,2094
1787438733.5838082,4409.444,0,0,100,2094
1787438734.6095378,4410.47,0,0,100,2094
1787438735.6385148,4411.499,0,0,100,2094
1787438736.6677282,4412.528,0,0,99,2094
1787438737.696658,4413.557,0,0,100,2094
1787438738.7169816,4414.577,0,0,99,2094
1787438739.736785,4415.597,0,0,100,2094
1787438740.757033,4416.617,0,0,100,2094
1787438741.7776759,4417.638,0,0,100,2094
1787438742.8111148,4418.672,0,0,100,2094
1787438743.837283,4419.698,0,0,100,2094
1787438744.8668058,4420.727,0,0,100,2094
1787438745.8980103,4421.758,0,0,100,2094
1787438746.9249063,4422.785,0,0,100,2094
1787438747.9450078,4423.805,0,0,100,2094
1787438748.9642777,4424.825,0,0,99,2094
1787438749.98614,4425.847,0,0,100,2094
1787438751.0072489,4426.868,0,0,100,2094
1787438752.0347905,4427.895,0,0,100,2094
1787438753.063946,4428.924,0,0,100,2094
1787438754.092538,4429.953,0,0,100,2094
1787438755.119427,4430.98,0,0,100,2094
1787438756.1383872,4431.999,0,0,100,2094
1787438757.159398,4433.02,0,0,100,2094
1787438758.1790822,4434.039,0,0,97,2094
1787438759.1980095,4435.058,0,0,100,2094
1787438760.2193868,4436.08,0,0,100,2094
1787438761.2484736,4437.109,0,0,100,2094
1787438762.2774928,4438.138,0,0,100,2094
1787438763.306971,4439.167,0,0,100,2094
1787438764.3357356,4440.196,0,0,100,2094
1787438765.3567877,4441.217,0,0,100,2094
1787438766.3780632,4442.238,0,0,100,2094
1787438767.397319,4443.258,0,0,100,2094
1787438768.420341,4444.281,0,0,100,2094
1787438769.4391537,4445.3,0,0,100,2094
1787438770.4582043,4446.319,0,0,100,2094
1787438771.4776168,4447.338,0,0,100,2094
1787438772.4979022,4448.358,0,0,100,2094
1787438773.528989,4449.389,0,0,100,2094
1787438774.5549424,4450.415,0,0,100,2094
1787438775.5827022,4451.443,0,0,100,2094
1787438776.6115022,4452.472,0,0,100,2094
1787438777.6443162,4453.505,0,0,100,2094
1787438778.6634474,4454.524,0,0,100,2094
1787438779.6840954,4455.544,0,0,100,2094
1787438780.7045135,4456.565,0,0,100,2094
1787438781.726282,4457.587,0,0,100,2094
1787438782.752627,4458.613,0,0,100,2094
1787438783.7847333,4459.645,0,0,100,2094
1787438784.8142326,4460.675,0,0,100,2094
1787438785.8429482,4461.703,0,0,100,2094
1787438786.8739438,4462.734,0,0,100,2094
1787438787.901583,4463.762,0,0,100,2094
1787438788.9290953,4464.789,0,0,100,2094
1787438789.9595177,4465.82,0,0,100,2094
1787438790.9830132,4466.843,0,0,100,2094
1787438792.0026515,4467.863,0,0,100,2094
1787438793.0228965,4468.883,0,0,100,2094
1787438794.043106,4469.904,0,0,100,2094
1787438795.0628712,4470.923,0,0,100,2094
1787438796.0889034,4471.949,0,0,100,2094
1787438797.117339,4472.978,0,0,100,2094
1787438798.1438105,4474.004,0,0,100,2094
1787438799.1730802,4475.033,0,0,100,2094
